id,kodeToko,createdAt,tokoId,items,tokoNama,catatan,total
"0O6PIaOucUKGnpZxHfIa","K1969","2025-10-20T03:42:18.881Z","IQtU1AxfLTPqglkim04O","[{""hargaPerBox"":118500,""nama"":""CRISPY BALLS COOKIS"",""qtyBox"":1,""total"":118500,""isiPerBox"":40,""productId"":""L0uQuYqgS8Q4smIuyRs4""},{""total"":124800,""nama"":""FRUITY ROLL"",""qtyBox"":1,""isiPerBox"":40,""hargaPerBox"":124800,""productId"":""sKjCtHbEsvTpBhbQOyHB""},{""total"":93500,""isiPerBox"":60,""qtyBox"":1,""hargaPerBox"":93500,""productId"":""R52hO3IOVzVI3PRqPmGP"",""nama"":""MIKI-MIKI DOUBLE CHOCO""},{""isiPerBox"":50,""total"":77500,""qtyBox"":1,""nama"":""NANAS"",""hargaPerBox"":77500,""productId"":""Msk1v54GqR6gX6mqxqGS""},{""hargaPerBox"":77500,""nama"":""SEMANGKA"",""productId"":""k7TnmqAqR1yAmsY042eK"",""isiPerBox"":50,""qtyBox"":1,""total"":77500},{""qtyBox"":1,""hargaPerBox"":97000,""productId"":""QLk1TKlyQAC1EHOPZ7M6"",""nama"":""SUNDAE CHOCOLATE"",""isiPerBox"":24,""total"":97000},{""isiPerBox"":40,""productId"":""bNkl5FX7SlWzgxLhu2Pw"",""qtyBox"":1,""total"":96000,""hargaPerBox"":96000,""nama"":""SWEET CORN""}]","TOKO ANUGERAH","Order dari kunjungan: ","684800"
"0RfqxRSyoExFCMBeAD9T","K1367","2025-10-08T05:20:33.310Z","517lFqCrv4ylnAybXBuH","[{""qtyBox"":1,""isiPerBox"":24,""productId"":""bIHGFn5MHtXpqVeM9enF"",""nama"":""CHOCOMELT CONE"",""total"":97500,""hargaPerBox"":97500},{""total"":110000,""nama"":""COFFE CRISPY"",""qtyBox"":1,""hargaPerBox"":110000,""isiPerBox"":40,""productId"":""BaaVl0Oq2oHnOUy1Cfuw""},{""total"":97500,""qtyBox"":1,""hargaPerBox"":97500,""nama"":""STRAWBERRY CONE"",""isiPerBox"":24,""productId"":""DoKWCzEByEeYXQFxFinE""},{""isiPerBox"":40,""nama"":""STRAWBERRY CRISPY"",""productId"":""4ZGi81slpOycqNbJ8lvW"",""total"":110000,""hargaPerBox"":110000,""qtyBox"":1},{""hargaPerBox"":96000,""qtyBox"":1,""total"":96000,""nama"":""SWEET CORN"",""productId"":""bNkl5FX7SlWzgxLhu2Pw"",""isiPerBox"":40}]","ENDANG SRI WAHYUNI","Order dari kunjungan: ","511000"
"0V8HOS7QnYUK8KPqew22","K0439","2025-10-10T08:23:40.540Z","i3vRFtdn75Z0P1RiyJus","[{""productId"":""F4qHZUhwkEnkGMWDyqIm"",""hargaPerBox"":192000,""qtyBox"":1,""nama"":""3 IN 1"",""isiPerBox"":27,""total"":192000},{""hargaPerBox"":80000,""total"":80000,""nama"":""CHOCO MALT"",""qtyBox"":1,""productId"":""NOHAYE89jzvVJFKZcLFB"",""isiPerBox"":50},{""productId"":""ETb42XTcLpBbcC1aLhcb"",""isiPerBox"":30,""hargaPerBox"":117000,""total"":117000,""qtyBox"":1,""nama"":""CHOCOLATE CRISPY""},{""total"":93500,""isiPerBox"":60,""nama"":""MIKI-MIKI DOUBLE CHOCO"",""productId"":""R52hO3IOVzVI3PRqPmGP"",""qtyBox"":1,""hargaPerBox"":93500},{""nama"":""SWEET CORN"",""isiPerBox"":40,""qtyBox"":1,""productId"":""bNkl5FX7SlWzgxLhu2Pw"",""total"":96000,""hargaPerBox"":96000}]","ALHUSNA MART","Order dari kunjungan:","578500"
"0fO6OqEOOT2aiJ0B2hbu","K1969","2025-10-13T03:20:16.214Z","IQtU1AxfLTPqglkim04O","[{""isiPerBox"":50,""nama"":""CHOCO MALT"",""hargaPerBox"":80000,""productId"":""NOHAYE89jzvVJFKZcLFB"",""qtyBox"":1,""total"":80000},{""total"":93500,""nama"":""MIKI-MIKI"",""hargaPerBox"":93500,""qtyBox"":1,""productId"":""Uu5WSQZmqTLoXc9oxlUj"",""isiPerBox"":60},{""isiPerBox"":40,""total"":92500,""nama"":""MOCHI VANILLA"",""qtyBox"":1,""hargaPerBox"":92500,""productId"":""xJbJEd4mYcSMcB4V4492""},{""total"":97000,""hargaPerBox"":97000,""nama"":""SUNDAE STRAWBERRY"",""isiPerBox"":24,""qtyBox"":1,""productId"":""aok5I2XQHFg2m97mC387""},{""nama"":""SWEET CORN"",""total"":96000,""isiPerBox"":40,""qtyBox"":1,""hargaPerBox"":96000,""productId"":""bNkl5FX7SlWzgxLhu2Pw""}]","TOKO ANUGERAH","Order dari kunjungan:","459000"
"0rQcSX3EkR5kTd4dtBp2","K1500","2025-10-22T06:17:45.087Z","VktFHlWljj8CqZVnsjtM","[{""productId"":""Uu5WSQZmqTLoXc9oxlUj"",""qtyBox"":1,""isiPerBox"":60,""total"":93500,""hargaPerBox"":93500,""nama"":""MIKI-MIKI""},{""isiPerBox"":60,""total"":93500,""hargaPerBox"":93500,""nama"":""MIKI-MIKI DOUBLE CHOCO"",""qtyBox"":1,""productId"":""R52hO3IOVzVI3PRqPmGP""},{""total"":97500,""isiPerBox"":24,""nama"":""STRAWBERRY CONE"",""productId"":""DoKWCzEByEeYXQFxFinE"",""hargaPerBox"":97500,""qtyBox"":1},{""productId"":""QLk1TKlyQAC1EHOPZ7M6"",""isiPerBox"":24,""qtyBox"":1,""nama"":""SUNDAE CHOCOLATE"",""hargaPerBox"":97000,""total"":97000},{""hargaPerBox"":96000,""isiPerBox"":40,""qtyBox"":1,""productId"":""bNkl5FX7SlWzgxLhu2Pw"",""total"":96000,""nama"":""SWEET CORN""}]","TOKO SHERLY","","477500"
"11PnqpkrAXTfz6UFwCRc","K1482","2025-10-08T08:36:16.464Z","Bs2oePYU0B48Em6U0NdQ","[{""qtyBox"":1,""nama"":""CHOCOMELT CONE"",""isiPerBox"":24,""productId"":""bIHGFn5MHtXpqVeM9enF"",""hargaPerBox"":97500,""total"":97500},{""total"":92500,""isiPerBox"":40,""nama"":""MOCHI VANILLA"",""productId"":""xJbJEd4mYcSMcB4V4492"",""hargaPerBox"":92500,""qtyBox"":1},{""nama"":""NANAS"",""qtyBox"":1,""isiPerBox"":50,""hargaPerBox"":77500,""total"":77500,""productId"":""Msk1v54GqR6gX6mqxqGS""},{""isiPerBox"":50,""nama"":""SEMANGKA"",""hargaPerBox"":77500,""qtyBox"":1,""productId"":""k7TnmqAqR1yAmsY042eK"",""total"":77500},{""nama"":""SUNDAE STRAWBERRY"",""isiPerBox"":24,""qtyBox"":1,""total"":97000,""productId"":""aok5I2XQHFg2m97mC387"",""hargaPerBox"":97000},{""isiPerBox"":40,""nama"":""SWEET CORN"",""productId"":""bNkl5FX7SlWzgxLhu2Pw"",""qtyBox"":1,""total"":96000,""hargaPerBox"":96000}]","BERKAH SAFAR","Order dari kunjungan: ","538000"
"1EuNHHEhPZAwB6JDipJa","-","2025-11-13T05:26:28.423Z","BvWPE9XFvPFjtvTQTh8G","[{""productId"":""BaaVl0Oq2oHnOUy1Cfuw"",""total"":110000,""qtyBox"":1,""hargaPerBox"":110000,""isiPerBox"":40,""nama"":""COFFE CRISPY""},{""qtyBox"":1,""isiPerBox"":30,""nama"":""CRISPY BALLS COOKIS"",""total"":118500,""productId"":""L0uQuYqgS8Q4smIuyRs4"",""hargaPerBox"":118500},{""qtyBox"":1,""productId"":""iegvzVPz0yZbNTHzwcj3"",""total"":96000,""isiPerBox"":40,""hargaPerBox"":96000,""nama"":""FRUIZY BLUEBERRY YOGURT""},{""hargaPerBox"":90500,""qtyBox"":1,""nama"":""MANGO SLUSH"",""isiPerBox"":30,""productId"":""xaB42zjrDkGuzdTP7tpO"",""total"":90500},{""nama"":""MIKI-MIKI"",""qtyBox"":1,""hargaPerBox"":93500,""productId"":""Uu5WSQZmqTLoXc9oxlUj"",""isiPerBox"":60,""total"":93500},{""hargaPerBox"":92500,""qtyBox"":1,""nama"":""MOCHI VANILLA"",""productId"":""xJbJEd4mYcSMcB4V4492"",""total"":92500,""isiPerBox"":40},{""isiPerBox"":50,""total"":77500,""qtyBox"":1,""productId"":""k7TnmqAqR1yAmsY042eK"",""hargaPerBox"":77500,""nama"":""SEMANGKA""},{""qtyBox"":1,""isiPerBox"":40,""productId"":""4ZGi81slpOycqNbJ8lvW"",""total"":110000,""hargaPerBox"":110000,""nama"":""STRAWBERRY CRISPY""},{""isiPerBox"":24,""productId"":""QLk1TKlyQAC1EHOPZ7M6"",""nama"":""SUNDAE CHOCOLATE"",""hargaPerBox"":97000,""total"":97000,""qtyBox"":1},{""total"":97000,""nama"":""SUNDAE STRAWBERRY"",""isiPerBox"":24,""productId"":""aok5I2XQHFg2m97mC387"",""hargaPerBox"":97000,""qtyBox"":1},{""hargaPerBox"":96000,""total"":96000,""qtyBox"":1,""nama"":""SWEET CORN"",""productId"":""bNkl5FX7SlWzgxLhu2Pw"",""isiPerBox"":40}]","PP  ALHUSNA 2","","1078500"
"1G1u5F5FaUOdaC2J2gEz","K1916","2025-10-15T04:32:22.000Z","tdeA3VNFi7t8G3VWRUm6","[{""nama"":""CHOCO MALT"",""total"":80000,""productId"":""NOHAYE89jzvVJFKZcLFB"",""qtyBox"":1,""hargaPerBox"":80000,""isiPerBox"":50},{""isiPerBox"":60,""hargaPerBox"":93500,""nama"":""MIKI-MIKI"",""qtyBox"":1,""total"":93500,""productId"":""Uu5WSQZmqTLoXc9oxlUj""},{""qtyBox"":1,""total"":77500,""isiPerBox"":50,""nama"":""NANAS"",""hargaPerBox"":77500,""productId"":""Msk1v54GqR6gX6mqxqGS""},{""nama"":""SUNDAE CHOCOLATE"",""hargaPerBox"":97000,""qtyBox"":1,""productId"":""QLk1TKlyQAC1EHOPZ7M6"",""total"":97000,""isiPerBox"":24},{""isiPerBox"":40,""nama"":""SWEET CORN"",""total"":96000,""qtyBox"":1,""productId"":""bNkl5FX7SlWzgxLhu2Pw"",""hargaPerBox"":96000}]","TOKO SAUDARA","","444000"
"1TdSGUgqxlPeAYpfKmAT","K0511","2025-10-10T04:33:29.674Z","ewv2xw7GgJtJXR8nPfQw","[{""nama"":""2 COLOR"",""productId"":""jJ0aqMzW8XNZeKsXBWuQ"",""total"":92000,""isiPerBox"":40,""hargaPerBox"":92000,""qtyBox"":1},{""total"":80000,""hargaPerBox"":80000,""nama"":""CHOCO MALT"",""productId"":""NOHAYE89jzvVJFKZcLFB"",""isiPerBox"":50,""qtyBox"":1},{""nama"":""COFFE CRISPY"",""isiPerBox"":40,""qtyBox"":1,""total"":110000,""hargaPerBox"":110000,""productId"":""BaaVl0Oq2oHnOUy1Cfuw""},{""qtyBox"":1,""productId"":""L0uQuYqgS8Q4smIuyRs4"",""isiPerBox"":40,""total"":118500,""nama"":""CRISPY BALLS COOKIS"",""hargaPerBox"":118500},{""qtyBox"":1,""isiPerBox"":50,""productId"":""k7TnmqAqR1yAmsY042eK"",""total"":77500,""nama"":""SEMANGKA"",""hargaPerBox"":77500},{""nama"":""SUNDAE CHOCOLATE"",""productId"":""QLk1TKlyQAC1EHOPZ7M6"",""hargaPerBox"":97000,""qtyBox"":1,""isiPerBox"":24,""total"":97000},{""isiPerBox"":24,""nama"":""SUNDAE STRAWBERRY"",""productId"":""aok5I2XQHFg2m97mC387"",""total"":97000,""qtyBox"":1,""hargaPerBox"":97000}]","STICOM","Order dari kunjungan:","672000"
"1VW2SXFnUVIdYFFzzCVI","K1534","2025-10-20T01:46:41.707Z","HsBqJ8NfGtWtPy4dtOUp","[{""total"":117000,""nama"":""CHOCOLATE CRISPY"",""isiPerBox"":30,""qtyBox"":1,""productId"":""ETb42XTcLpBbcC1aLhcb"",""hargaPerBox"":117000},{""total"":118500,""nama"":""CRISPY BALLS COOKIS"",""qtyBox"":1,""isiPerBox"":40,""hargaPerBox"":118500,""productId"":""L0uQuYqgS8Q4smIuyRs4""},{""nama"":""FRUITY ROLL"",""total"":124800,""hargaPerBox"":124800,""productId"":""sKjCtHbEsvTpBhbQOyHB"",""isiPerBox"":40,""qtyBox"":1},{""hargaPerBox"":95000,""qtyBox"":1,""isiPerBox"":40,""nama"":""MILK MELON"",""total"":95000,""productId"":""y44wV7EqlAwgQKUJj38O""},{""nama"":""STRAWBERRY CRISPY"",""qtyBox"":1,""hargaPerBox"":110000,""total"":110000,""productId"":""4ZGi81slpOycqNbJ8lvW"",""isiPerBox"":40},{""productId"":""QLk1TKlyQAC1EHOPZ7M6"",""qtyBox"":1,""nama"":""SUNDAE CHOCOLATE"",""total"":97000,""isiPerBox"":24,""hargaPerBox"":97000},{""hargaPerBox"":97000,""isiPerBox"":24,""total"":97000,""nama"":""SUNDAE STRAWBERRY"",""qtyBox"":1,""productId"":""aok5I2XQHFg2m97mC387""},{""nama"":""SWEET CORN"",""qtyBox"":1,""hargaPerBox"":96000,""total"":96000,""isiPerBox"":40,""productId"":""bNkl5FX7SlWzgxLhu2Pw""}]","TRANSIT MART 2","","855300"
"1cLsxUTGQqEVR5G7VfaX","K0373","2025-10-28T07:40:05.000Z","ImE48v9OEwbSNMRIb16y","[{""isiPerBox"":50,""hargaPerBox"":80000,""nama"":""CHOCO MALT"",""total"":80000,""productId"":""NOHAYE89jzvVJFKZcLFB"",""qtyBox"":1},{""total"":97000,""isiPerBox"":50,""qtyBox"":1,""productId"":""IDeDw8ay7rGfQANXeYLM"",""nama"":""CHOCOLATE STICK (BINGO)"",""hargaPerBox"":97000},{""qtyBox"":1,""productId"":""L0uQuYqgS8Q4smIuyRs4"",""nama"":""CRISPY BALLS COOKIS"",""isiPerBox"":40,""total"":118500,""hargaPerBox"":118500},{""total"":92500,""isiPerBox"":40,""productId"":""EF26XY2EwO1i35LRXuBv"",""nama"":""MOCHI PEACH"",""hargaPerBox"":92500,""qtyBox"":1},{""productId"":""xJbJEd4mYcSMcB4V4492"",""total"":92500,""nama"":""MOCHI VANILLA"",""isiPerBox"":40,""hargaPerBox"":92500,""qtyBox"":1},{""qtyBox"":1,""nama"":""SUNDAE CHOCOLATE"",""hargaPerBox"":97000,""isiPerBox"":24,""total"":97000,""productId"":""QLk1TKlyQAC1EHOPZ7M6""},{""nama"":""TARO CRISPY"",""isiPerBox"":40,""total"":96500,""qtyBox"":1,""productId"":""U3qfJlCyL3zOiNLFUFkb"",""hargaPerBox"":96500},{""total"":115200,""isiPerBox"":48,""nama"":""VANILLA BERRY CONE"",""productId"":""Hzn6DvSXYxLmhtuekqkk"",""qtyBox"":1,""hargaPerBox"":115200}]","MADUN","","789200"
"24UM9K95LZWiG2H9SSOp","K0525","2025-10-23T03:00:02.107Z","IrbkzdFUGCvAzQv01tks","[{""nama"":""FRUIZY BLUEBERRY YOGURT"",""isiPerBox"":40,""hargaPerBox"":96000,""total"":96000,""qtyBox"":1,""productId"":""iegvzVPz0yZbNTHzwcj3""},{""qtyBox"":1,""isiPerBox"":40,""hargaPerBox"":110000,""nama"":""STRAWBERRY CRISPY"",""total"":110000,""productId"":""4ZGi81slpOycqNbJ8lvW""},{""hargaPerBox"":97000,""qtyBox"":1,""productId"":""QLk1TKlyQAC1EHOPZ7M6"",""nama"":""SUNDAE CHOCOLATE"",""isiPerBox"":24,""total"":97000},{""hargaPerBox"":97000,""nama"":""SUNDAE STRAWBERRY"",""isiPerBox"":24,""total"":97000,""productId"":""aok5I2XQHFg2m97mC387"",""qtyBox"":1},{""hargaPerBox"":96000,""nama"":""SWEET CORN"",""productId"":""bNkl5FX7SlWzgxLhu2Pw"",""qtyBox"":1,""isiPerBox"":40,""total"":96000}]","KANTIN SMA AL HIKMAH","Order dari kunjungan: ","496000"
"28KK6TGP4FyPPkIS1HGs","K1656","2025-11-01T03:12:35.111Z","4RrFtYEGtIzcVvzYWaMY","[{""total"":80000,""hargaPerBox"":80000,""nama"":""CHOCO MALT"",""qtyBox"":1,""isiPerBox"":50,""productId"":""NOHAYE89jzvVJFKZcLFB""},{""qtyBox"":1,""hargaPerBox"":97000,""nama"":""CHOCOLATE STICK (BINGO)"",""isiPerBox"":50,""productId"":""IDeDw8ay7rGfQANXeYLM"",""total"":97000},{""hargaPerBox"":118500,""nama"":""CRISPY BALLS ORIGINAL"",""productId"":""kaxtCMx6rMhQn9EbjJAw"",""qtyBox"":1,""isiPerBox"":30,""total"":118500},{""total"":124800,""qtyBox"":1,""hargaPerBox"":124800,""productId"":""sKjCtHbEsvTpBhbQOyHB"",""isiPerBox"":40,""nama"":""FRUITY ROLL""},{""nama"":""MILK MELON"",""productId"":""y44wV7EqlAwgQKUJj38O"",""total"":95000,""hargaPerBox"":95000,""isiPerBox"":40,""qtyBox"":1},{""productId"":""4ZGi81slpOycqNbJ8lvW"",""qtyBox"":1,""hargaPerBox"":110000,""isiPerBox"":40,""nama"":""STRAWBERRY CRISPY"",""total"":110000},{""total"":96000,""isiPerBox"":40,""qtyBox"":1,""hargaPerBox"":96000,""nama"":""SWEET CORN"",""productId"":""bNkl5FX7SlWzgxLhu2Pw""},{""qtyBox"":1,""isiPerBox"":48,""hargaPerBox"":115200,""nama"":""VANILLA BERRY CONE"",""productId"":""Hzn6DvSXYxLmhtuekqkk"",""total"":115200}]","SD IT AL HUSNA PELEMKEREP","Order dari kunjungan: ","836500"
"2JPIEij7iziegGlFsBoA","K1911","2025-10-08T04:52:41.964Z","878SE6zfogSZSvQEzaQC","[{""total"":80000,""isiPerBox"":50,""nama"":""CHOCO MALT"",""productId"":""NOHAYE89jzvVJFKZcLFB"",""qtyBox"":1,""hargaPerBox"":80000},{""productId"":""IDeDw8ay7rGfQANXeYLM"",""total"":97000,""nama"":""CHOCOLATE STICK"",""isiPerBox"":50,""qtyBox"":1,""hargaPerBox"":97000},{""nama"":""FRUIZY GRAPE"",""isiPerBox"":50,""qtyBox"":1,""hargaPerBox"":80000,""productId"":""KtjGECYEwOyqkWM0Iu4E"",""total"":80000},{""nama"":""MIKI-MIKI"",""isiPerBox"":60,""total"":93500,""hargaPerBox"":93500,""qtyBox"":1,""productId"":""Uu5WSQZmqTLoXc9oxlUj""},{""isiPerBox"":40,""productId"":""bNkl5FX7SlWzgxLhu2Pw"",""qtyBox"":1,""nama"":""SWEET CORN"",""hargaPerBox"":96000,""total"":96000}]","TOKO VIANA","Order dari kunjungan:","446500"
"2nFM3lHwy8yP5mf3ZqBU","K0721","2025-10-04T08:07:39.371Z","B432NajzpIiYQHMjsajM","[{""qtyBox"":1,""total"":97500,""hargaPerBox"":97500,""isiPerBox"":24,""productId"":""bIHGFn5MHtXpqVeM9enF"",""nama"":""CHOCOMELT CONE""},{""isiPerBox"":30,""qtyBox"":1,""nama"":""CRISPY BALLS ORIGINAL"",""total"":118500,""hargaPerBox"":118500,""productId"":""kaxtCMx6rMhQn9EbjJAw""},{""hargaPerBox"":78000,""productId"":""N8oPUfk4JcfNuyfZeRcM"",""qtyBox"":1,""total"":78000,""nama"":""JERUK"",""isiPerBox"":50},{""total"":93500,""hargaPerBox"":93500,""productId"":""R52hO3IOVzVI3PRqPmGP"",""qtyBox"":1,""isiPerBox"":60,""nama"":""MIKI-MIKI DOUBLE CHOCO""},{""total"":97000,""nama"":""SUNDAE STRAWBERRY"",""productId"":""aok5I2XQHFg2m97mC387"",""isiPerBox"":24,""hargaPerBox"":97000,""qtyBox"":1}]","ALIYA CELL","","484500"
"2pTUCW4errpR3dHU3SZc","K2008","2025-10-07T08:15:14.478Z","gHbbLlkgBIfTYKv7O0G6","[{""hargaPerBox"":117000,""qtyBox"":1,""isiPerBox"":30,""nama"":""CHOCOLATE CRISPY"",""productId"":""ETb42XTcLpBbcC1aLhcb"",""total"":117000},{""total"":110000,""hargaPerBox"":110000,""isiPerBox"":40,""qtyBox"":1,""productId"":""BaaVl0Oq2oHnOUy1Cfuw"",""nama"":""COFFE CRISPY""},{""isiPerBox"":40,""hargaPerBox"":118500,""productId"":""L0uQuYqgS8Q4smIuyRs4"",""total"":118500,""qtyBox"":1,""nama"":""CRISPY BALLS COOKIS""},{""qtyBox"":1,""hargaPerBox"":96000,""isiPerBox"":40,""total"":96000,""productId"":""iegvzVPz0yZbNTHzwcj3"",""nama"":""FRUIZY BLUEBERRY YOGURT""},{""total"":94500,""nama"":""MOCHI MANGO"",""qtyBox"":1,""isiPerBox"":40,""hargaPerBox"":94500,""productId"":""PnPJnogSXAiytWfTxQWM""},{""isiPerBox"":24,""nama"":""SUNDAE STRAWBERRY"",""hargaPerBox"":97000,""qtyBox"":1,""total"":97000,""productId"":""aok5I2XQHFg2m97mC387""}]","TOSERBA JIWA MART","Order dari kunjungan: ","633000"
"2tTjvHZb26TQrEz1po2v","K2008","2025-10-21T07:58:00.328Z","gHbbLlkgBIfTYKv7O0G6","[{""nama"":""CRISPY BALLS ORIGINAL"",""qtyBox"":1,""isiPerBox"":30,""hargaPerBox"":118500,""total"":118500,""productId"":""kaxtCMx6rMhQn9EbjJAw""},{""hargaPerBox"":90500,""total"":90500,""qtyBox"":1,""productId"":""xaB42zjrDkGuzdTP7tpO"",""isiPerBox"":30,""nama"":""MANGO SLUSH""},{""nama"":""MILK MELON"",""productId"":""y44wV7EqlAwgQKUJj38O"",""hargaPerBox"":95000,""qtyBox"":1,""total"":95000,""isiPerBox"":40},{""hargaPerBox"":92500,""total"":92500,""isiPerBox"":40,""qtyBox"":1,""productId"":""EF26XY2EwO1i35LRXuBv"",""nama"":""MOCHI PEACH""},{""total"":110000,""nama"":""STRAWBERRY CRISPY"",""hargaPerBox"":110000,""qtyBox"":1,""productId"":""4ZGi81slpOycqNbJ8lvW"",""isiPerBox"":40},{""nama"":""SUNDAE CHOCOLATE"",""productId"":""QLk1TKlyQAC1EHOPZ7M6"",""hargaPerBox"":97000,""isiPerBox"":24,""total"":97000,""qtyBox"":1}]","TOSERBA JIWA MART","Order dari kunjungan:","603500"
"35j6Xsz4Ow6OhSZNXmjb","K1127","2025-09-30T17:00:00.000Z","yBsQQkZjVb4f23z50jbC","[{""qtyBox"":1,""nama"":""CHOCO MALT"",""productId"":""NOHAYE89jzvVJFKZcLFB"",""total"":80000,""hargaPerBox"":80000,""isiPerBox"":50},{""total"":93500,""nama"":""MIKI-MIKI DOUBLE CHOCO"",""isiPerBox"":60,""productId"":""R52hO3IOVzVI3PRqPmGP"",""qtyBox"":1,""hargaPerBox"":93500},{""productId"":""bNkl5FX7SlWzgxLhu2Pw"",""nama"":""SWEET CORN"",""qtyBox"":1,""total"":96000,""hargaPerBox"":96000,""isiPerBox"":40}]","ULFA KHASANAH","","269500"
"36SspDTHZYheg706vIfc","K0391","2025-10-27T01:34:17.336Z","j5OQBnhs4A8lXEY9aNI4","[{""isiPerBox"":40,""nama"":""COFFE CRISPY"",""productId"":""BaaVl0Oq2oHnOUy1Cfuw"",""qtyBox"":1,""hargaPerBox"":110000,""total"":110000},{""hargaPerBox"":96000,""qtyBox"":1,""nama"":""FRUIZY BLUEBERRY YOGURT"",""productId"":""iegvzVPz0yZbNTHzwcj3"",""isiPerBox"":40,""total"":96000},{""isiPerBox"":30,""total"":90500,""qtyBox"":1,""hargaPerBox"":90500,""productId"":""xaB42zjrDkGuzdTP7tpO"",""nama"":""MANGO SLUSH""},{""total"":95000,""productId"":""y44wV7EqlAwgQKUJj38O"",""qtyBox"":1,""isiPerBox"":40,""hargaPerBox"":95000,""nama"":""MILK MELON""},{""total"":110000,""isiPerBox"":40,""nama"":""STRAWBERRY CRISPY"",""hargaPerBox"":110000,""qtyBox"":1,""productId"":""4ZGi81slpOycqNbJ8lvW""},{""nama"":""SWEET CORN"",""productId"":""bNkl5FX7SlWzgxLhu2Pw"",""hargaPerBox"":96000,""isiPerBox"":40,""qtyBox"":1,""total"":96000}]","ELLA 2 KANTIN MTS BALEKAMBANG","","597500"
"3Cujf0BYsuYLlqSRlR1N","K0373","2025-10-21T00:10:38.960Z","ImE48v9OEwbSNMRIb16y","[{""total"":92000,""nama"":""2 COLOR"",""qtyBox"":1,""isiPerBox"":40,""hargaPerBox"":92000,""productId"":""jJ0aqMzW8XNZeKsXBWuQ""},{""hargaPerBox"":93500,""productId"":""Uu5WSQZmqTLoXc9oxlUj"",""nama"":""MIKI-MIKI"",""isiPerBox"":60,""qtyBox"":2,""total"":187000},{""qtyBox"":1,""productId"":""R52hO3IOVzVI3PRqPmGP"",""hargaPerBox"":93500,""nama"":""MIKI-MIKI DOUBLE CHOCO"",""isiPerBox"":60,""total"":93500},{""nama"":""MOCHI PEACH"",""isiPerBox"":40,""qtyBox"":1,""hargaPerBox"":92500,""total"":92500,""productId"":""EF26XY2EwO1i35LRXuBv""},{""isiPerBox"":50,""productId"":""k7TnmqAqR1yAmsY042eK"",""nama"":""SEMANGKA"",""total"":77500,""qtyBox"":1,""hargaPerBox"":77500},{""total"":96000,""isiPerBox"":40,""qtyBox"":1,""productId"":""bNkl5FX7SlWzgxLhu2Pw"",""hargaPerBox"":96000,""nama"":""SWEET CORN""}]","MADUN","","638500"
"3JuS4RmlDFlHXbtWpwCE","K0467","2025-10-30T04:32:37.000Z","7xXpzkyryOEVARIJWA8V","[{""qtyBox"":1,""hargaPerBox"":92000,""nama"":""2 COLOR"",""isiPerBox"":40,""productId"":""jJ0aqMzW8XNZeKsXBWuQ"",""total"":92000},{""productId"":""NOHAYE89jzvVJFKZcLFB"",""hargaPerBox"":80000,""total"":80000,""qtyBox"":1,""nama"":""CHOCO MALT"",""isiPerBox"":50},{""hargaPerBox"":97000,""total"":97000,""qtyBox"":1,""isiPerBox"":50,""nama"":""CHOCOLATE STICK (BINGO)"",""productId"":""IDeDw8ay7rGfQANXeYLM""},{""total"":94500,""nama"":""MOCHI MANGO"",""isiPerBox"":40,""qtyBox"":1,""hargaPerBox"":94500,""productId"":""PnPJnogSXAiytWfTxQWM""},{""total"":92500,""isiPerBox"":40,""hargaPerBox"":92500,""qtyBox"":1,""nama"":""MOCHI VANILLA"",""productId"":""xJbJEd4mYcSMcB4V4492""},{""productId"":""Msk1v54GqR6gX6mqxqGS"",""hargaPerBox"":77500,""nama"":""NANAS"",""total"":77500,""qtyBox"":1,""isiPerBox"":50},{""nama"":""SEMANGKA"",""isiPerBox"":50,""hargaPerBox"":77500,""total"":77500,""qtyBox"":1,""productId"":""k7TnmqAqR1yAmsY042eK""},{""total"":96000,""isiPerBox"":40,""nama"":""SWEET CORN"",""qtyBox"":1,""productId"":""bNkl5FX7SlWzgxLhu2Pw"",""hargaPerBox"":96000},{""nama"":""TARO CRISPY"",""isiPerBox"":40,""total"":96500,""qtyBox"":1,""productId"":""U3qfJlCyL3zOiNLFUFkb"",""hargaPerBox"":96500},{""nama"":""VANILLA BERRY CONE"",""qtyBox"":1,""hargaPerBox"":115200,""isiPerBox"":48,""total"":115200,""productId"":""Hzn6DvSXYxLmhtuekqkk""}]","SUKATI","Order dari kunjungan:","918700"
"3ayuoHNWP2EGhoieWXxc","K1982","2025-10-25T04:21:12.849Z","rwANC5lfSRpAKV2HzJBj","[{""nama"":""CHOCOMELT CONE"",""total"":195000,""isiPerBox"":24,""hargaPerBox"":97500,""productId"":""bIHGFn5MHtXpqVeM9enF"",""qtyBox"":2},{""qtyBox"":1,""productId"":""L0uQuYqgS8Q4smIuyRs4"",""total"":118500,""hargaPerBox"":118500,""nama"":""CRISPY BALLS COOKIS"",""isiPerBox"":40},{""isiPerBox"":24,""qtyBox"":1,""nama"":""STRAWBERRY CONE"",""hargaPerBox"":97500,""total"":97500,""productId"":""DoKWCzEByEeYXQFxFinE""},{""nama"":""TARO CRISPY"",""hargaPerBox"":96500,""productId"":""U3qfJlCyL3zOiNLFUFkb"",""qtyBox"":1,""total"":96500,""isiPerBox"":40}]","NUR YONO","","507500"
"3ytdyHdip04zq7asFe61","K0379","2025-11-06T02:08:26.077Z","xp0ZRBc7iUKQ0VDFMW5Y","[{""total"":80000,""hargaPerBox"":80000,""nama"":""CHOCO MALT"",""qtyBox"":1,""productId"":""NOHAYE89jzvVJFKZcLFB"",""isiPerBox"":50},{""productId"":""ETb42XTcLpBbcC1aLhcb"",""qtyBox"":1,""nama"":""CHOCOLATE CRISPY"",""isiPerBox"":30,""total"":117000,""hargaPerBox"":117000},{""total"":194000,""nama"":""SUNDAE CHOCOLATE"",""qtyBox"":2,""isiPerBox"":24,""hargaPerBox"":97000,""productId"":""QLk1TKlyQAC1EHOPZ7M6""},{""isiPerBox"":40,""productId"":""bNkl5FX7SlWzgxLhu2Pw"",""qtyBox"":1,""hargaPerBox"":96000,""nama"":""SWEET CORN"",""total"":96000}]","MBAK YUYUN","","487000"
"42qj2ns38P05patuB0P6","K1923","2025-10-10T10:35:53.443Z","kHooCaS0ksQrVzljSVVi","[{""hargaPerBox"":192000,""total"":192000,""qtyBox"":1,""isiPerBox"":27,""productId"":""F4qHZUhwkEnkGMWDyqIm"",""nama"":""3 IN 1""},{""nama"":""CHOCO MALT"",""total"":80000,""qtyBox"":1,""hargaPerBox"":80000,""isiPerBox"":50,""productId"":""NOHAYE89jzvVJFKZcLFB""},{""isiPerBox"":30,""total"":118500,""qtyBox"":1,""productId"":""kaxtCMx6rMhQn9EbjJAw"",""hargaPerBox"":118500,""nama"":""CRISPY BALLS ORIGINAL""},{""total"":77500,""isiPerBox"":50,""qtyBox"":1,""productId"":""k7TnmqAqR1yAmsY042eK"",""hargaPerBox"":77500,""nama"":""SEMANGKA""},{""total"":110000,""nama"":""STRAWBERRY CRISPY"",""qtyBox"":1,""productId"":""4ZGi81slpOycqNbJ8lvW"",""hargaPerBox"":110000,""isiPerBox"":40},{""qtyBox"":1,""productId"":""QLk1TKlyQAC1EHOPZ7M6"",""hargaPerBox"":97000,""total"":97000,""isiPerBox"":24,""nama"":""SUNDAE CHOCOLATE""}]","WAKHIDATUS SHOLEKHAH","","675000"
"4Oo7eVY44kQNpDc7g4mV","K0526","2025-10-16T04:39:06.624Z","sSufgeU8YIyZrAOZbEO6","[{""productId"":""bIHGFn5MHtXpqVeM9enF"",""qtyBox"":1,""nama"":""CHOCOMELT CONE"",""hargaPerBox"":97500,""total"":97500,""isiPerBox"":24},{""qtyBox"":1,""productId"":""sKjCtHbEsvTpBhbQOyHB"",""nama"":""FRUITY ROLL"",""isiPerBox"":40,""total"":124800,""hargaPerBox"":124800},{""total"":96000,""productId"":""iegvzVPz0yZbNTHzwcj3"",""qtyBox"":1,""isiPerBox"":40,""nama"":""FRUIZY BLUEBERRY YOGURT"",""hargaPerBox"":96000},{""productId"":""R52hO3IOVzVI3PRqPmGP"",""isiPerBox"":60,""qtyBox"":1,""total"":93500,""hargaPerBox"":93500,""nama"":""MIKI-MIKI DOUBLE CHOCO""},{""total"":92500,""nama"":""MOCHI BANANA"",""isiPerBox"":40,""hargaPerBox"":92500,""qtyBox"":1,""productId"":""czThQD5TNzChwlsAr7ds""},{""nama"":""NANAS"",""qtyBox"":1,""isiPerBox"":50,""productId"":""Msk1v54GqR6gX6mqxqGS"",""total"":77500,""hargaPerBox"":77500},{""total"":77500,""isiPerBox"":50,""productId"":""k7TnmqAqR1yAmsY042eK"",""nama"":""SEMANGKA"",""hargaPerBox"":77500,""qtyBox"":1},{""productId"":""4ZGi81slpOycqNbJ8lvW"",""isiPerBox"":40,""hargaPerBox"":110000,""qtyBox"":1,""total"":110000,""nama"":""STRAWBERRY CRISPY""},{""hargaPerBox"":97000,""total"":97000,""nama"":""SUNDAE CHOCOLATE"",""qtyBox"":1,""productId"":""QLk1TKlyQAC1EHOPZ7M6"",""isiPerBox"":24}]","SISWANTO","Order dari kunjungan: ","866300"
"4YBzOpPo4tSbhsfkcio1","K1911","2025-10-22T05:36:55.077Z","878SE6zfogSZSvQEzaQC","[{""hargaPerBox"":117000,""qtyBox"":1,""total"":117000,""productId"":""ETb42XTcLpBbcC1aLhcb"",""nama"":""CHOCOLATE CRISPY"",""isiPerBox"":30},{""isiPerBox"":40,""nama"":""COFFE CRISPY"",""qtyBox"":1,""total"":110000,""hargaPerBox"":110000,""productId"":""BaaVl0Oq2oHnOUy1Cfuw""},{""isiPerBox"":60,""qtyBox"":1,""total"":93500,""nama"":""MIKI-MIKI DOUBLE CHOCO"",""hargaPerBox"":93500,""productId"":""R52hO3IOVzVI3PRqPmGP""},{""hargaPerBox"":77500,""total"":77500,""qtyBox"":1,""nama"":""NANAS"",""isiPerBox"":50,""productId"":""Msk1v54GqR6gX6mqxqGS""},{""nama"":""SUNDAE CHOCOLATE"",""hargaPerBox"":97000,""isiPerBox"":24,""productId"":""QLk1TKlyQAC1EHOPZ7M6"",""qtyBox"":1,""total"":97000}]","TOKO VIANA","Order dari kunjungan:","495000"
"50819ATcO5tjeZzHtMTz","K0502","2025-11-08T03:26:19.000Z","prsjnt4eZWb4sKtsXAOd","[{""total"":92000,""qtyBox"":1,""hargaPerBox"":92000,""productId"":""jJ0aqMzW8XNZeKsXBWuQ"",""isiPerBox"":40,""nama"":""2 COLOR""},{""hargaPerBox"":90500,""productId"":""xaB42zjrDkGuzdTP7tpO"",""isiPerBox"":30,""qtyBox"":1,""nama"":""MANGO SLUSH"",""total"":90500},{""productId"":""QLk1TKlyQAC1EHOPZ7M6"",""total"":194000,""qtyBox"":2,""nama"":""SUNDAE CHOCOLATE"",""hargaPerBox"":97000,""isiPerBox"":24},{""productId"":""bNkl5FX7SlWzgxLhu2Pw"",""qtyBox"":1,""nama"":""SWEET CORN"",""isiPerBox"":40,""hargaPerBox"":96000,""total"":96000}]","DEWI","Order dari kunjungan:","472500"
"5V764PzajyVALeZIoxH2","K1788","2025-10-21T03:15:40.842Z","ebebnNTVsoHmjsVzpaxp","[{""isiPerBox"":50,""total"":160000,""hargaPerBox"":80000,""productId"":""NOHAYE89jzvVJFKZcLFB"",""nama"":""CHOCO MALT"",""qtyBox"":2},{""isiPerBox"":50,""qtyBox"":1,""hargaPerBox"":78000,""productId"":""N8oPUfk4JcfNuyfZeRcM"",""nama"":""JERUK"",""total"":78000},{""qtyBox"":1,""isiPerBox"":50,""productId"":""Msk1v54GqR6gX6mqxqGS"",""nama"":""NANAS"",""total"":77500,""hargaPerBox"":77500},{""nama"":""SEMANGKA"",""total"":77500,""productId"":""k7TnmqAqR1yAmsY042eK"",""hargaPerBox"":77500,""isiPerBox"":50,""qtyBox"":1}]","SD 3 BUARAN","Order dari kunjungan: ","393000"
"5XTEz2ZaiIS3LG7d1YBN","K1298","2025-11-07T09:18:56.569Z","LjHKUWJDhaxyFOLArIdi","[{""isiPerBox"":40,""hargaPerBox"":110000,""qtyBox"":1,""total"":110000,""nama"":""COFFE CRISPY"",""productId"":""BaaVl0Oq2oHnOUy1Cfuw""},{""qtyBox"":1,""total"":90500,""hargaPerBox"":90500,""nama"":""MANGO SLUSH"",""productId"":""xaB42zjrDkGuzdTP7tpO"",""isiPerBox"":30},{""qtyBox"":1,""hargaPerBox"":110000,""isiPerBox"":40,""total"":110000,""nama"":""STRAWBERRY CRISPY"",""productId"":""4ZGi81slpOycqNbJ8lvW""},{""qtyBox"":2,""total"":194000,""isiPerBox"":24,""productId"":""QLk1TKlyQAC1EHOPZ7M6"",""nama"":""SUNDAE CHOCOLATE"",""hargaPerBox"":97000},{""nama"":""SWEET CORN"",""productId"":""bNkl5FX7SlWzgxLhu2Pw"",""hargaPerBox"":96000,""qtyBox"":1,""total"":96000,""isiPerBox"":40}]","SAMI JF MART","","600500"
"5fq55tdRImELUOR3fWmB","K0503","2025-10-18T03:21:57.693Z","AkprBUTUqD1gZOpeqLQy","[{""qtyBox"":1,""hargaPerBox"":80000,""productId"":""NOHAYE89jzvVJFKZcLFB"",""isiPerBox"":50,""total"":80000,""nama"":""CHOCO MALT""},{""hargaPerBox"":97500,""nama"":""CHOCOMELT CONE"",""isiPerBox"":24,""qtyBox"":1,""productId"":""bIHGFn5MHtXpqVeM9enF"",""total"":97500},{""productId"":""iegvzVPz0yZbNTHzwcj3"",""qtyBox"":1,""total"":96000,""nama"":""FRUIZY BLUEBERRY YOGURT"",""hargaPerBox"":96000,""isiPerBox"":40},{""productId"":""N8oPUfk4JcfNuyfZeRcM"",""total"":78000,""isiPerBox"":50,""nama"":""JERUK"",""qtyBox"":1,""hargaPerBox"":78000},{""productId"":""R52hO3IOVzVI3PRqPmGP"",""hargaPerBox"":93500,""isiPerBox"":60,""qtyBox"":1,""nama"":""MIKI-MIKI DOUBLE CHOCO"",""total"":93500},{""isiPerBox"":50,""total"":77500,""qtyBox"":1,""nama"":""NANAS"",""hargaPerBox"":77500,""productId"":""Msk1v54GqR6gX6mqxqGS""},{""hargaPerBox"":77500,""isiPerBox"":50,""nama"":""SEMANGKA"",""qtyBox"":1,""total"":77500,""productId"":""k7TnmqAqR1yAmsY042eK""},{""total"":97500,""nama"":""STRAWBERRY CONE"",""isiPerBox"":24,""qtyBox"":1,""productId"":""DoKWCzEByEeYXQFxFinE"",""hargaPerBox"":97500},{""hargaPerBox"":110000,""productId"":""4ZGi81slpOycqNbJ8lvW"",""nama"":""STRAWBERRY CRISPY"",""total"":110000,""qtyBox"":1,""isiPerBox"":40},{""qtyBox"":1,""total"":97000,""isiPerBox"":24,""hargaPerBox"":97000,""nama"":""SUNDAE CHOCOLATE"",""productId"":""QLk1TKlyQAC1EHOPZ7M6""},{""total"":96000,""productId"":""bNkl5FX7SlWzgxLhu2Pw"",""qtyBox"":1,""isiPerBox"":40,""hargaPerBox"":96000,""nama"":""SWEET CORN""}]","AMIN","Order dari kunjungan:","1000500"
"5xbyfwgfbxah2SURSJIS","K1649","2025-10-06T10:00:41.542Z","LrDGivjSfm58oJ7eILXz","[{""total"":110000,""isiPerBox"":40,""nama"":""COFFE CRISPY"",""productId"":""BaaVl0Oq2oHnOUy1Cfuw"",""hargaPerBox"":110000,""qtyBox"":1},{""nama"":""MIKI-MIKI DOUBLE CHOCO"",""total"":93500,""isiPerBox"":60,""hargaPerBox"":93500,""productId"":""R52hO3IOVzVI3PRqPmGP"",""qtyBox"":1},{""qtyBox"":1,""isiPerBox"":50,""productId"":""k7TnmqAqR1yAmsY042eK"",""nama"":""SEMANGKA"",""hargaPerBox"":77500,""total"":77500},{""isiPerBox"":24,""total"":97500,""nama"":""STRAWBERRY CONE"",""productId"":""DoKWCzEByEeYXQFxFinE"",""hargaPerBox"":97500,""qtyBox"":1},{""nama"":""SWEET CORN"",""qtyBox"":1,""isiPerBox"":40,""total"":96000,""productId"":""bNkl5FX7SlWzgxLhu2Pw"",""hargaPerBox"":96000}]","WARUNG MADURA AL AMIN 2","","474500"
"5xqeZDElvd8ZzrQn8E0L","K1334","2025-11-12T07:14:44.873Z","xXcBnRjwrKPQNBumnzm6","[{""total"":97000,""qtyBox"":1,""isiPerBox"":50,""nama"":""CHOCOLATE STICK (BINGO)"",""hargaPerBox"":97000,""productId"":""IDeDw8ay7rGfQANXeYLM""},{""qtyBox"":1,""productId"":""xaB42zjrDkGuzdTP7tpO"",""total"":90500,""isiPerBox"":30,""nama"":""MANGO SLUSH"",""hargaPerBox"":90500},{""isiPerBox"":50,""total"":77500,""nama"":""NANAS"",""qtyBox"":1,""productId"":""Msk1v54GqR6gX6mqxqGS"",""hargaPerBox"":77500},{""isiPerBox"":50,""hargaPerBox"":77500,""nama"":""SEMANGKA"",""total"":77500,""productId"":""k7TnmqAqR1yAmsY042eK"",""qtyBox"":1},{""nama"":""STRAWBERRY CONE"",""total"":97500,""isiPerBox"":24,""productId"":""DoKWCzEByEeYXQFxFinE"",""qtyBox"":1,""hargaPerBox"":97500}]","MASRUKIN","Order dari kunjungan: ","440000"
"6dMtn5DK3ZCkLYNZbrL9","K0526","2025-10-30T04:14:03.839Z","sSufgeU8YIyZrAOZbEO6","[{""qtyBox"":1,""isiPerBox"":40,""total"":92000,""productId"":""jJ0aqMzW8XNZeKsXBWuQ"",""nama"":""2 COLOR"",""hargaPerBox"":92000},{""qtyBox"":1,""total"":80000,""productId"":""NOHAYE89jzvVJFKZcLFB"",""hargaPerBox"":80000,""isiPerBox"":50,""nama"":""CHOCO MALT""},{""productId"":""BaaVl0Oq2oHnOUy1Cfuw"",""hargaPerBox"":110000,""nama"":""COFFE CRISPY"",""total"":110000,""isiPerBox"":40,""qtyBox"":1},{""productId"":""y44wV7EqlAwgQKUJj38O"",""hargaPerBox"":95000,""nama"":""MILK MELON"",""total"":95000,""qtyBox"":1,""isiPerBox"":40},{""total"":97000,""isiPerBox"":24,""qtyBox"":1,""hargaPerBox"":97000,""nama"":""SUNDAE CHOCOLATE"",""productId"":""QLk1TKlyQAC1EHOPZ7M6""},{""productId"":""bNkl5FX7SlWzgxLhu2Pw"",""total"":96000,""qtyBox"":1,""hargaPerBox"":96000,""nama"":""SWEET CORN"",""isiPerBox"":40},{""nama"":""TARO CRISPY"",""hargaPerBox"":96500,""productId"":""U3qfJlCyL3zOiNLFUFkb"",""qtyBox"":1,""isiPerBox"":40,""total"":96500},{""nama"":""VANILLA BERRY CONE"",""qtyBox"":1,""total"":115200,""hargaPerBox"":115200,""isiPerBox"":48,""productId"":""Hzn6DvSXYxLmhtuekqkk""}]","SISWANTO","Order dari kunjungan: ","781700"
"79voc5Hro4WEaFP7fNaw","K0379","2025-09-30T17:00:00.000Z","xp0ZRBc7iUKQ0VDFMW5Y","[{""isiPerBox"":50,""hargaPerBox"":80000,""productId"":""NOHAYE89jzvVJFKZcLFB"",""qtyBox"":1,""nama"":""CHOCO MALT"",""total"":80000},{""nama"":""CHOCOLATE CRISPY"",""qtyBox"":1,""total"":117000,""productId"":""ETb42XTcLpBbcC1aLhcb"",""hargaPerBox"":117000,""isiPerBox"":30},{""qtyBox"":1,""nama"":""SEMANGKA"",""isiPerBox"":50,""total"":77500,""hargaPerBox"":77500,""productId"":""k7TnmqAqR1yAmsY042eK""},{""isiPerBox"":24,""productId"":""QLk1TKlyQAC1EHOPZ7M6"",""total"":97000,""qtyBox"":1,""hargaPerBox"":97000,""nama"":""SUNDAE CHOCOLATE""},{""isiPerBox"":40,""nama"":""SWEET CORN"",""qtyBox"":1,""productId"":""bNkl5FX7SlWzgxLhu2Pw"",""hargaPerBox"":96000,""total"":96000}]","MBAK YUYUN","","467500"
"7BIzxO9sMXUs8UjCDHNZ","K1928","2025-11-13T02:46:22.749Z","gTE9rpKizzrf2b3XMEkU","[{""hargaPerBox"":118500,""isiPerBox"":30,""total"":118500,""qtyBox"":1,""productId"":""L0uQuYqgS8Q4smIuyRs4"",""nama"":""CRISPY BALLS COOKIS""},{""isiPerBox"":50,""total"":78000,""hargaPerBox"":78000,""productId"":""N8oPUfk4JcfNuyfZeRcM"",""nama"":""JERUK"",""qtyBox"":1},{""nama"":""MIKI-MIKI DOUBLE CHOCO"",""isiPerBox"":60,""productId"":""R52hO3IOVzVI3PRqPmGP"",""hargaPerBox"":93500,""qtyBox"":1,""total"":93500},{""isiPerBox"":50,""nama"":""SEMANGKA"",""qtyBox"":1,""productId"":""k7TnmqAqR1yAmsY042eK"",""total"":77500,""hargaPerBox"":77500},{""qtyBox"":1,""total"":96000,""productId"":""bNkl5FX7SlWzgxLhu2Pw"",""hargaPerBox"":96000,""isiPerBox"":40,""nama"":""SWEET CORN""}]","MI ASSALAM SINGOROJO","","463500"
"7C6PcuMTVWHa5QeT7Aw8","K0676","2025-11-07T05:29:19.278Z","W5T0mkGuUhrS8Xv4nxtZ","[{""qtyBox"":1,""total"":97000,""nama"":""CHOCOLATE STICK (BINGO)"",""productId"":""IDeDw8ay7rGfQANXeYLM"",""isiPerBox"":50,""hargaPerBox"":97000},{""isiPerBox"":50,""total"":78000,""qtyBox"":1,""nama"":""JERUK"",""productId"":""N8oPUfk4JcfNuyfZeRcM"",""hargaPerBox"":78000},{""qtyBox"":1,""productId"":""Msk1v54GqR6gX6mqxqGS"",""total"":77500,""hargaPerBox"":77500,""nama"":""NANAS"",""isiPerBox"":50},{""productId"":""QLk1TKlyQAC1EHOPZ7M6"",""nama"":""SUNDAE CHOCOLATE"",""hargaPerBox"":97000,""qtyBox"":1,""total"":97000,""isiPerBox"":24},{""hargaPerBox"":96000,""nama"":""SWEET CORN"",""productId"":""bNkl5FX7SlWzgxLhu2Pw"",""isiPerBox"":40,""total"":96000,""qtyBox"":1},{""total"":115200,""hargaPerBox"":115200,""nama"":""VANILLA BERRY CONE"",""qtyBox"":1,""productId"":""Hzn6DvSXYxLmhtuekqkk"",""isiPerBox"":48}]","SUDARTO","Order dari kunjungan: ","560700"
"7CyTeOiBuHuG473j6vEL","K1498","2025-10-04T07:06:32.245Z","7l4t8ictEySaPyXnKMDa","[{""isiPerBox"":40,""total"":118500,""hargaPerBox"":118500,""productId"":""L0uQuYqgS8Q4smIuyRs4"",""qtyBox"":1,""nama"":""CRISPY BALLS COOKIS""},{""qtyBox"":1,""total"":93500,""hargaPerBox"":93500,""nama"":""MIKI-MIKI"",""isiPerBox"":60,""productId"":""Uu5WSQZmqTLoXc9oxlUj""},{""qtyBox"":1,""total"":93500,""nama"":""MIKI-MIKI DOUBLE CHOCO"",""isiPerBox"":60,""hargaPerBox"":93500,""productId"":""R52hO3IOVzVI3PRqPmGP""},{""total"":97000,""nama"":""SUNDAE STRAWBERRY"",""qtyBox"":1,""hargaPerBox"":97000,""productId"":""aok5I2XQHFg2m97mC387"",""isiPerBox"":24},{""hargaPerBox"":96000,""isiPerBox"":40,""productId"":""bNkl5FX7SlWzgxLhu2Pw"",""nama"":""SWEET CORN"",""total"":96000,""qtyBox"":1}]","RATU WALI","","498500"
"7L80dDGwuR4CJbPY4Bj3","K1599","2025-10-27T17:00:00.000Z","S3sXgtgCOOvXYK2lhUtV","[{""total"":80000,""nama"":""CHOCO MALT"",""isiPerBox"":50,""qtyBox"":1,""hargaPerBox"":80000,""productId"":""NOHAYE89jzvVJFKZcLFB""},{""productId"":""IDeDw8ay7rGfQANXeYLM"",""isiPerBox"":50,""hargaPerBox"":97000,""total"":97000,""qtyBox"":1,""nama"":""CHOCOLATE STICK (BINGO)""},{""hargaPerBox"":118500,""nama"":""CRISPY BALLS COOKIS"",""isiPerBox"":40,""productId"":""L0uQuYqgS8Q4smIuyRs4"",""qtyBox"":1,""total"":118500},{""productId"":""R52hO3IOVzVI3PRqPmGP"",""total"":93500,""hargaPerBox"":93500,""isiPerBox"":60,""nama"":""MIKI-MIKI DOUBLE CHOCO"",""qtyBox"":1},{""productId"":""xJbJEd4mYcSMcB4V4492"",""isiPerBox"":40,""hargaPerBox"":92500,""qtyBox"":1,""total"":92500,""nama"":""MOCHI VANILLA""},{""isiPerBox"":50,""qtyBox"":1,""total"":77500,""nama"":""SEMANGKA"",""hargaPerBox"":77500,""productId"":""k7TnmqAqR1yAmsY042eK""},{""total"":97000,""productId"":""QLk1TKlyQAC1EHOPZ7M6"",""isiPerBox"":24,""nama"":""SUNDAE CHOCOLATE"",""hargaPerBox"":97000,""qtyBox"":1},{""productId"":""bNkl5FX7SlWzgxLhu2Pw"",""hargaPerBox"":96000,""nama"":""SWEET CORN"",""qtyBox"":2,""total"":192000,""isiPerBox"":40},{""productId"":""Hzn6DvSXYxLmhtuekqkk"",""total"":115200,""nama"":""VANILLA BERRY CONE"",""qtyBox"":1,""hargaPerBox"":115200,""isiPerBox"":48}]","TOKO ZUMAEROH","Order dari kunjungan:","963200"
"7O0Oj3ziALzK8Io0Ps3F","K1498","2025-11-02T04:38:19.000Z","7l4t8ictEySaPyXnKMDa","[{""isiPerBox"":40,""nama"":""2 COLOR"",""qtyBox"":1,""hargaPerBox"":92000,""productId"":""jJ0aqMzW8XNZeKsXBWuQ"",""total"":92000},{""total"":118500,""hargaPerBox"":118500,""isiPerBox"":40,""nama"":""CRISPY BALLS COOKIS"",""qtyBox"":1,""productId"":""L0uQuYqgS8Q4smIuyRs4""},{""hargaPerBox"":97000,""total"":97000,""qtyBox"":1,""productId"":""QLk1TKlyQAC1EHOPZ7M6"",""nama"":""SUNDAE CHOCOLATE"",""isiPerBox"":24},{""qtyBox"":1,""isiPerBox"":40,""productId"":""bNkl5FX7SlWzgxLhu2Pw"",""nama"":""SWEET CORN"",""total"":96000,""hargaPerBox"":96000},{""isiPerBox"":48,""total"":115200,""nama"":""VANILLA BERRY CONE"",""hargaPerBox"":115200,""qtyBox"":1,""productId"":""Hzn6DvSXYxLmhtuekqkk""}]","RATU WALI","Order dari kunjungan:","518700"
"7TcojNOWPFovoViFHC5l","K1298","2025-10-02T08:11:32.794Z","LjHKUWJDhaxyFOLArIdi","[{""hargaPerBox"":92000,""qtyBox"":1,""nama"":""2 COLOR"",""total"":92000,""isiPerBox"":40,""productId"":""jJ0aqMzW8XNZeKsXBWuQ""},{""productId"":""ETb42XTcLpBbcC1aLhcb"",""qtyBox"":2,""nama"":""CHOCOLATE CRISPY"",""isiPerBox"":30,""total"":234000,""hargaPerBox"":117000},{""nama"":""CHOCOMELT CONE"",""productId"":""bIHGFn5MHtXpqVeM9enF"",""isiPerBox"":24,""qtyBox"":1,""total"":97500,""hargaPerBox"":97500},{""total"":93500,""productId"":""Uu5WSQZmqTLoXc9oxlUj"",""hargaPerBox"":93500,""qtyBox"":1,""nama"":""MIKI-MIKI"",""isiPerBox"":60},{""nama"":""MOCHI KLEPON"",""hargaPerBox"":94500,""isiPerBox"":40,""total"":94500,""qtyBox"":1,""productId"":""bo7uoDBVttrD7nfgPod8""},{""nama"":""MOCHI VANILLA"",""isiPerBox"":40,""total"":92500,""productId"":""xJbJEd4mYcSMcB4V4492"",""qtyBox"":1,""hargaPerBox"":92500},{""nama"":""SUNDAE CHOCOLATE"",""productId"":""QLk1TKlyQAC1EHOPZ7M6"",""total"":194000,""isiPerBox"":24,""hargaPerBox"":97000,""qtyBox"":2},{""total"":194000,""qtyBox"":2,""nama"":""SUNDAE STRAWBERRY"",""hargaPerBox"":97000,""productId"":""aok5I2XQHFg2m97mC387"",""isiPerBox"":24},{""hargaPerBox"":96000,""isiPerBox"":40,""productId"":""bNkl5FX7SlWzgxLhu2Pw"",""nama"":""SWEET CORN"",""total"":96000,""qtyBox"":1},{""productId"":""U3qfJlCyL3zOiNLFUFkb"",""qtyBox"":2,""total"":193000,""nama"":""TARO CRISPY"",""hargaPerBox"":96500,""isiPerBox"":40}]","SAMI JF MART","","1381000"
"7nVVKUwStlwT7pqTVQvd","K0512","2025-11-08T07:04:13.000Z","jVJBm18ggKRwQ9dO6sPu","[{""isiPerBox"":50,""total"":97000,""qtyBox"":1,""nama"":""CHOCOLATE STICK (BINGO)"",""productId"":""IDeDw8ay7rGfQANXeYLM"",""hargaPerBox"":97000},{""qtyBox"":1,""productId"":""bIHGFn5MHtXpqVeM9enF"",""total"":97500,""isiPerBox"":24,""hargaPerBox"":97500,""nama"":""CHOCOMELT CONE""},{""total"":118500,""nama"":""CRISPY BALLS COOKIS"",""qtyBox"":1,""productId"":""L0uQuYqgS8Q4smIuyRs4"",""isiPerBox"":40,""hargaPerBox"":118500},{""isiPerBox"":40,""total"":96000,""qtyBox"":1,""hargaPerBox"":96000,""nama"":""FRUIZY BLUEBERRY YOGURT"",""productId"":""iegvzVPz0yZbNTHzwcj3""},{""qtyBox"":1,""productId"":""Msk1v54GqR6gX6mqxqGS"",""total"":77500,""isiPerBox"":50,""hargaPerBox"":77500,""nama"":""NANAS""},{""qtyBox"":1,""total"":97000,""isiPerBox"":24,""productId"":""QLk1TKlyQAC1EHOPZ7M6"",""hargaPerBox"":97000,""nama"":""SUNDAE CHOCOLATE""},{""isiPerBox"":40,""nama"":""SWEET CORN"",""qtyBox"":1,""productId"":""bNkl5FX7SlWzgxLhu2Pw"",""total"":96000,""hargaPerBox"":96000}]","MUSYAFAK","Order dari kunjungan:","679500"
"7tQlCTqCFKXVxXer3I6H","K1482","2025-11-09T01:46:46.844Z","Bs2oePYU0B48Em6U0NdQ","[{""hargaPerBox"":80000,""nama"":""CHOCO MALT"",""qtyBox"":1,""isiPerBox"":50,""productId"":""NOHAYE89jzvVJFKZcLFB"",""total"":80000},{""isiPerBox"":24,""productId"":""bIHGFn5MHtXpqVeM9enF"",""qtyBox"":1,""hargaPerBox"":97500,""nama"":""CHOCOMELT CONE"",""total"":97500},{""qtyBox"":1,""total"":93500,""isiPerBox"":60,""hargaPerBox"":93500,""nama"":""MIKI-MIKI"",""productId"":""Uu5WSQZmqTLoXc9oxlUj""},{""hargaPerBox"":77500,""productId"":""k7TnmqAqR1yAmsY042eK"",""nama"":""SEMANGKA"",""qtyBox"":1,""total"":77500,""isiPerBox"":50},{""total"":97000,""productId"":""aok5I2XQHFg2m97mC387"",""nama"":""SUNDAE STRAWBERRY"",""qtyBox"":1,""isiPerBox"":24,""hargaPerBox"":97000},{""hargaPerBox"":96000,""productId"":""bNkl5FX7SlWzgxLhu2Pw"",""total"":96000,""isiPerBox"":40,""nama"":""SWEET CORN"",""qtyBox"":1}]","BERKAH SAFAR","","541500"
"8CsXEhxfa7pTi2uCOFFU","K1352","2025-11-04T08:01:43.993Z","OBIPITnGgdtvp0zkVSIL","[{""hargaPerBox"":97000,""nama"":""CHOCOLATE STICK (BINGO)"",""productId"":""IDeDw8ay7rGfQANXeYLM"",""qtyBox"":1,""isiPerBox"":50,""total"":97000},{""total"":118500,""isiPerBox"":30,""qtyBox"":1,""productId"":""kaxtCMx6rMhQn9EbjJAw"",""nama"":""CRISPY BALLS ORIGINAL"",""hargaPerBox"":118500},{""nama"":""NANAS"",""isiPerBox"":50,""hargaPerBox"":77500,""productId"":""Msk1v54GqR6gX6mqxqGS"",""total"":77500,""qtyBox"":1},{""productId"":""QLk1TKlyQAC1EHOPZ7M6"",""nama"":""SUNDAE CHOCOLATE"",""hargaPerBox"":97000,""isiPerBox"":24,""qtyBox"":1,""total"":97000},{""hargaPerBox"":115200,""productId"":""Hzn6DvSXYxLmhtuekqkk"",""nama"":""VANILLA BERRY CONE"",""total"":115200,""qtyBox"":1,""isiPerBox"":48}]","MUSTAQIM","Order dari kunjungan: ","505200"
"8qjJxTU3WS6JN09ABO8p","K1928","2025-10-15T03:58:34.000Z","gTE9rpKizzrf2b3XMEkU","[{""hargaPerBox"":92000,""qtyBox"":1,""isiPerBox"":40,""nama"":""2 COLOR"",""total"":92000,""productId"":""jJ0aqMzW8XNZeKsXBWuQ""},{""productId"":""NOHAYE89jzvVJFKZcLFB"",""total"":80000,""qtyBox"":1,""hargaPerBox"":80000,""isiPerBox"":50,""nama"":""CHOCO MALT""},{""total"":118500,""hargaPerBox"":118500,""nama"":""CRISPY BALLS COOKIS"",""isiPerBox"":40,""productId"":""L0uQuYqgS8Q4smIuyRs4"",""qtyBox"":1},{""total"":118500,""productId"":""kaxtCMx6rMhQn9EbjJAw"",""nama"":""CRISPY BALLS ORIGINAL"",""isiPerBox"":30,""qtyBox"":1,""hargaPerBox"":118500},{""nama"":""NANAS"",""isiPerBox"":50,""hargaPerBox"":77500,""qtyBox"":1,""total"":77500,""productId"":""Msk1v54GqR6gX6mqxqGS""},{""qtyBox"":1,""productId"":""U3qfJlCyL3zOiNLFUFkb"",""isiPerBox"":40,""nama"":""TARO CRISPY"",""hargaPerBox"":96500,""total"":96500}]","MI ASSALAM SINGOROJO","Order dari kunjungan: ","583000"
"8tgGKrC7IJAxlk85yMLc","K1018","2025-11-14T05:57:27.005Z","QHP3VKx7Xl66YirpJdsY","[{""productId"":""xaB42zjrDkGuzdTP7tpO"",""hargaPerBox"":90500,""isiPerBox"":30,""nama"":""MANGO SLUSH"",""qtyBox"":1,""total"":90500},{""nama"":""SEMANGKA"",""total"":77500,""productId"":""k7TnmqAqR1yAmsY042eK"",""qtyBox"":1,""isiPerBox"":50,""hargaPerBox"":77500},{""qtyBox"":1,""nama"":""STRAWBERRY CONE"",""total"":97500,""isiPerBox"":24,""productId"":""DoKWCzEByEeYXQFxFinE"",""hargaPerBox"":97500},{""productId"":""aok5I2XQHFg2m97mC387"",""nama"":""SUNDAE STRAWBERRY"",""isiPerBox"":24,""total"":97000,""qtyBox"":1,""hargaPerBox"":97000},{""qtyBox"":1,""total"":96000,""productId"":""bNkl5FX7SlWzgxLhu2Pw"",""nama"":""SWEET CORN"",""isiPerBox"":40,""hargaPerBox"":96000}]","YANI 2","Order dari kunjungan: ","458500"
"8upetZQuHQi1IhmO0c8b","K0740","2025-10-11T03:45:18.907Z","7eLpiuXvWvr11bxaDZWz","[{""qtyBox"":1,""hargaPerBox"":92000,""total"":92000,""isiPerBox"":40,""nama"":""2 COLOR"",""productId"":""jJ0aqMzW8XNZeKsXBWuQ""},{""qtyBox"":1,""nama"":""CHOCOMELT CONE"",""isiPerBox"":24,""productId"":""bIHGFn5MHtXpqVeM9enF"",""total"":97500,""hargaPerBox"":97500},{""qtyBox"":1,""productId"":""L0uQuYqgS8Q4smIuyRs4"",""isiPerBox"":40,""hargaPerBox"":118500,""nama"":""CRISPY BALLS COOKIS"",""total"":118500},{""productId"":""xJbJEd4mYcSMcB4V4492"",""isiPerBox"":40,""nama"":""MOCHI VANILLA"",""qtyBox"":1,""total"":92500,""hargaPerBox"":92500},{""qtyBox"":1,""nama"":""SWEET CORN"",""total"":96000,""hargaPerBox"":96000,""isiPerBox"":40,""productId"":""bNkl5FX7SlWzgxLhu2Pw""}]","MBAK IMA","Order dari kunjungan: ","496500"
"9CUCS3PbYBd5P2vd2W2S","K1366","2025-11-06T03:50:46.000Z","bEH9JBG9XfbqU2R8PKNC","[{""isiPerBox"":30,""nama"":""CHOCOLATE CRISPY"",""hargaPerBox"":117000,""qtyBox"":1,""total"":117000,""productId"":""ETb42XTcLpBbcC1aLhcb""},{""hargaPerBox"":124800,""total"":124800,""qtyBox"":1,""nama"":""FRUITY ROLL"",""productId"":""sKjCtHbEsvTpBhbQOyHB"",""isiPerBox"":40},{""isiPerBox"":60,""nama"":""MIKI-MIKI"",""qtyBox"":1,""total"":93500,""productId"":""Uu5WSQZmqTLoXc9oxlUj"",""hargaPerBox"":93500},{""total"":77500,""qtyBox"":1,""hargaPerBox"":77500,""productId"":""k7TnmqAqR1yAmsY042eK"",""isiPerBox"":50,""nama"":""SEMANGKA""},{""hargaPerBox"":97000,""isiPerBox"":24,""qtyBox"":1,""total"":97000,""nama"":""SUNDAE CHOCOLATE"",""productId"":""QLk1TKlyQAC1EHOPZ7M6""},{""qtyBox"":1,""productId"":""bNkl5FX7SlWzgxLhu2Pw"",""hargaPerBox"":96000,""total"":96000,""isiPerBox"":40,""nama"":""SWEET CORN""},{""nama"":""VANILLA BERRY CONE"",""qtyBox"":1,""isiPerBox"":48,""productId"":""Hzn6DvSXYxLmhtuekqkk"",""hargaPerBox"":115200,""total"":115200}]","MUNTATIAH","Order dari kunjungan: ","721000"
"9TGy0xnhBntRYJvoLZl1","K0366","2025-10-08T06:41:51.665Z","BYxFMWDMPNQaGNvbV341","[{""hargaPerBox"":92000,""total"":92000,""productId"":""jJ0aqMzW8XNZeKsXBWuQ"",""nama"":""2 COLOR"",""isiPerBox"":40,""qtyBox"":1},{""hargaPerBox"":117000,""qtyBox"":1,""nama"":""CHOCOLATE CRISPY"",""isiPerBox"":30,""productId"":""ETb42XTcLpBbcC1aLhcb"",""total"":117000},{""total"":97500,""hargaPerBox"":97500,""qtyBox"":1,""nama"":""CHOCOMELT CONE"",""productId"":""bIHGFn5MHtXpqVeM9enF"",""isiPerBox"":24},{""total"":110000,""qtyBox"":1,""nama"":""COFFE CRISPY"",""isiPerBox"":40,""hargaPerBox"":110000,""productId"":""BaaVl0Oq2oHnOUy1Cfuw""},{""productId"":""sKjCtHbEsvTpBhbQOyHB"",""isiPerBox"":40,""total"":124800,""hargaPerBox"":124800,""nama"":""FRUITY ROLL"",""qtyBox"":1}]","TATA MANDIRI","Order dari kunjungan: ","541300"
"9tV8pJw8TGN8ZdrqVImm","K1352","2025-10-13T07:03:39.517Z","OBIPITnGgdtvp0zkVSIL","[{""total"":117000,""nama"":""CHOCOLATE CRISPY"",""isiPerBox"":30,""qtyBox"":1,""hargaPerBox"":117000,""productId"":""ETb42XTcLpBbcC1aLhcb""},{""isiPerBox"":50,""qtyBox"":1,""total"":97000,""nama"":""CHOCOLATE STICK"",""hargaPerBox"":97000,""productId"":""IDeDw8ay7rGfQANXeYLM""},{""hargaPerBox"":124800,""isiPerBox"":40,""qtyBox"":1,""total"":124800,""nama"":""FRUITY ROLL"",""productId"":""sKjCtHbEsvTpBhbQOyHB""},{""qtyBox"":1,""productId"":""N8oPUfk4JcfNuyfZeRcM"",""hargaPerBox"":78000,""total"":78000,""isiPerBox"":50,""nama"":""JERUK""},{""hargaPerBox"":77500,""nama"":""NANAS"",""isiPerBox"":50,""productId"":""Msk1v54GqR6gX6mqxqGS"",""qtyBox"":1,""total"":77500},{""isiPerBox"":24,""productId"":""DoKWCzEByEeYXQFxFinE"",""total"":97500,""hargaPerBox"":97500,""qtyBox"":1,""nama"":""STRAWBERRY CONE""},{""isiPerBox"":40,""productId"":""bNkl5FX7SlWzgxLhu2Pw"",""nama"":""SWEET CORN"",""qtyBox"":1,""total"":96000,""hargaPerBox"":96000}]","MUSTAQIM","","687800"
"9ucKxML9r7RvnNFTPeCO","K0367","2025-10-06T08:45:16.781Z","XiCglP9CSUbM0jrjNHny","[{""hargaPerBox"":110000,""isiPerBox"":40,""productId"":""BaaVl0Oq2oHnOUy1Cfuw"",""qtyBox"":1,""nama"":""COFFE CRISPY"",""total"":110000},{""isiPerBox"":40,""hargaPerBox"":118500,""productId"":""L0uQuYqgS8Q4smIuyRs4"",""nama"":""CRISPY BALLS COOKIS"",""qtyBox"":1,""total"":118500},{""productId"":""R52hO3IOVzVI3PRqPmGP"",""isiPerBox"":60,""total"":93500,""nama"":""MIKI-MIKI DOUBLE CHOCO"",""hargaPerBox"":93500,""qtyBox"":1},{""qtyBox"":1,""hargaPerBox"":77500,""isiPerBox"":50,""productId"":""k7TnmqAqR1yAmsY042eK"",""total"":77500,""nama"":""SEMANGKA""},{""productId"":""4ZGi81slpOycqNbJ8lvW"",""total"":110000,""hargaPerBox"":110000,""qtyBox"":1,""nama"":""STRAWBERRY CRISPY"",""isiPerBox"":40}]","TIGA SAUDARA","Order dari kunjungan: ","509500"
"9xR5K6iYZoH0QfsMi4Xv","K2014","2025-10-02T03:30:26.481Z","lNRFpK00n4trF3j94v5p","[{""hargaPerBox"":117000,""productId"":""ETb42XTcLpBbcC1aLhcb"",""qtyBox"":1,""isiPerBox"":30,""nama"":""CHOCOLATE CRISPY"",""total"":117000},{""hargaPerBox"":93500,""isiPerBox"":60,""total"":93500,""qtyBox"":1,""nama"":""MIKI-MIKI"",""productId"":""Uu5WSQZmqTLoXc9oxlUj""},{""nama"":""SUNDAE CHOCOLATE"",""productId"":""QLk1TKlyQAC1EHOPZ7M6"",""isiPerBox"":24,""qtyBox"":1,""hargaPerBox"":97000,""total"":97000},{""nama"":""SUNDAE STRAWBERRY"",""hargaPerBox"":97000,""qtyBox"":1,""isiPerBox"":24,""productId"":""aok5I2XQHFg2m97mC387"",""total"":97000},{""hargaPerBox"":96500,""isiPerBox"":40,""qtyBox"":1,""nama"":""TARO CRISPY"",""productId"":""U3qfJlCyL3zOiNLFUFkb"",""total"":96500}]","TOKO KOSS MART","","501000"
"A1aGL1IsVZOqXeAsIsak","K0441","2025-11-08T08:35:35.000Z","2zobAduRXbA1IyykFf5n","[{""productId"":""NOHAYE89jzvVJFKZcLFB"",""hargaPerBox"":80000,""qtyBox"":1,""total"":80000,""isiPerBox"":50,""nama"":""CHOCO MALT""},{""productId"":""bIHGFn5MHtXpqVeM9enF"",""isiPerBox"":24,""qtyBox"":1,""nama"":""CHOCOMELT CONE"",""total"":97500,""hargaPerBox"":97500},{""productId"":""L0uQuYqgS8Q4smIuyRs4"",""total"":118500,""nama"":""CRISPY BALLS COOKIS"",""qtyBox"":1,""isiPerBox"":40,""hargaPerBox"":118500},{""productId"":""iegvzVPz0yZbNTHzwcj3"",""total"":96000,""isiPerBox"":40,""nama"":""FRUIZY BLUEBERRY YOGURT"",""qtyBox"":1,""hargaPerBox"":96000},{""nama"":""MOCHI MANGO"",""total"":94500,""productId"":""PnPJnogSXAiytWfTxQWM"",""hargaPerBox"":94500,""qtyBox"":1,""isiPerBox"":40},{""total"":97000,""nama"":""SUNDAE CHOCOLATE"",""productId"":""QLk1TKlyQAC1EHOPZ7M6"",""qtyBox"":1,""isiPerBox"":24,""hargaPerBox"":97000},{""qtyBox"":1,""hargaPerBox"":96000,""isiPerBox"":40,""total"":96000,""nama"":""SWEET CORN"",""productId"":""bNkl5FX7SlWzgxLhu2Pw""}]","MJ CELL","Order dari kunjungan:","679500"
"A4b3DYt8Rs0MJDMxWyAU","K0462","2025-10-16T06:47:26.904Z","wa6cy9OSn1Nt8nknPGk4","[{""isiPerBox"":40,""total"":96000,""productId"":""iegvzVPz0yZbNTHzwcj3"",""qtyBox"":1,""hargaPerBox"":96000,""nama"":""FRUIZY BLUEBERRY YOGURT""},{""isiPerBox"":50,""hargaPerBox"":78000,""total"":78000,""productId"":""N8oPUfk4JcfNuyfZeRcM"",""nama"":""JERUK"",""qtyBox"":1},{""qtyBox"":1,""isiPerBox"":30,""nama"":""MANGO SLUSH"",""total"":90500,""hargaPerBox"":90500,""productId"":""xaB42zjrDkGuzdTP7tpO""},{""qtyBox"":1,""isiPerBox"":40,""productId"":""czThQD5TNzChwlsAr7ds"",""hargaPerBox"":92500,""total"":92500,""nama"":""MOCHI BANANA""},{""total"":77500,""hargaPerBox"":77500,""nama"":""SEMANGKA"",""qtyBox"":1,""productId"":""k7TnmqAqR1yAmsY042eK"",""isiPerBox"":50}]","YANI","Order dari kunjungan: ","434500"
"A7cIGuKYqPfWzUEKZD8J","K1118","2025-11-05T03:39:59.000Z","1pS2Vw8a9fu0UurNB4v7","[{""isiPerBox"":50,""qtyBox"":1,""nama"":""SEMANGKA"",""productId"":""k7TnmqAqR1yAmsY042eK"",""hargaPerBox"":77500,""total"":77500},{""productId"":""QLk1TKlyQAC1EHOPZ7M6"",""nama"":""SUNDAE CHOCOLATE"",""hargaPerBox"":97000,""qtyBox"":1,""total"":97000,""isiPerBox"":24},{""nama"":""SWEET CORN"",""hargaPerBox"":96000,""isiPerBox"":40,""qtyBox"":2,""productId"":""bNkl5FX7SlWzgxLhu2Pw"",""total"":192000},{""isiPerBox"":48,""total"":115200,""qtyBox"":1,""productId"":""Hzn6DvSXYxLmhtuekqkk"",""hargaPerBox"":115200,""nama"":""VANILLA BERRY CONE""}]","ILMA JAYA","","481700"
"A8IpsuvH6sOoCz1Tewyp","K2021","2025-10-30T09:45:08.000Z","9uWRqV8KbynkKmi3nulk","[{""hargaPerBox"":80000,""isiPerBox"":50,""nama"":""CHOCO MALT"",""qtyBox"":1,""productId"":""NOHAYE89jzvVJFKZcLFB"",""total"":80000},{""hargaPerBox"":78000,""isiPerBox"":50,""nama"":""JERUK"",""total"":78000,""productId"":""N8oPUfk4JcfNuyfZeRcM"",""qtyBox"":1},{""hargaPerBox"":92500,""nama"":""MOCHI VANILLA"",""total"":92500,""qtyBox"":1,""isiPerBox"":40,""productId"":""xJbJEd4mYcSMcB4V4492""},{""total"":97000,""isiPerBox"":24,""qtyBox"":1,""nama"":""SUNDAE CHOCOLATE"",""productId"":""QLk1TKlyQAC1EHOPZ7M6"",""hargaPerBox"":97000}]","WINARNO","","347500"
"A9LpDivrYYmAOhYxewGu","K0391","2025-11-07T04:38:51.200Z","j5OQBnhs4A8lXEY9aNI4","[{""total"":92000,""nama"":""2 COLOR"",""isiPerBox"":40,""productId"":""jJ0aqMzW8XNZeKsXBWuQ"",""hargaPerBox"":92000,""qtyBox"":1},{""isiPerBox"":50,""nama"":""CHOCO MALT"",""productId"":""NOHAYE89jzvVJFKZcLFB"",""qtyBox"":1,""total"":80000,""hargaPerBox"":80000},{""qtyBox"":1,""isiPerBox"":30,""total"":117000,""productId"":""ETb42XTcLpBbcC1aLhcb"",""nama"":""CHOCOLATE CRISPY"",""hargaPerBox"":117000},{""productId"":""IDeDw8ay7rGfQANXeYLM"",""isiPerBox"":50,""nama"":""CHOCOLATE STICK (BINGO)"",""qtyBox"":1,""hargaPerBox"":97000,""total"":97000},{""total"":118500,""hargaPerBox"":118500,""productId"":""L0uQuYqgS8Q4smIuyRs4"",""qtyBox"":1,""nama"":""CRISPY BALLS COOKIS"",""isiPerBox"":40},{""hargaPerBox"":96000,""productId"":""iegvzVPz0yZbNTHzwcj3"",""nama"":""FRUIZY BLUEBERRY YOGURT"",""total"":96000,""qtyBox"":1,""isiPerBox"":40},{""isiPerBox"":40,""qtyBox"":1,""total"":92500,""hargaPerBox"":92500,""productId"":""xJbJEd4mYcSMcB4V4492"",""nama"":""MOCHI VANILLA""},{""total"":110000,""hargaPerBox"":110000,""isiPerBox"":40,""nama"":""STRAWBERRY CRISPY"",""qtyBox"":1,""productId"":""4ZGi81slpOycqNbJ8lvW""},{""isiPerBox"":24,""total"":97000,""hargaPerBox"":97000,""qtyBox"":1,""productId"":""QLk1TKlyQAC1EHOPZ7M6"",""nama"":""SUNDAE CHOCOLATE""},{""isiPerBox"":40,""hargaPerBox"":96000,""productId"":""bNkl5FX7SlWzgxLhu2Pw"",""qtyBox"":1,""nama"":""SWEET CORN"",""total"":96000}]","ELLA 2 KANTIN MTS BALEKAMBANG","","996000"
"AEFWtdn4atUNIqs4rrSx","K1409","2025-10-04T08:40:48.877Z","Hfn7DH6eAWCVrAkmczwl","[{""total"":124800,""productId"":""sKjCtHbEsvTpBhbQOyHB"",""nama"":""FRUITY ROLL"",""hargaPerBox"":124800,""isiPerBox"":40,""qtyBox"":1},{""qtyBox"":1,""total"":93500,""hargaPerBox"":93500,""nama"":""MIKI-MIKI DOUBLE CHOCO"",""productId"":""R52hO3IOVzVI3PRqPmGP"",""isiPerBox"":60},{""hargaPerBox"":94500,""total"":94500,""isiPerBox"":40,""qtyBox"":1,""productId"":""bo7uoDBVttrD7nfgPod8"",""nama"":""MOCHI KLEPON""},{""hargaPerBox"":97000,""total"":97000,""productId"":""QLk1TKlyQAC1EHOPZ7M6"",""nama"":""SUNDAE CHOCOLATE"",""isiPerBox"":24,""qtyBox"":1},{""qtyBox"":1,""productId"":""aok5I2XQHFg2m97mC387"",""hargaPerBox"":97000,""nama"":""SUNDAE STRAWBERRY"",""isiPerBox"":24,""total"":97000},{""hargaPerBox"":96000,""isiPerBox"":40,""qtyBox"":2,""nama"":""SWEET CORN"",""total"":192000,""productId"":""bNkl5FX7SlWzgxLhu2Pw""}]","TOKO BINTANI MART","","698800"
"AIaMEU1QYOVk1k8EbMah","K1911","2025-11-12T08:14:03.000Z","878SE6zfogSZSvQEzaQC","[{""isiPerBox"":27,""productId"":""F4qHZUhwkEnkGMWDyqIm"",""hargaPerBox"":192000,""total"":192000,""nama"":""3 IN 1"",""qtyBox"":1},{""total"":80000,""nama"":""CHOCO MALT"",""hargaPerBox"":80000,""isiPerBox"":50,""qtyBox"":1,""productId"":""NOHAYE89jzvVJFKZcLFB""},{""productId"":""L0uQuYqgS8Q4smIuyRs4"",""isiPerBox"":30,""nama"":""CRISPY BALLS COOKIS"",""hargaPerBox"":118500,""qtyBox"":2,""total"":237000},{""total"":96000,""hargaPerBox"":96000,""qtyBox"":1,""productId"":""bNkl5FX7SlWzgxLhu2Pw"",""isiPerBox"":40,""nama"":""SWEET CORN""},{""total"":96500,""isiPerBox"":40,""productId"":""U3qfJlCyL3zOiNLFUFkb"",""nama"":""TARO CRISPY"",""qtyBox"":1,""hargaPerBox"":96500}]","TOKO VIANA","","701500"
"AZ5ElfnDqYjyo3ZxujIU","K2008","2025-10-14T07:34:40.601Z","gHbbLlkgBIfTYKv7O0G6","[{""total"":92000,""productId"":""jJ0aqMzW8XNZeKsXBWuQ"",""hargaPerBox"":92000,""qtyBox"":1,""isiPerBox"":40,""nama"":""2 COLOR""},{""qtyBox"":1,""hargaPerBox"":80000,""total"":80000,""nama"":""CHOCO MALT"",""productId"":""NOHAYE89jzvVJFKZcLFB"",""isiPerBox"":50},{""total"":97000,""nama"":""CHOCOLATE STICK"",""qtyBox"":1,""isiPerBox"":50,""hargaPerBox"":97000,""productId"":""IDeDw8ay7rGfQANXeYLM""},{""qtyBox"":1,""total"":124800,""isiPerBox"":40,""hargaPerBox"":124800,""productId"":""sKjCtHbEsvTpBhbQOyHB"",""nama"":""FRUITY ROLL""},{""nama"":""SEMANGKA"",""qtyBox"":1,""total"":77500,""hargaPerBox"":77500,""productId"":""k7TnmqAqR1yAmsY042eK"",""isiPerBox"":50},{""hargaPerBox"":96000,""isiPerBox"":40,""productId"":""bNkl5FX7SlWzgxLhu2Pw"",""qtyBox"":1,""nama"":""SWEET CORN"",""total"":96000}]","TOSERBA JIWA MART","Order dari kunjungan:","567300"
"B9hUlrZ3986XXeEBbMvR","K0441","2025-10-10T07:12:05.074Z","2zobAduRXbA1IyykFf5n","[{""total"":80000,""isiPerBox"":50,""hargaPerBox"":80000,""productId"":""NOHAYE89jzvVJFKZcLFB"",""nama"":""CHOCO MALT"",""qtyBox"":1},{""total"":97500,""hargaPerBox"":97500,""nama"":""CHOCOMELT CONE"",""productId"":""bIHGFn5MHtXpqVeM9enF"",""isiPerBox"":24,""qtyBox"":1},{""total"":110000,""qtyBox"":1,""hargaPerBox"":110000,""productId"":""BaaVl0Oq2oHnOUy1Cfuw"",""nama"":""COFFE CRISPY"",""isiPerBox"":40},{""qtyBox"":1,""total"":118500,""isiPerBox"":40,""productId"":""L0uQuYqgS8Q4smIuyRs4"",""hargaPerBox"":118500,""nama"":""CRISPY BALLS COOKIS""},{""hargaPerBox"":96000,""isiPerBox"":40,""nama"":""FRUIZY BLUEBERRY YOGURT"",""total"":96000,""productId"":""iegvzVPz0yZbNTHzwcj3"",""qtyBox"":1},{""nama"":""SUNDAE CHOCOLATE"",""productId"":""QLk1TKlyQAC1EHOPZ7M6"",""total"":97000,""hargaPerBox"":97000,""isiPerBox"":24,""qtyBox"":1},{""nama"":""SUNDAE STRAWBERRY"",""hargaPerBox"":97000,""qtyBox"":1,""isiPerBox"":24,""total"":97000,""productId"":""aok5I2XQHFg2m97mC387""},{""isiPerBox"":40,""qtyBox"":1,""productId"":""bNkl5FX7SlWzgxLhu2Pw"",""nama"":""SWEET CORN"",""hargaPerBox"":96000,""total"":96000}]","MJ CELL","Order dari kunjungan: ","792000"
"BF1TNnBjD9SlPXUxG2Yl","K1599","2025-10-06T04:04:06.006Z","S3sXgtgCOOvXYK2lhUtV","[{""productId"":""L0uQuYqgS8Q4smIuyRs4"",""total"":118500,""isiPerBox"":40,""hargaPerBox"":118500,""nama"":""CRISPY BALLS COOKIS"",""qtyBox"":1},{""isiPerBox"":40,""qtyBox"":1,""productId"":""sKjCtHbEsvTpBhbQOyHB"",""total"":124800,""nama"":""FRUITY ROLL"",""hargaPerBox"":124800},{""total"":96000,""productId"":""iegvzVPz0yZbNTHzwcj3"",""nama"":""FRUIZY BLUEBERRY YOGURT"",""isiPerBox"":40,""qtyBox"":1,""hargaPerBox"":96000},{""qtyBox"":1,""total"":78000,""hargaPerBox"":78000,""isiPerBox"":50,""productId"":""N8oPUfk4JcfNuyfZeRcM"",""nama"":""JERUK""},{""nama"":""SUNDAE STRAWBERRY"",""hargaPerBox"":97000,""isiPerBox"":24,""qtyBox"":1,""total"":97000,""productId"":""aok5I2XQHFg2m97mC387""},{""qtyBox"":1,""isiPerBox"":40,""hargaPerBox"":96000,""total"":96000,""nama"":""SWEET CORN"",""productId"":""bNkl5FX7SlWzgxLhu2Pw""}]","ZUMAEROH","Order dari kunjungan:","610300"
"BgsAQlzJIWDT3L9zjqJh","K0503","2025-10-11T06:05:01.242Z","AkprBUTUqD1gZOpeqLQy","[{""nama"":""2 COLOR"",""total"":92000,""isiPerBox"":40,""qtyBox"":1,""productId"":""jJ0aqMzW8XNZeKsXBWuQ"",""hargaPerBox"":92000},{""qtyBox"":1,""total"":192000,""hargaPerBox"":192000,""productId"":""F4qHZUhwkEnkGMWDyqIm"",""nama"":""3 IN 1"",""isiPerBox"":27},{""isiPerBox"":50,""qtyBox"":1,""total"":80000,""hargaPerBox"":80000,""productId"":""NOHAYE89jzvVJFKZcLFB"",""nama"":""CHOCO MALT""},{""hargaPerBox"":117000,""isiPerBox"":30,""productId"":""ETb42XTcLpBbcC1aLhcb"",""qtyBox"":1,""nama"":""CHOCOLATE CRISPY"",""total"":117000},{""nama"":""CHOCOLATE STICK"",""isiPerBox"":50,""total"":97000,""productId"":""IDeDw8ay7rGfQANXeYLM"",""hargaPerBox"":97000,""qtyBox"":1},{""total"":97500,""qtyBox"":1,""hargaPerBox"":97500,""productId"":""bIHGFn5MHtXpqVeM9enF"",""nama"":""CHOCOMELT CONE"",""isiPerBox"":24},{""isiPerBox"":40,""hargaPerBox"":110000,""qtyBox"":1,""nama"":""COFFE CRISPY"",""total"":110000,""productId"":""BaaVl0Oq2oHnOUy1Cfuw""},{""total"":96000,""qtyBox"":1,""isiPerBox"":40,""hargaPerBox"":96000,""productId"":""iegvzVPz0yZbNTHzwcj3"",""nama"":""FRUIZY BLUEBERRY YOGURT""},{""hargaPerBox"":80000,""qtyBox"":1,""productId"":""KtjGECYEwOyqkWM0Iu4E"",""isiPerBox"":50,""nama"":""FRUIZY GRAPE"",""total"":80000},{""qtyBox"":1,""nama"":""JERUK"",""total"":78000,""productId"":""N8oPUfk4JcfNuyfZeRcM"",""hargaPerBox"":78000,""isiPerBox"":50},{""qtyBox"":1,""total"":93500,""isiPerBox"":60,""hargaPerBox"":93500,""productId"":""Uu5WSQZmqTLoXc9oxlUj"",""nama"":""MIKI-MIKI""},{""total"":92500,""nama"":""MOCHI VANILLA"",""isiPerBox"":40,""qtyBox"":1,""hargaPerBox"":92500,""productId"":""xJbJEd4mYcSMcB4V4492""},{""hargaPerBox"":97000,""qtyBox"":1,""total"":97000,""nama"":""SUNDAE CHOCOLATE"",""productId"":""QLk1TKlyQAC1EHOPZ7M6"",""isiPerBox"":24},{""total"":97000,""productId"":""aok5I2XQHFg2m97mC387"",""qtyBox"":1,""hargaPerBox"":97000,""isiPerBox"":24,""nama"":""SUNDAE STRAWBERRY""},{""productId"":""bNkl5FX7SlWzgxLhu2Pw"",""hargaPerBox"":96000,""isiPerBox"":40,""nama"":""SWEET CORN"",""total"":192000,""qtyBox"":2},{""hargaPerBox"":96500,""qtyBox"":1,""total"":96500,""nama"":""TARO CRISPY"",""isiPerBox"":40,""productId"":""U3qfJlCyL3zOiNLFUFkb""}]","AMIN","Order dari kunjungan:","1708000"
"BoSHdeIIFI0dBSnmkLv3","K2015","2025-10-03T08:08:45.862Z","Djb9VhTmktwIGcPkALLf","[{""qtyBox"":1,""productId"":""bIHGFn5MHtXpqVeM9enF"",""total"":97500,""isiPerBox"":24,""hargaPerBox"":97500,""nama"":""CHOCOMELT CONE""},{""qtyBox"":1,""isiPerBox"":60,""nama"":""MIKI-MIKI DOUBLE CHOCO"",""total"":93500,""productId"":""R52hO3IOVzVI3PRqPmGP"",""hargaPerBox"":93500},{""nama"":""MOCHI KLEPON"",""total"":94500,""isiPerBox"":40,""hargaPerBox"":94500,""qtyBox"":1,""productId"":""bo7uoDBVttrD7nfgPod8""},{""isiPerBox"":50,""nama"":""NANAS"",""qtyBox"":1,""productId"":""Msk1v54GqR6gX6mqxqGS"",""total"":77500,""hargaPerBox"":77500},{""productId"":""bNkl5FX7SlWzgxLhu2Pw"",""isiPerBox"":40,""hargaPerBox"":96000,""qtyBox"":1,""total"":96000,""nama"":""SWEET CORN""}]","SDN 1 BAKALAN ( TOKO SEMBAKO AHLIS )","","459000"
"C7YkqodOAUZvokBMBbn4","K1586","2025-10-22T05:55:01.261Z","Un8CXZKfqVE45zerIgis","[{""qtyBox"":1,""nama"":""SEMANGKA"",""productId"":""k7TnmqAqR1yAmsY042eK"",""hargaPerBox"":77500,""total"":77500,""isiPerBox"":50},{""qtyBox"":1,""nama"":""SUNDAE CHOCOLATE"",""isiPerBox"":24,""productId"":""QLk1TKlyQAC1EHOPZ7M6"",""total"":97000,""hargaPerBox"":97000},{""nama"":""SUNDAE STRAWBERRY"",""qtyBox"":1,""hargaPerBox"":97000,""isiPerBox"":24,""productId"":""aok5I2XQHFg2m97mC387"",""total"":97000}]","TOKO WAHYUDI","Order dari kunjungan: ","271500"
"Cg0FOYWNyeWf5h66WNAm","K0373","2025-11-12T09:09:49.656Z","ImE48v9OEwbSNMRIb16y","[{""hargaPerBox"":97000,""qtyBox"":1,""isiPerBox"":50,""nama"":""CHOCOLATE STICK (BINGO)"",""productId"":""IDeDw8ay7rGfQANXeYLM"",""total"":97000},{""isiPerBox"":60,""productId"":""Uu5WSQZmqTLoXc9oxlUj"",""total"":187000,""qtyBox"":2,""hargaPerBox"":93500,""nama"":""MIKI-MIKI""},{""total"":93500,""productId"":""R52hO3IOVzVI3PRqPmGP"",""nama"":""MIKI-MIKI DOUBLE CHOCO"",""isiPerBox"":60,""hargaPerBox"":93500,""qtyBox"":1},{""hargaPerBox"":97000,""total"":97000,""productId"":""QLk1TKlyQAC1EHOPZ7M6"",""qtyBox"":1,""isiPerBox"":24,""nama"":""SUNDAE CHOCOLATE""},{""hargaPerBox"":96000,""qtyBox"":1,""isiPerBox"":40,""productId"":""bNkl5FX7SlWzgxLhu2Pw"",""total"":96000,""nama"":""SWEET CORN""}]","MADUN","Order dari kunjungan: ","570500"
"Cg9huP26fICIWFtVeNHS","K0392","2025-10-28T09:42:14.171Z","z3pT9BDTtISnQFgCmOtx","[{""nama"":""CHOCOLATE STICK (BINGO)"",""qtyBox"":1,""isiPerBox"":50,""productId"":""IDeDw8ay7rGfQANXeYLM"",""total"":97000,""hargaPerBox"":97000},{""total"":1185000,""hargaPerBox"":118500,""nama"":""CRISPY BALLS COOKIS"",""isiPerBox"":40,""qtyBox"":10,""productId"":""L0uQuYqgS8Q4smIuyRs4""},{""hargaPerBox"":118500,""qtyBox"":1,""productId"":""kaxtCMx6rMhQn9EbjJAw"",""total"":118500,""isiPerBox"":30,""nama"":""CRISPY BALLS ORIGINAL""},{""hargaPerBox"":94500,""isiPerBox"":40,""productId"":""PnPJnogSXAiytWfTxQWM"",""total"":94500,""qtyBox"":1,""nama"":""MOCHI MANGO""},{""total"":96000,""nama"":""SWEET CORN"",""productId"":""bNkl5FX7SlWzgxLhu2Pw"",""isiPerBox"":40,""hargaPerBox"":96000,""qtyBox"":1}]","ELLA 3 SMK PUTRI BALEKAMBANG","Order dari kunjungan: ","1591000"
"ClGXAUGNtO4zoyr0mZ8r","K1500","2025-10-01T04:24:28.188Z","VktFHlWljj8CqZVnsjtM","[{""nama"":""CHOCO MALT"",""hargaPerBox"":80000,""productId"":""NOHAYE89jzvVJFKZcLFB"",""isiPerBox"":50,""qtyBox"":1,""total"":80000},{""nama"":""JERUK"",""hargaPerBox"":78000,""isiPerBox"":50,""productId"":""N8oPUfk4JcfNuyfZeRcM"",""total"":78000,""qtyBox"":1},{""total"":93500,""nama"":""MIKI-MIKI"",""productId"":""Uu5WSQZmqTLoXc9oxlUj"",""qtyBox"":1,""hargaPerBox"":93500,""isiPerBox"":60},{""isiPerBox"":50,""productId"":""k7TnmqAqR1yAmsY042eK"",""hargaPerBox"":77500,""nama"":""SEMANGKA"",""total"":77500,""qtyBox"":1},{""total"":96500,""isiPerBox"":40,""qtyBox"":1,""productId"":""U3qfJlCyL3zOiNLFUFkb"",""nama"":""TARO CRISPY"",""hargaPerBox"":96500}]","TOKO SHERLY","","425500"
"Cq4GmhAbedwS8bmnNXqc","K2077","2025-10-16T09:33:45.176Z","9pGAxSxQpP97NFr46tWJ","[{""isiPerBox"":24,""productId"":""bIHGFn5MHtXpqVeM9enF"",""total"":97500,""nama"":""CHOCOMELT CONE"",""qtyBox"":1,""hargaPerBox"":97500},{""qtyBox"":1,""isiPerBox"":30,""nama"":""MANGO SLUSH"",""hargaPerBox"":90500,""total"":90500,""productId"":""xaB42zjrDkGuzdTP7tpO""},{""isiPerBox"":50,""productId"":""Msk1v54GqR6gX6mqxqGS"",""qtyBox"":1,""nama"":""NANAS"",""total"":77500,""hargaPerBox"":77500},{""hargaPerBox"":97000,""productId"":""QLk1TKlyQAC1EHOPZ7M6"",""isiPerBox"":24,""qtyBox"":1,""total"":97000,""nama"":""SUNDAE CHOCOLATE""},{""qtyBox"":1,""total"":96000,""hargaPerBox"":96000,""isiPerBox"":40,""nama"":""SWEET CORN"",""productId"":""bNkl5FX7SlWzgxLhu2Pw""}]","MADURA BUNDA","Order dari kunjungan: ","458500"
"Cv1KMUZ47r6YWgz2LZY2","K0503","2025-10-29T17:00:00.000Z","AkprBUTUqD1gZOpeqLQy","[{""nama"":""2 COLOR"",""qtyBox"":1,""isiPerBox"":40,""total"":92000,""productId"":""jJ0aqMzW8XNZeKsXBWuQ"",""hargaPerBox"":92000},{""isiPerBox"":50,""productId"":""NOHAYE89jzvVJFKZcLFB"",""nama"":""CHOCO MALT"",""qtyBox"":2,""hargaPerBox"":80000,""total"":160000},{""qtyBox"":2,""productId"":""IDeDw8ay7rGfQANXeYLM"",""hargaPerBox"":97000,""nama"":""CHOCOLATE STICK (BINGO)"",""isiPerBox"":50,""total"":194000},{""total"":97500,""isiPerBox"":24,""productId"":""bIHGFn5MHtXpqVeM9enF"",""qtyBox"":1,""nama"":""CHOCOMELT CONE"",""hargaPerBox"":97500},{""total"":118500,""nama"":""CRISPY BALLS COOKIS"",""qtyBox"":1,""isiPerBox"":40,""hargaPerBox"":118500,""productId"":""L0uQuYqgS8Q4smIuyRs4""},{""qtyBox"":1,""total"":80000,""productId"":""KtjGECYEwOyqkWM0Iu4E"",""nama"":""FRUIZY GRAPE"",""isiPerBox"":50,""hargaPerBox"":80000},{""isiPerBox"":60,""nama"":""MIKI-MIKI"",""qtyBox"":2,""total"":187000,""hargaPerBox"":93500,""productId"":""Uu5WSQZmqTLoXc9oxlUj""},{""isiPerBox"":60,""hargaPerBox"":93500,""total"":93500,""qtyBox"":1,""productId"":""R52hO3IOVzVI3PRqPmGP"",""nama"":""MIKI-MIKI DOUBLE CHOCO""},{""total"":94500,""nama"":""MOCHI MANGO"",""hargaPerBox"":94500,""isiPerBox"":40,""qtyBox"":1,""productId"":""PnPJnogSXAiytWfTxQWM""},{""productId"":""xJbJEd4mYcSMcB4V4492"",""nama"":""MOCHI VANILLA"",""hargaPerBox"":92500,""qtyBox"":1,""total"":92500,""isiPerBox"":40},{""total"":77500,""hargaPerBox"":77500,""isiPerBox"":50,""qtyBox"":1,""productId"":""k7TnmqAqR1yAmsY042eK"",""nama"":""SEMANGKA""},{""total"":97500,""nama"":""STRAWBERRY CONE"",""productId"":""DoKWCzEByEeYXQFxFinE"",""qtyBox"":1,""isiPerBox"":24,""hargaPerBox"":97500},{""productId"":""4ZGi81slpOycqNbJ8lvW"",""total"":110000,""nama"":""STRAWBERRY CRISPY"",""qtyBox"":1,""hargaPerBox"":110000,""isiPerBox"":40},{""productId"":""QLk1TKlyQAC1EHOPZ7M6"",""qtyBox"":2,""total"":194000,""nama"":""SUNDAE CHOCOLATE"",""hargaPerBox"":97000,""isiPerBox"":24},{""nama"":""SWEET CORN"",""hargaPerBox"":96000,""isiPerBox"":40,""total"":192000,""productId"":""bNkl5FX7SlWzgxLhu2Pw"",""qtyBox"":2},{""productId"":""U3qfJlCyL3zOiNLFUFkb"",""isiPerBox"":40,""nama"":""TARO CRISPY"",""total"":96500,""hargaPerBox"":96500,""qtyBox"":1},{""productId"":""Hzn6DvSXYxLmhtuekqkk"",""hargaPerBox"":115200,""nama"":""VANILLA BERRY CONE"",""qtyBox"":1,""isiPerBox"":48,""total"":115200}]","TOKO IBU AMIN","","2092200"
"DKEM6LvFkuy4JQDHXb0k","K0467","2025-10-03T03:34:24.849Z","7xXpzkyryOEVARIJWA8V","[{""qtyBox"":1,""nama"":""CRISPY BALLS COOKIS"",""productId"":""L0uQuYqgS8Q4smIuyRs4"",""isiPerBox"":40,""total"":118500,""hargaPerBox"":118500},{""productId"":""kaxtCMx6rMhQn9EbjJAw"",""qtyBox"":1,""nama"":""CRISPY BALLS ORIGINAL"",""total"":118500,""isiPerBox"":30,""hargaPerBox"":118500},{""total"":97000,""qtyBox"":1,""nama"":""FRUITY ROLL"",""productId"":""sKjCtHbEsvTpBhbQOyHB"",""isiPerBox"":40,""hargaPerBox"":97000},{""hargaPerBox"":97000,""isiPerBox"":24,""qtyBox"":1,""productId"":""QLk1TKlyQAC1EHOPZ7M6"",""total"":97000,""nama"":""SUNDAE CHOCOLATE""},{""productId"":""bNkl5FX7SlWzgxLhu2Pw"",""hargaPerBox"":96000,""isiPerBox"":40,""qtyBox"":1,""total"":96000,""nama"":""SWEET CORN""}]","SUKATI","","527000"
"DdKYtrjJfcEvRYIufmzb","K0352","2025-10-13T08:47:43.188Z","P3S3LmNnq4sCQ7YUieWO","[{""qtyBox"":1,""hargaPerBox"":80000,""nama"":""CHOCO MALT"",""total"":80000,""productId"":""NOHAYE89jzvVJFKZcLFB"",""isiPerBox"":50},{""qtyBox"":1,""nama"":""CHOCOLATE CRISPY"",""productId"":""ETb42XTcLpBbcC1aLhcb"",""isiPerBox"":30,""total"":117000,""hargaPerBox"":117000},{""total"":97000,""productId"":""IDeDw8ay7rGfQANXeYLM"",""qtyBox"":1,""isiPerBox"":50,""hargaPerBox"":97000,""nama"":""CHOCOLATE STICK""},{""nama"":""CRISPY BALLS COOKIS"",""productId"":""L0uQuYqgS8Q4smIuyRs4"",""total"":118500,""isiPerBox"":40,""qtyBox"":1,""hargaPerBox"":118500},{""total"":96000,""productId"":""iegvzVPz0yZbNTHzwcj3"",""nama"":""FRUIZY BLUEBERRY YOGURT"",""hargaPerBox"":96000,""qtyBox"":1,""isiPerBox"":40},{""total"":78000,""nama"":""JERUK"",""isiPerBox"":50,""hargaPerBox"":78000,""productId"":""N8oPUfk4JcfNuyfZeRcM"",""qtyBox"":1},{""isiPerBox"":60,""total"":93500,""hargaPerBox"":93500,""qtyBox"":1,""nama"":""MIKI-MIKI"",""productId"":""Uu5WSQZmqTLoXc9oxlUj""},{""nama"":""MOCHI VANILLA"",""productId"":""xJbJEd4mYcSMcB4V4492"",""qtyBox"":1,""isiPerBox"":40,""hargaPerBox"":92500,""total"":92500},{""isiPerBox"":50,""nama"":""NANAS"",""hargaPerBox"":77500,""productId"":""Msk1v54GqR6gX6mqxqGS"",""qtyBox"":1,""total"":77500},{""isiPerBox"":50,""nama"":""SEMANGKA"",""hargaPerBox"":77500,""total"":77500,""qtyBox"":1,""productId"":""k7TnmqAqR1yAmsY042eK""},{""nama"":""STRAWBERRY CONE"",""hargaPerBox"":97500,""isiPerBox"":24,""total"":97500,""productId"":""DoKWCzEByEeYXQFxFinE"",""qtyBox"":1},{""hargaPerBox"":97000,""qtyBox"":1,""isiPerBox"":24,""productId"":""QLk1TKlyQAC1EHOPZ7M6"",""total"":97000,""nama"":""SUNDAE CHOCOLATE""},{""productId"":""aok5I2XQHFg2m97mC387"",""isiPerBox"":24,""qtyBox"":1,""nama"":""SUNDAE STRAWBERRY"",""hargaPerBox"":97000,""total"":97000},{""hargaPerBox"":96000,""total"":192000,""nama"":""SWEET CORN"",""qtyBox"":2,""productId"":""bNkl5FX7SlWzgxLhu2Pw"",""isiPerBox"":40}]","APOTEK PANCUR","Order dari kunjungan:","1411000"
"Dn5fvcwuouT66mkdL6vj","K1649","2025-10-23T00:11:37.319Z","LrDGivjSfm58oJ7eILXz","[{""total"":97000,""productId"":""IDeDw8ay7rGfQANXeYLM"",""nama"":""CHOCOLATE STICK"",""hargaPerBox"":97000,""isiPerBox"":50,""qtyBox"":1},{""nama"":""CHOCOMELT CONE"",""qtyBox"":1,""hargaPerBox"":97500,""total"":97500,""isiPerBox"":24,""productId"":""bIHGFn5MHtXpqVeM9enF""},{""hargaPerBox"":110000,""qtyBox"":1,""nama"":""COFFE CRISPY"",""productId"":""BaaVl0Oq2oHnOUy1Cfuw"",""isiPerBox"":40,""total"":110000},{""nama"":""CRISPY BALLS COOKIS"",""total"":118500,""isiPerBox"":40,""qtyBox"":1,""productId"":""L0uQuYqgS8Q4smIuyRs4"",""hargaPerBox"":118500},{""productId"":""Uu5WSQZmqTLoXc9oxlUj"",""nama"":""MIKI-MIKI"",""total"":93500,""qtyBox"":1,""isiPerBox"":60,""hargaPerBox"":93500},{""hargaPerBox"":93500,""productId"":""R52hO3IOVzVI3PRqPmGP"",""total"":93500,""nama"":""MIKI-MIKI DOUBLE CHOCO"",""qtyBox"":1,""isiPerBox"":60},{""isiPerBox"":40,""hargaPerBox"":94500,""nama"":""MOCHI MANGO"",""qtyBox"":1,""productId"":""PnPJnogSXAiytWfTxQWM"",""total"":94500},{""qtyBox"":1,""productId"":""xJbJEd4mYcSMcB4V4492"",""hargaPerBox"":92500,""total"":92500,""isiPerBox"":40,""nama"":""MOCHI VANILLA""},{""productId"":""Msk1v54GqR6gX6mqxqGS"",""qtyBox"":1,""hargaPerBox"":77500,""nama"":""NANAS"",""isiPerBox"":50,""total"":77500},{""nama"":""SEMANGKA"",""isiPerBox"":50,""productId"":""k7TnmqAqR1yAmsY042eK"",""qtyBox"":1,""total"":77500,""hargaPerBox"":77500},{""isiPerBox"":24,""hargaPerBox"":97500,""nama"":""STRAWBERRY CONE"",""productId"":""DoKWCzEByEeYXQFxFinE"",""total"":97500,""qtyBox"":1},{""hargaPerBox"":97000,""nama"":""SUNDAE CHOCOLATE"",""isiPerBox"":24,""productId"":""QLk1TKlyQAC1EHOPZ7M6"",""total"":97000,""qtyBox"":1},{""qtyBox"":1,""total"":97000,""isiPerBox"":24,""nama"":""SUNDAE STRAWBERRY"",""hargaPerBox"":97000,""productId"":""aok5I2XQHFg2m97mC387""},{""isiPerBox"":40,""total"":96000,""hargaPerBox"":96000,""nama"":""SWEET CORN"",""qtyBox"":1,""productId"":""bNkl5FX7SlWzgxLhu2Pw""},{""productId"":""U3qfJlCyL3zOiNLFUFkb"",""total"":96500,""qtyBox"":1,""hargaPerBox"":96500,""isiPerBox"":40,""nama"":""TARO CRISPY""}]","WARUNG MADURA AL-AMIN 2","Order dari kunjungan: ","1436000"
"EVY4ZHR6ozSymSI8SlrM","K0392","2025-10-14T09:44:24.865Z","z3pT9BDTtISnQFgCmOtx","[{""total"":80000,""hargaPerBox"":80000,""nama"":""CHOCO MALT"",""productId"":""NOHAYE89jzvVJFKZcLFB"",""qtyBox"":1,""isiPerBox"":50},{""isiPerBox"":30,""qtyBox"":1,""nama"":""CHOCOLATE CRISPY"",""total"":117000,""productId"":""ETb42XTcLpBbcC1aLhcb"",""hargaPerBox"":117000},{""hargaPerBox"":97000,""productId"":""IDeDw8ay7rGfQANXeYLM"",""isiPerBox"":50,""qtyBox"":1,""total"":97000,""nama"":""CHOCOLATE STICK""},{""productId"":""L0uQuYqgS8Q4smIuyRs4"",""isiPerBox"":40,""total"":1185000,""hargaPerBox"":118500,""qtyBox"":10,""nama"":""CRISPY BALLS COOKIS""},{""qtyBox"":1,""total"":92500,""isiPerBox"":40,""hargaPerBox"":92500,""nama"":""MOCHI VANILLA"",""productId"":""xJbJEd4mYcSMcB4V4492""},{""total"":96000,""isiPerBox"":40,""qtyBox"":1,""nama"":""SWEET CORN"",""productId"":""bNkl5FX7SlWzgxLhu2Pw"",""hargaPerBox"":96000}]","ELLA 3 SMK PUTRI BALEKAMBANG","Order dari kunjungan: ","1667500"
"EpcSKh1n5p3jfQCO0l9r","K1298","2025-10-30T06:48:28.613Z","LjHKUWJDhaxyFOLArIdi","[{""isiPerBox"":30,""hargaPerBox"":117000,""qtyBox"":1,""total"":117000,""productId"":""ETb42XTcLpBbcC1aLhcb"",""nama"":""CHOCOLATE CRISPY""},{""productId"":""bIHGFn5MHtXpqVeM9enF"",""qtyBox"":1,""total"":97500,""nama"":""CHOCOMELT CONE"",""hargaPerBox"":97500,""isiPerBox"":24},{""total"":95000,""qtyBox"":1,""isiPerBox"":40,""hargaPerBox"":95000,""nama"":""MILK MELON"",""productId"":""y44wV7EqlAwgQKUJj38O""},{""total"":92500,""productId"":""EF26XY2EwO1i35LRXuBv"",""nama"":""MOCHI PEACH"",""qtyBox"":1,""hargaPerBox"":92500,""isiPerBox"":40},{""qtyBox"":1,""nama"":""MOCHI VANILLA"",""productId"":""xJbJEd4mYcSMcB4V4492"",""hargaPerBox"":92500,""total"":92500,""isiPerBox"":40},{""total"":110000,""isiPerBox"":40,""nama"":""STRAWBERRY CRISPY"",""qtyBox"":1,""productId"":""4ZGi81slpOycqNbJ8lvW"",""hargaPerBox"":110000},{""productId"":""QLk1TKlyQAC1EHOPZ7M6"",""qtyBox"":2,""isiPerBox"":24,""hargaPerBox"":97000,""nama"":""SUNDAE CHOCOLATE"",""total"":194000},{""hargaPerBox"":96500,""productId"":""U3qfJlCyL3zOiNLFUFkb"",""nama"":""TARO CRISPY"",""isiPerBox"":40,""qtyBox"":1,""total"":96500},{""productId"":""Hzn6DvSXYxLmhtuekqkk"",""nama"":""VANILLA BERRY CONE"",""isiPerBox"":48,""qtyBox"":1,""total"":115200,""hargaPerBox"":115200}]","SAMI JF MART","","1010200"
"Ey0eCS2zBMaMPoFwM2Qt","K1656","2025-10-03T04:21:51.344Z","4RrFtYEGtIzcVvzYWaMY","[{""isiPerBox"":30,""productId"":""ETb42XTcLpBbcC1aLhcb"",""qtyBox"":1,""hargaPerBox"":117000,""nama"":""CHOCOLATE CRISPY"",""total"":117000},{""qtyBox"":1,""productId"":""7UxUJTQkHUiENrlXOJp2"",""nama"":""CHOCOLATE MAX CONE"",""total"":131000,""isiPerBox"":24,""hargaPerBox"":131000},{""productId"":""IDeDw8ay7rGfQANXeYLM"",""isiPerBox"":50,""hargaPerBox"":97000,""total"":97000,""nama"":""CHOCOLATE STICK"",""qtyBox"":1},{""total"":97000,""productId"":""sKjCtHbEsvTpBhbQOyHB"",""hargaPerBox"":97000,""nama"":""FRUITY ROLL"",""qtyBox"":1,""isiPerBox"":40},{""total"":96000,""qtyBox"":1,""nama"":""FRUIZY BLUEBERRY YOGURT"",""isiPerBox"":40,""productId"":""iegvzVPz0yZbNTHzwcj3"",""hargaPerBox"":96000},{""isiPerBox"":40,""nama"":""MOCHI KLEPON"",""hargaPerBox"":94500,""total"":94500,""productId"":""bo7uoDBVttrD7nfgPod8"",""qtyBox"":1}]","SD IT AL HUSNA PELEMKEREP","","632500"
"FGB92RtUKA31joqyoMQ8","K1658","2025-10-04T14:22:40.331Z","aKeHRY72jQ8R7GmJIMNH","[{""isiPerBox"":50,""productId"":""NOHAYE89jzvVJFKZcLFB"",""nama"":""CHOCO MALT"",""total"":80000,""hargaPerBox"":80000,""qtyBox"":1},{""qtyBox"":1,""productId"":""L0uQuYqgS8Q4smIuyRs4"",""hargaPerBox"":118500,""total"":118500,""nama"":""CRISPY BALLS COOKIS"",""isiPerBox"":40},{""isiPerBox"":50,""nama"":""SEMANGKA"",""productId"":""k7TnmqAqR1yAmsY042eK"",""qtyBox"":1,""total"":77500,""hargaPerBox"":77500},{""qtyBox"":1,""hargaPerBox"":96000,""isiPerBox"":40,""total"":96000,""productId"":""bNkl5FX7SlWzgxLhu2Pw"",""nama"":""SWEET CORN""},{""productId"":""U3qfJlCyL3zOiNLFUFkb"",""hargaPerBox"":96500,""total"":96500,""nama"":""TARO CRISPY"",""isiPerBox"":40,""qtyBox"":1}]","SD IT AL ANWAR","","468500"
"FL2qVhDuCczTULXQ7pjx","K1607","2025-10-07T02:36:34.208Z","xLheMxVZ8I1BWrwmFw48","[{""qtyBox"":1,""nama"":""FRUITY ROLL"",""isiPerBox"":40,""total"":124800,""productId"":""sKjCtHbEsvTpBhbQOyHB"",""hargaPerBox"":124800},{""isiPerBox"":60,""productId"":""R52hO3IOVzVI3PRqPmGP"",""hargaPerBox"":93500,""nama"":""MIKI-MIKI DOUBLE CHOCO"",""qtyBox"":1,""total"":93500},{""total"":97500,""qtyBox"":1,""nama"":""STRAWBERRY CONE"",""hargaPerBox"":97500,""isiPerBox"":24,""productId"":""DoKWCzEByEeYXQFxFinE""},{""nama"":""SUNDAE CHOCOLATE"",""total"":97000,""productId"":""QLk1TKlyQAC1EHOPZ7M6"",""isiPerBox"":24,""qtyBox"":1,""hargaPerBox"":97000},{""isiPerBox"":40,""nama"":""TARO CRISPY"",""productId"":""U3qfJlCyL3zOiNLFUFkb"",""hargaPerBox"":96500,""total"":96500,""qtyBox"":1}]","TOKO HALIMAH","Order dari kunjungan: ","509300"
"FlEmsf6aN7NMPjWSDQz7","K0352","2025-11-04T07:54:54.193Z","P3S3LmNnq4sCQ7YUieWO","[{""hargaPerBox"":97500,""total"":97500,""qtyBox"":1,""nama"":""CHOCOMELT CONE"",""isiPerBox"":24,""productId"":""bIHGFn5MHtXpqVeM9enF""},{""qtyBox"":1,""total"":77500,""isiPerBox"":50,""hargaPerBox"":77500,""productId"":""k7TnmqAqR1yAmsY042eK"",""nama"":""SEMANGKA""},{""isiPerBox"":24,""total"":194000,""productId"":""QLk1TKlyQAC1EHOPZ7M6"",""nama"":""SUNDAE CHOCOLATE"",""qtyBox"":2,""hargaPerBox"":97000},{""productId"":""Hzn6DvSXYxLmhtuekqkk"",""qtyBox"":1,""nama"":""VANILLA BERRY CONE"",""isiPerBox"":48,""total"":115200,""hargaPerBox"":115200}]","APOTEK PANCUR","Order dari kunjungan: ","484200"
"Fo8sK9SA6TxjRhyvrnlX","K1366","2025-10-08T03:24:24.300Z","bEH9JBG9XfbqU2R8PKNC","[{""total"":118500,""hargaPerBox"":118500,""qtyBox"":1,""isiPerBox"":40,""productId"":""L0uQuYqgS8Q4smIuyRs4"",""nama"":""CRISPY BALLS COOKIS""},{""hargaPerBox"":96000,""total"":96000,""productId"":""iegvzVPz0yZbNTHzwcj3"",""nama"":""FRUIZY BLUEBERRY YOGURT"",""isiPerBox"":40,""qtyBox"":1},{""hargaPerBox"":92500,""productId"":""xJbJEd4mYcSMcB4V4492"",""isiPerBox"":40,""qtyBox"":1,""total"":92500,""nama"":""MOCHI VANILLA""},{""qtyBox"":1,""productId"":""4ZGi81slpOycqNbJ8lvW"",""total"":110000,""isiPerBox"":40,""hargaPerBox"":110000,""nama"":""STRAWBERRY CRISPY""},{""qtyBox"":1,""hargaPerBox"":97000,""nama"":""SUNDAE CHOCOLATE"",""isiPerBox"":24,""productId"":""QLk1TKlyQAC1EHOPZ7M6"",""total"":97000},{""hargaPerBox"":96000,""isiPerBox"":40,""productId"":""bNkl5FX7SlWzgxLhu2Pw"",""nama"":""SWEET CORN"",""total"":96000,""qtyBox"":1}]","MUNTATIAH","Order dari kunjungan: ","610000"
"FpouiC0xjTIuU1IB02oS","K1725","2025-10-01T07:45:32.943Z","6pw30ZdwX1mjmVnAvMaL","[{""productId"":""NOHAYE89jzvVJFKZcLFB"",""nama"":""CHOCO MALT"",""qtyBox"":1,""isiPerBox"":50,""hargaPerBox"":80000,""total"":80000},{""qtyBox"":1,""isiPerBox"":30,""hargaPerBox"":117000,""nama"":""CHOCOLATE CRISPY"",""total"":117000,""productId"":""ETb42XTcLpBbcC1aLhcb""},{""total"":97000,""nama"":""FRUITY ROLL"",""isiPerBox"":40,""qtyBox"":1,""hargaPerBox"":97000,""productId"":""sKjCtHbEsvTpBhbQOyHB""},{""qtyBox"":1,""hargaPerBox"":77500,""nama"":""SEMANGKA"",""total"":77500,""productId"":""k7TnmqAqR1yAmsY042eK"",""isiPerBox"":50},{""nama"":""SUNDAE CHOCOLATE"",""productId"":""QLk1TKlyQAC1EHOPZ7M6"",""total"":97000,""qtyBox"":1,""hargaPerBox"":97000,""isiPerBox"":24}]","TOKO MBAK RINI","","468500"
"FsarL9oQUUcXO4dBJzkg","K0661","2025-11-05T09:28:32.145Z","I2ckekmi55nhDdQ2RGZn","[{""nama"":""CHOCO MALT"",""hargaPerBox"":80000,""isiPerBox"":50,""total"":80000,""qtyBox"":1,""productId"":""NOHAYE89jzvVJFKZcLFB""},{""productId"":""L0uQuYqgS8Q4smIuyRs4"",""hargaPerBox"":118500,""qtyBox"":1,""isiPerBox"":40,""total"":118500,""nama"":""CRISPY BALLS COOKIS""},{""isiPerBox"":30,""hargaPerBox"":90500,""total"":90500,""qtyBox"":1,""productId"":""xaB42zjrDkGuzdTP7tpO"",""nama"":""MANGO SLUSH""},{""qtyBox"":1,""isiPerBox"":24,""nama"":""SUNDAE CHOCOLATE"",""total"":97000,""hargaPerBox"":97000,""productId"":""QLk1TKlyQAC1EHOPZ7M6""},{""hargaPerBox"":96000,""nama"":""SWEET CORN"",""qtyBox"":1,""total"":96000,""isiPerBox"":40,""productId"":""bNkl5FX7SlWzgxLhu2Pw""}]","KHUDIN","Order dari kunjungan: ","482000"
"FwVhWiBBAomNB5HSdTpv","K2021","2025-11-11T11:00:41.328Z","9uWRqV8KbynkKmi3nulk","[{""total"":118500,""productId"":""L0uQuYqgS8Q4smIuyRs4"",""isiPerBox"":30,""qtyBox"":1,""nama"":""CRISPY BALLS COOKIS"",""hargaPerBox"":118500},{""hargaPerBox"":93500,""qtyBox"":1,""isiPerBox"":60,""nama"":""MIKI-MIKI"",""total"":93500,""productId"":""Uu5WSQZmqTLoXc9oxlUj""},{""isiPerBox"":40,""qtyBox"":1,""productId"":""PnPJnogSXAiytWfTxQWM"",""total"":94500,""nama"":""MOCHI MANGO"",""hargaPerBox"":94500},{""productId"":""bNkl5FX7SlWzgxLhu2Pw"",""isiPerBox"":40,""qtyBox"":1,""nama"":""SWEET CORN"",""hargaPerBox"":96000,""total"":96000}]","WINARNO","Order dari kunjungan: ","402500"
"GC1KMrVkIsZdA8pFt3qb","K1945","2025-10-20T09:18:48.082Z","Yqbds11ik7n7cnIbAlyj","[{""qtyBox"":1,""total"":80000,""nama"":""CHOCO MALT"",""productId"":""NOHAYE89jzvVJFKZcLFB"",""hargaPerBox"":80000,""isiPerBox"":50},{""nama"":""FRUIZY BLUEBERRY YOGURT"",""productId"":""iegvzVPz0yZbNTHzwcj3"",""isiPerBox"":40,""total"":96000,""hargaPerBox"":96000,""qtyBox"":1},{""qtyBox"":1,""productId"":""Msk1v54GqR6gX6mqxqGS"",""isiPerBox"":50,""total"":77500,""nama"":""NANAS"",""hargaPerBox"":77500},{""nama"":""SUNDAE CHOCOLATE"",""productId"":""QLk1TKlyQAC1EHOPZ7M6"",""hargaPerBox"":97000,""qtyBox"":1,""total"":97000,""isiPerBox"":24},{""nama"":""SWEET CORN"",""productId"":""bNkl5FX7SlWzgxLhu2Pw"",""qtyBox"":1,""total"":96000,""hargaPerBox"":96000,""isiPerBox"":40}]","SAMILATUN KHASANAH","Order dari kunjungan: ","446500"
"GF9ZjwCMVFNXtSy0grW3","K1759","2025-11-09T04:04:24.000Z","dFJRnjEcCGZjVJ3vtZTF","[{""productId"":""kaxtCMx6rMhQn9EbjJAw"",""nama"":""CRISPY BALLS ORIGINAL"",""hargaPerBox"":118500,""qtyBox"":1,""isiPerBox"":30,""total"":118500},{""qtyBox"":1,""productId"":""sKjCtHbEsvTpBhbQOyHB"",""isiPerBox"":40,""total"":124800,""hargaPerBox"":124800,""nama"":""FRUITY ROLL""},{""qtyBox"":1,""productId"":""N8oPUfk4JcfNuyfZeRcM"",""isiPerBox"":50,""total"":78000,""hargaPerBox"":78000,""nama"":""JERUK""},{""productId"":""xaB42zjrDkGuzdTP7tpO"",""nama"":""MANGO SLUSH"",""hargaPerBox"":90500,""total"":90500,""qtyBox"":1,""isiPerBox"":30},{""productId"":""Uu5WSQZmqTLoXc9oxlUj"",""total"":93500,""hargaPerBox"":93500,""qtyBox"":1,""nama"":""MIKI-MIKI"",""isiPerBox"":60},{""qtyBox"":1,""isiPerBox"":50,""hargaPerBox"":77500,""nama"":""NANAS"",""productId"":""Msk1v54GqR6gX6mqxqGS"",""total"":77500},{""nama"":""SWEET CORN"",""productId"":""bNkl5FX7SlWzgxLhu2Pw"",""hargaPerBox"":96000,""isiPerBox"":40,""total"":96000,""qtyBox"":1}]","SD IT AL HUSNA 2","","678800"
"GQwIgxexnFLfqPj7j5D8","K1409","2025-11-13T04:40:13.039Z","Hfn7DH6eAWCVrAkmczwl","[{""isiPerBox"":24,""productId"":""bIHGFn5MHtXpqVeM9enF"",""nama"":""CHOCOMELT CONE"",""qtyBox"":1,""total"":97500,""hargaPerBox"":97500},{""hargaPerBox"":77500,""isiPerBox"":50,""total"":77500,""productId"":""k7TnmqAqR1yAmsY042eK"",""nama"":""SEMANGKA"",""qtyBox"":1},{""productId"":""DoKWCzEByEeYXQFxFinE"",""hargaPerBox"":97500,""qtyBox"":1,""isiPerBox"":24,""total"":97500,""nama"":""STRAWBERRY CONE""},{""total"":97000,""productId"":""QLk1TKlyQAC1EHOPZ7M6"",""isiPerBox"":24,""qtyBox"":1,""hargaPerBox"":97000,""nama"":""SUNDAE CHOCOLATE""},{""productId"":""bNkl5FX7SlWzgxLhu2Pw"",""total"":96000,""qtyBox"":1,""nama"":""SWEET CORN"",""hargaPerBox"":96000,""isiPerBox"":40}]","TOKO BINTANI MART","Order dari kunjungan: ","465500"
"GXxUVYNLtOpuNXJBvCrM","K1725","2025-11-13T07:37:03.784Z","6pw30ZdwX1mjmVnAvMaL","[{""total"":117000,""nama"":""CHOCOLATE CRISPY"",""hargaPerBox"":117000,""isiPerBox"":30,""qtyBox"":1,""productId"":""ETb42XTcLpBbcC1aLhcb""},{""qtyBox"":1,""productId"":""L0uQuYqgS8Q4smIuyRs4"",""isiPerBox"":30,""nama"":""CRISPY BALLS COOKIS"",""hargaPerBox"":118500,""total"":118500},{""isiPerBox"":40,""qtyBox"":1,""hargaPerBox"":92500,""nama"":""MOCHI VANILLA"",""total"":92500,""productId"":""xJbJEd4mYcSMcB4V4492""},{""nama"":""SUNDAE STRAWBERRY"",""isiPerBox"":24,""total"":97000,""hargaPerBox"":97000,""qtyBox"":1,""productId"":""aok5I2XQHFg2m97mC387""},{""total"":96500,""isiPerBox"":40,""hargaPerBox"":96500,""qtyBox"":1,""nama"":""TARO CRISPY"",""productId"":""U3qfJlCyL3zOiNLFUFkb""}]","TOKO MBAK RINI","Order dari kunjungan: ","521500"
"GdcYGsQ8SgYISyV1Gkxq","K1919","2025-10-06T06:24:01.326Z","ofWTyzpsse8zoCymsmtO","[{""total"":160000,""productId"":""NOHAYE89jzvVJFKZcLFB"",""hargaPerBox"":80000,""isiPerBox"":50,""nama"":""CHOCO MALT"",""qtyBox"":2},{""hargaPerBox"":93500,""isiPerBox"":60,""qtyBox"":2,""total"":187000,""nama"":""MIKI-MIKI DOUBLE CHOCO"",""productId"":""R52hO3IOVzVI3PRqPmGP""},{""isiPerBox"":50,""nama"":""NANAS"",""qtyBox"":1,""productId"":""Msk1v54GqR6gX6mqxqGS"",""total"":77500,""hargaPerBox"":77500}]","AL HUSNA 5 PANCUR","Order dari kunjungan: ","424500"
"GdyKGc4qj9mjoAIQL4Yt","K1936","2025-11-14T09:51:35.000Z","ZwFykP7rgzkf1aJM6g3n","[{""productId"":""bIHGFn5MHtXpqVeM9enF"",""total"":97500,""hargaPerBox"":97500,""qtyBox"":1,""nama"":""CHOCOMELT CONE"",""isiPerBox"":24},{""hargaPerBox"":77500,""nama"":""SEMANGKA"",""isiPerBox"":50,""productId"":""k7TnmqAqR1yAmsY042eK"",""qtyBox"":1,""total"":77500},{""hargaPerBox"":97000,""isiPerBox"":24,""qtyBox"":1,""total"":97000,""nama"":""SUNDAE CHOCOLATE"",""productId"":""QLk1TKlyQAC1EHOPZ7M6""},{""nama"":""SWEET CORN"",""hargaPerBox"":96000,""total"":96000,""isiPerBox"":40,""productId"":""bNkl5FX7SlWzgxLhu2Pw"",""qtyBox"":1},{""nama"":""TARO CRISPY"",""isiPerBox"":40,""total"":96500,""hargaPerBox"":96500,""productId"":""U3qfJlCyL3zOiNLFUFkb"",""qtyBox"":1}]","TOKO HAPSARI","Order dari kunjungan:","464500"
"GkRkifnwFN3T11m3QZO8","K0424","2025-10-07T05:36:55.216Z","B8hPBUTijMD2pKkhKEoc","[{""productId"":""NOHAYE89jzvVJFKZcLFB"",""hargaPerBox"":80000,""qtyBox"":1,""total"":80000,""isiPerBox"":50,""nama"":""CHOCO MALT""},{""isiPerBox"":50,""nama"":""CHOCOLATE STICK"",""total"":97000,""productId"":""IDeDw8ay7rGfQANXeYLM"",""hargaPerBox"":97000,""qtyBox"":1},{""hargaPerBox"":94500,""nama"":""MOCHI MANGO"",""isiPerBox"":40,""productId"":""PnPJnogSXAiytWfTxQWM"",""total"":94500,""qtyBox"":1},{""isiPerBox"":40,""total"":92500,""hargaPerBox"":92500,""productId"":""xJbJEd4mYcSMcB4V4492"",""qtyBox"":1,""nama"":""MOCHI VANILLA""}]","WIWIK","Order dari kunjungan: ","364000"
"GmGecQ6Aw7QrjpVrg49H","K1928","2025-11-04T09:36:54.391Z","gTE9rpKizzrf2b3XMEkU","[{""isiPerBox"":50,""total"":160000,""hargaPerBox"":80000,""productId"":""NOHAYE89jzvVJFKZcLFB"",""qtyBox"":2,""nama"":""CHOCO MALT""},{""nama"":""CRISPY BALLS COOKIS"",""total"":237000,""isiPerBox"":40,""productId"":""L0uQuYqgS8Q4smIuyRs4"",""hargaPerBox"":118500,""qtyBox"":2},{""hargaPerBox"":124800,""qtyBox"":1,""isiPerBox"":40,""productId"":""sKjCtHbEsvTpBhbQOyHB"",""total"":124800,""nama"":""FRUITY ROLL""},{""nama"":""SWEET CORN"",""productId"":""bNkl5FX7SlWzgxLhu2Pw"",""isiPerBox"":40,""total"":96000,""qtyBox"":1,""hargaPerBox"":96000},{""productId"":""U3qfJlCyL3zOiNLFUFkb"",""hargaPerBox"":96500,""nama"":""TARO CRISPY"",""isiPerBox"":40,""total"":96500,""qtyBox"":1}]","MI ASSALAM SINGOROJO","","714300"
"GrYZ2q3PvIfmJ0qfnHvp","K1528","2025-10-22T07:36:34.228Z","uyiOKpYICdUeSfb42aOn","[{""hargaPerBox"":80000,""qtyBox"":1,""productId"":""NOHAYE89jzvVJFKZcLFB"",""isiPerBox"":50,""total"":80000,""nama"":""CHOCO MALT""},{""isiPerBox"":40,""total"":118500,""nama"":""CRISPY BALLS COOKIS"",""productId"":""L0uQuYqgS8Q4smIuyRs4"",""hargaPerBox"":118500,""qtyBox"":1},{""qtyBox"":1,""isiPerBox"":40,""productId"":""EF26XY2EwO1i35LRXuBv"",""hargaPerBox"":92500,""total"":92500,""nama"":""MOCHI PEACH""},{""productId"":""QLk1TKlyQAC1EHOPZ7M6"",""total"":97000,""hargaPerBox"":97000,""qtyBox"":1,""isiPerBox"":24,""nama"":""SUNDAE CHOCOLATE""},{""total"":97000,""qtyBox"":1,""hargaPerBox"":97000,""isiPerBox"":24,""nama"":""SUNDAE STRAWBERRY"",""productId"":""aok5I2XQHFg2m97mC387""}]","TOKO SOCHIBATUL MUNAWAROH","Order dari kunjungan: ","485000"
"GvCT51zSNNacK20vPlLU","K0392","2025-11-02T07:22:53.541Z","z3pT9BDTtISnQFgCmOtx","[{""hargaPerBox"":97000,""isiPerBox"":50,""nama"":""CHOCOLATE STICK (BINGO)"",""total"":97000,""qtyBox"":1,""productId"":""IDeDw8ay7rGfQANXeYLM""},{""productId"":""BaaVl0Oq2oHnOUy1Cfuw"",""nama"":""COFFE CRISPY"",""total"":110000,""qtyBox"":1,""isiPerBox"":40,""hargaPerBox"":110000},{""hargaPerBox"":118500,""isiPerBox"":40,""qtyBox"":10,""total"":1185000,""productId"":""L0uQuYqgS8Q4smIuyRs4"",""nama"":""CRISPY BALLS COOKIS""},{""nama"":""MOCHI VANILLA"",""hargaPerBox"":92500,""productId"":""xJbJEd4mYcSMcB4V4492"",""qtyBox"":1,""isiPerBox"":40,""total"":92500},{""productId"":""bNkl5FX7SlWzgxLhu2Pw"",""isiPerBox"":40,""nama"":""SWEET CORN"",""total"":96000,""qtyBox"":1,""hargaPerBox"":96000}]","ELLA 3 SMK PUTRI BALEKAMBANG","","1580500"
"H9f52TmBjRFSOaABD4Ra","K1614","2025-10-28T07:04:25.000Z","UakrWJWMX4JcwWKopZSl","[{""hargaPerBox"":80000,""nama"":""CHOCO MALT"",""productId"":""NOHAYE89jzvVJFKZcLFB"",""qtyBox"":1,""isiPerBox"":50,""total"":80000},{""hargaPerBox"":97500,""productId"":""bIHGFn5MHtXpqVeM9enF"",""total"":97500,""isiPerBox"":24,""qtyBox"":1,""nama"":""CHOCOMELT CONE""},{""isiPerBox"":40,""qtyBox"":1,""hargaPerBox"":118500,""nama"":""CRISPY BALLS COOKIS"",""total"":118500,""productId"":""L0uQuYqgS8Q4smIuyRs4""},{""productId"":""PnPJnogSXAiytWfTxQWM"",""nama"":""MOCHI MANGO"",""total"":94500,""qtyBox"":1,""isiPerBox"":40,""hargaPerBox"":94500},{""nama"":""MOCHI VANILLA"",""productId"":""xJbJEd4mYcSMcB4V4492"",""hargaPerBox"":92500,""total"":92500,""qtyBox"":1,""isiPerBox"":40},{""hargaPerBox"":77500,""isiPerBox"":50,""nama"":""NANAS"",""total"":77500,""qtyBox"":1,""productId"":""Msk1v54GqR6gX6mqxqGS""},{""nama"":""SUNDAE CHOCOLATE"",""total"":97000,""hargaPerBox"":97000,""productId"":""QLk1TKlyQAC1EHOPZ7M6"",""qtyBox"":1,""isiPerBox"":24},{""qtyBox"":1,""productId"":""bNkl5FX7SlWzgxLhu2Pw"",""nama"":""SWEET CORN"",""isiPerBox"":40,""total"":96000,""hargaPerBox"":96000},{""qtyBox"":1,""total"":96500,""hargaPerBox"":96500,""productId"":""U3qfJlCyL3zOiNLFUFkb"",""isiPerBox"":40,""nama"":""TARO CRISPY""},{""isiPerBox"":48,""nama"":""VANILLA BERRY CONE"",""qtyBox"":1,""total"":115200,""productId"":""Hzn6DvSXYxLmhtuekqkk"",""hargaPerBox"":115200}]","M. FAIZUN","","965200"
"HE9RDfDBKeijsE0eJ4Za","K2066","2025-10-20T01:43:58.233Z","WbtoNXx8lwUgS8s1ojLR","[{""total"":93500,""qtyBox"":1,""nama"":""MIKI-MIKI DOUBLE CHOCO"",""isiPerBox"":60,""hargaPerBox"":93500,""productId"":""R52hO3IOVzVI3PRqPmGP""},{""productId"":""IObGPAtQC6EtHr2XcpUY"",""isiPerBox"":40,""qtyBox"":1,""total"":93500,""hargaPerBox"":93500,""nama"":""MOCHI CHOCOLATE""},{""isiPerBox"":40,""productId"":""4ZGi81slpOycqNbJ8lvW"",""total"":110000,""nama"":""STRAWBERRY CRISPY"",""hargaPerBox"":110000,""qtyBox"":1}]","BU ISTIANAH ( MTS URWATIL WATSQO )","","297000"
"I2Ymkr9EefqTAYTFQ5sb","K1286","2025-11-11T01:34:08.522Z","MBtynOjLtaD7KngRrvOo","[{""isiPerBox"":40,""total"":237000,""productId"":""L0uQuYqgS8Q4smIuyRs4"",""nama"":""CRISPY BALLS COOKIS"",""hargaPerBox"":118500,""qtyBox"":2},{""nama"":""MANGO SLUSH"",""total"":90500,""qtyBox"":1,""hargaPerBox"":90500,""productId"":""xaB42zjrDkGuzdTP7tpO"",""isiPerBox"":30},{""total"":77500,""isiPerBox"":50,""productId"":""k7TnmqAqR1yAmsY042eK"",""hargaPerBox"":77500,""qtyBox"":1,""nama"":""SEMANGKA""},{""total"":96000,""hargaPerBox"":96000,""nama"":""SWEET CORN"",""isiPerBox"":40,""productId"":""bNkl5FX7SlWzgxLhu2Pw"",""qtyBox"":1}]","RIYADLUL QUR'AN","Order dari kunjungan: ","501000"
"Iji2OM6ON0IoqDvztAlK","K1409","2025-10-25T04:27:53.273Z","Hfn7DH6eAWCVrAkmczwl","[{""total"":97500,""isiPerBox"":24,""qtyBox"":1,""productId"":""bIHGFn5MHtXpqVeM9enF"",""nama"":""CHOCOMELT CONE"",""hargaPerBox"":97500},{""qtyBox"":1,""total"":118500,""productId"":""L0uQuYqgS8Q4smIuyRs4"",""nama"":""CRISPY BALLS COOKIS"",""isiPerBox"":40,""hargaPerBox"":118500},{""qtyBox"":1,""total"":93500,""isiPerBox"":60,""productId"":""R52hO3IOVzVI3PRqPmGP"",""hargaPerBox"":93500,""nama"":""MIKI-MIKI DOUBLE CHOCO""},{""hargaPerBox"":97000,""isiPerBox"":24,""productId"":""QLk1TKlyQAC1EHOPZ7M6"",""nama"":""SUNDAE CHOCOLATE"",""qtyBox"":1,""total"":97000},{""productId"":""bNkl5FX7SlWzgxLhu2Pw"",""isiPerBox"":40,""hargaPerBox"":96000,""nama"":""SWEET CORN"",""total"":96000,""qtyBox"":1}]","TOKO BINTANI MART","","502500"
"IsfOlLaYYnFO3ifHhIcF","K0504","2025-10-17T06:52:25.000Z","97dQ3fc5oJLPHPNSZvPe","[{""nama"":""2 COLOR"",""total"":92000,""hargaPerBox"":92000,""productId"":""jJ0aqMzW8XNZeKsXBWuQ"",""isiPerBox"":40,""qtyBox"":1},{""productId"":""IDeDw8ay7rGfQANXeYLM"",""hargaPerBox"":97000,""isiPerBox"":50,""qtyBox"":1,""nama"":""CHOCOLATE STICK"",""total"":97000},{""hargaPerBox"":118500,""total"":118500,""qtyBox"":1,""isiPerBox"":40,""productId"":""L0uQuYqgS8Q4smIuyRs4"",""nama"":""CRISPY BALLS COOKIS""},{""hargaPerBox"":124800,""isiPerBox"":40,""total"":124800,""productId"":""sKjCtHbEsvTpBhbQOyHB"",""qtyBox"":1,""nama"":""FRUITY ROLL""},{""isiPerBox"":30,""hargaPerBox"":90500,""nama"":""MANGO SLUSH"",""total"":90500,""productId"":""xaB42zjrDkGuzdTP7tpO"",""qtyBox"":1},{""qtyBox"":1,""isiPerBox"":60,""hargaPerBox"":93500,""total"":93500,""productId"":""Uu5WSQZmqTLoXc9oxlUj"",""nama"":""MIKI-MIKI""},{""qtyBox"":1,""nama"":""MILK MELON"",""total"":95000,""productId"":""y44wV7EqlAwgQKUJj38O"",""hargaPerBox"":95000,""isiPerBox"":40},{""qtyBox"":1,""isiPerBox"":24,""total"":97000,""productId"":""QLk1TKlyQAC1EHOPZ7M6"",""hargaPerBox"":97000,""nama"":""SUNDAE CHOCOLATE""},{""total"":96500,""qtyBox"":1,""productId"":""U3qfJlCyL3zOiNLFUFkb"",""isiPerBox"":40,""nama"":""TARO CRISPY"",""hargaPerBox"":96500}]","SUMUK CELL","","904800"
"Ixg8OI32AL0BppWlxtKd","K1607","2025-10-21T02:47:27.922Z","xLheMxVZ8I1BWrwmFw48","[{""nama"":""CRISPY BALLS COOKIS"",""isiPerBox"":40,""productId"":""L0uQuYqgS8Q4smIuyRs4"",""total"":118500,""qtyBox"":1,""hargaPerBox"":118500},{""isiPerBox"":30,""productId"":""xaB42zjrDkGuzdTP7tpO"",""nama"":""MANGO SLUSH"",""total"":90500,""hargaPerBox"":90500,""qtyBox"":1},{""productId"":""k7TnmqAqR1yAmsY042eK"",""isiPerBox"":50,""qtyBox"":1,""total"":77500,""hargaPerBox"":77500,""nama"":""SEMANGKA""},{""total"":97000,""qtyBox"":1,""nama"":""SUNDAE CHOCOLATE"",""isiPerBox"":24,""hargaPerBox"":97000,""productId"":""QLk1TKlyQAC1EHOPZ7M6""},{""qtyBox"":1,""hargaPerBox"":96000,""productId"":""bNkl5FX7SlWzgxLhu2Pw"",""nama"":""SWEET CORN"",""total"":96000,""isiPerBox"":40}]","TOKO HALIMAH","Order dari kunjungan: ","479500"
"J4N6TzwazwIbzY3Gxtkd","K1149","2025-10-06T09:03:24.118Z","ahRcxXhTEcb9lxNWNaut","[{""hargaPerBox"":92000,""total"":92000,""qtyBox"":1,""nama"":""2 COLOR"",""productId"":""jJ0aqMzW8XNZeKsXBWuQ"",""isiPerBox"":40},{""isiPerBox"":40,""hargaPerBox"":124800,""qtyBox"":1,""total"":124800,""productId"":""sKjCtHbEsvTpBhbQOyHB"",""nama"":""FRUITY ROLL""},{""total"":97000,""nama"":""SUNDAE CHOCOLATE"",""productId"":""QLk1TKlyQAC1EHOPZ7M6"",""hargaPerBox"":97000,""isiPerBox"":24,""qtyBox"":1},{""qtyBox"":1,""isiPerBox"":40,""total"":96000,""hargaPerBox"":96000,""nama"":""SWEET CORN"",""productId"":""bNkl5FX7SlWzgxLhu2Pw""},{""total"":96500,""isiPerBox"":40,""productId"":""U3qfJlCyL3zOiNLFUFkb"",""hargaPerBox"":96500,""nama"":""TARO CRISPY"",""qtyBox"":1}]","TIGA SAUDARA 2","","506300"
"JEljklTvGCOhDq60kopC","K1543","2025-10-29T09:33:29.261Z","ZPG57TQu3HgMHFcjJS94","[{""productId"":""NOHAYE89jzvVJFKZcLFB"",""nama"":""CHOCO MALT"",""hargaPerBox"":80000,""total"":80000,""isiPerBox"":50,""qtyBox"":1},{""hargaPerBox"":117000,""total"":117000,""qtyBox"":1,""nama"":""CHOCOLATE CRISPY"",""isiPerBox"":30,""productId"":""ETb42XTcLpBbcC1aLhcb""},{""qtyBox"":1,""isiPerBox"":50,""total"":97000,""productId"":""IDeDw8ay7rGfQANXeYLM"",""hargaPerBox"":97000,""nama"":""CHOCOLATE STICK (BINGO)""},{""total"":97500,""hargaPerBox"":97500,""productId"":""bIHGFn5MHtXpqVeM9enF"",""isiPerBox"":24,""nama"":""CHOCOMELT CONE"",""qtyBox"":1},{""hargaPerBox"":90500,""total"":90500,""isiPerBox"":30,""productId"":""xaB42zjrDkGuzdTP7tpO"",""qtyBox"":1,""nama"":""MANGO SLUSH""},{""isiPerBox"":40,""nama"":""MOCHI MANGO"",""qtyBox"":1,""productId"":""PnPJnogSXAiytWfTxQWM"",""hargaPerBox"":94500,""total"":94500},{""hargaPerBox"":92500,""nama"":""MOCHI VANILLA"",""total"":92500,""isiPerBox"":40,""qtyBox"":1,""productId"":""xJbJEd4mYcSMcB4V4492""},{""total"":77500,""isiPerBox"":50,""productId"":""Msk1v54GqR6gX6mqxqGS"",""nama"":""NANAS"",""hargaPerBox"":77500,""qtyBox"":1},{""hargaPerBox"":97000,""nama"":""SUNDAE CHOCOLATE"",""qtyBox"":1,""isiPerBox"":24,""productId"":""QLk1TKlyQAC1EHOPZ7M6"",""total"":97000},{""qtyBox"":1,""productId"":""bNkl5FX7SlWzgxLhu2Pw"",""total"":96000,""hargaPerBox"":96000,""nama"":""SWEET CORN"",""isiPerBox"":40}]","NIKMAT SEMBAKO","","939500"
"JFcScaRreuKHZSu4Hmxc","K1725","2025-10-08T07:43:49.928Z","6pw30ZdwX1mjmVnAvMaL","[{""total"":97500,""isiPerBox"":24,""qtyBox"":1,""hargaPerBox"":97500,""nama"":""CHOCOMELT CONE"",""productId"":""bIHGFn5MHtXpqVeM9enF""},{""total"":118500,""isiPerBox"":40,""productId"":""L0uQuYqgS8Q4smIuyRs4"",""hargaPerBox"":118500,""nama"":""CRISPY BALLS COOKIS"",""qtyBox"":1},{""hargaPerBox"":78000,""nama"":""JERUK"",""isiPerBox"":50,""qtyBox"":1,""total"":78000,""productId"":""N8oPUfk4JcfNuyfZeRcM""},{""total"":93500,""qtyBox"":1,""isiPerBox"":60,""productId"":""Uu5WSQZmqTLoXc9oxlUj"",""hargaPerBox"":93500,""nama"":""MIKI-MIKI""},{""total"":77500,""nama"":""NANAS"",""productId"":""Msk1v54GqR6gX6mqxqGS"",""hargaPerBox"":77500,""qtyBox"":1,""isiPerBox"":50}]","TOKO MBAK RINI","","465000"
"JLxWQl7pOnTFCdKhOJYn","K1613","2025-10-20T07:23:12.590Z","YPpBOMPT2aukjCk1wvxw","[{""isiPerBox"":40,""qtyBox"":1,""nama"":""2 COLOR"",""hargaPerBox"":92000,""total"":92000,""productId"":""jJ0aqMzW8XNZeKsXBWuQ""},{""nama"":""CHOCOMELT CONE"",""hargaPerBox"":97500,""total"":97500,""qtyBox"":1,""isiPerBox"":24,""productId"":""bIHGFn5MHtXpqVeM9enF""},{""qtyBox"":1,""nama"":""CRISPY BALLS COOKIS"",""productId"":""L0uQuYqgS8Q4smIuyRs4"",""hargaPerBox"":118500,""total"":118500,""isiPerBox"":40},{""nama"":""CRISPY BALLS ORIGINAL"",""qtyBox"":1,""hargaPerBox"":118500,""isiPerBox"":30,""total"":118500,""productId"":""kaxtCMx6rMhQn9EbjJAw""},{""qtyBox"":1,""isiPerBox"":50,""productId"":""N8oPUfk4JcfNuyfZeRcM"",""nama"":""JERUK"",""hargaPerBox"":78000,""total"":78000},{""productId"":""R52hO3IOVzVI3PRqPmGP"",""nama"":""MIKI-MIKI DOUBLE CHOCO"",""isiPerBox"":60,""hargaPerBox"":93500,""total"":93500,""qtyBox"":1},{""total"":77500,""nama"":""SEMANGKA"",""isiPerBox"":50,""productId"":""k7TnmqAqR1yAmsY042eK"",""qtyBox"":1,""hargaPerBox"":77500},{""hargaPerBox"":97000,""isiPerBox"":24,""productId"":""QLk1TKlyQAC1EHOPZ7M6"",""total"":194000,""qtyBox"":2,""nama"":""SUNDAE CHOCOLATE""}]","ABIYAN CAKE","","869500"
"JNR1VI8prkAFd4RcplBM","K0504","2025-11-01T05:39:17.000Z","97dQ3fc5oJLPHPNSZvPe","[{""total"":80000,""qtyBox"":1,""productId"":""NOHAYE89jzvVJFKZcLFB"",""hargaPerBox"":80000,""nama"":""CHOCO MALT"",""isiPerBox"":50},{""total"":117000,""hargaPerBox"":117000,""nama"":""CHOCOLATE CRISPY"",""productId"":""ETb42XTcLpBbcC1aLhcb"",""isiPerBox"":30,""qtyBox"":1},{""hargaPerBox"":110000,""total"":110000,""productId"":""BaaVl0Oq2oHnOUy1Cfuw"",""qtyBox"":1,""isiPerBox"":40,""nama"":""COFFE CRISPY""},{""total"":118500,""isiPerBox"":30,""qtyBox"":1,""nama"":""CRISPY BALLS ORIGINAL"",""productId"":""kaxtCMx6rMhQn9EbjJAw"",""hargaPerBox"":118500},{""isiPerBox"":50,""qtyBox"":1,""total"":80000,""hargaPerBox"":80000,""nama"":""FRUIZY GRAPE"",""productId"":""KtjGECYEwOyqkWM0Iu4E""},{""productId"":""EF26XY2EwO1i35LRXuBv"",""nama"":""MOCHI PEACH"",""isiPerBox"":40,""total"":92500,""qtyBox"":1,""hargaPerBox"":92500},{""qtyBox"":1,""productId"":""bNkl5FX7SlWzgxLhu2Pw"",""nama"":""SWEET CORN"",""isiPerBox"":40,""total"":96000,""hargaPerBox"":96000},{""hargaPerBox"":115200,""qtyBox"":1,""nama"":""VANILLA BERRY CONE"",""productId"":""Hzn6DvSXYxLmhtuekqkk"",""total"":115200,""isiPerBox"":48}]","SUMUK CELL","Order dari kunjungan: ","809200"
"JorfQbm7FNUFeL6d98cb","K1533","2025-11-11T07:34:14.681Z","615zUNcqDmWisXG92rkP","[{""hargaPerBox"":80000,""nama"":""CHOCO MALT"",""qtyBox"":1,""productId"":""NOHAYE89jzvVJFKZcLFB"",""total"":80000,""isiPerBox"":50},{""isiPerBox"":30,""total"":118500,""hargaPerBox"":118500,""nama"":""CRISPY BALLS COOKIS"",""productId"":""L0uQuYqgS8Q4smIuyRs4"",""qtyBox"":1},{""nama"":""MANGO SLUSH"",""isiPerBox"":30,""qtyBox"":1,""hargaPerBox"":90500,""total"":90500,""productId"":""xaB42zjrDkGuzdTP7tpO""},{""nama"":""STRAWBERRY CRISPY"",""total"":110000,""isiPerBox"":40,""hargaPerBox"":110000,""qtyBox"":1,""productId"":""4ZGi81slpOycqNbJ8lvW""},{""isiPerBox"":40,""nama"":""SWEET CORN"",""hargaPerBox"":96000,""total"":96000,""productId"":""bNkl5FX7SlWzgxLhu2Pw"",""qtyBox"":1},{""isiPerBox"":40,""qtyBox"":1,""hargaPerBox"":96500,""total"":96500,""nama"":""TARO CRISPY"",""productId"":""U3qfJlCyL3zOiNLFUFkb""}]","TOKO M ANIQ ALFARUQI","","591500"
"JrWc7dSh38UcAzBjTVTe","K1197","2025-10-09T04:16:00.959Z","hWaUvcWJzlPMr3hZZqH7","[{""productId"":""NOHAYE89jzvVJFKZcLFB"",""nama"":""CHOCO MALT"",""hargaPerBox"":80000,""total"":80000,""qtyBox"":1,""isiPerBox"":50},{""qtyBox"":1,""total"":117000,""hargaPerBox"":117000,""isiPerBox"":30,""nama"":""CHOCOLATE CRISPY"",""productId"":""ETb42XTcLpBbcC1aLhcb""},{""total"":97500,""hargaPerBox"":97500,""productId"":""bIHGFn5MHtXpqVeM9enF"",""qtyBox"":1,""isiPerBox"":24,""nama"":""CHOCOMELT CONE""},{""total"":110000,""productId"":""BaaVl0Oq2oHnOUy1Cfuw"",""hargaPerBox"":110000,""nama"":""COFFE CRISPY"",""isiPerBox"":40,""qtyBox"":1},{""productId"":""L0uQuYqgS8Q4smIuyRs4"",""qtyBox"":1,""nama"":""CRISPY BALLS COOKIS"",""hargaPerBox"":118500,""total"":118500,""isiPerBox"":40},{""nama"":""FRUITY ROLL"",""productId"":""sKjCtHbEsvTpBhbQOyHB"",""total"":124800,""hargaPerBox"":124800,""isiPerBox"":40,""qtyBox"":1},{""nama"":""FRUIZY BLUEBERRY YOGURT"",""isiPerBox"":40,""productId"":""iegvzVPz0yZbNTHzwcj3"",""qtyBox"":1,""hargaPerBox"":96000,""total"":96000},{""hargaPerBox"":93500,""productId"":""R52hO3IOVzVI3PRqPmGP"",""total"":93500,""qtyBox"":1,""nama"":""MIKI-MIKI DOUBLE CHOCO"",""isiPerBox"":60},{""total"":110000,""productId"":""4ZGi81slpOycqNbJ8lvW"",""nama"":""STRAWBERRY CRISPY"",""hargaPerBox"":110000,""qtyBox"":1,""isiPerBox"":40},{""hargaPerBox"":96000,""nama"":""SWEET CORN"",""qtyBox"":1,""productId"":""bNkl5FX7SlWzgxLhu2Pw"",""total"":96000,""isiPerBox"":40}]","LINAWATI SMU MUH 2","Order dari kunjungan:","1043300"
"JwbMT5dHoXiANoQHBHDB","K0391","2025-10-08T05:43:52.134Z","j5OQBnhs4A8lXEY9aNI4","[{""total"":80000,""hargaPerBox"":80000,""nama"":""CHOCO MALT"",""productId"":""NOHAYE89jzvVJFKZcLFB"",""isiPerBox"":50,""qtyBox"":1},{""total"":118500,""qtyBox"":1,""hargaPerBox"":118500,""isiPerBox"":40,""nama"":""CRISPY BALLS COOKIS"",""productId"":""L0uQuYqgS8Q4smIuyRs4""},{""qtyBox"":1,""isiPerBox"":40,""hargaPerBox"":96000,""productId"":""iegvzVPz0yZbNTHzwcj3"",""total"":96000,""nama"":""FRUIZY BLUEBERRY YOGURT""},{""hargaPerBox"":93500,""nama"":""MIKI-MIKI DOUBLE CHOCO"",""productId"":""R52hO3IOVzVI3PRqPmGP"",""qtyBox"":1,""total"":93500,""isiPerBox"":60},{""hargaPerBox"":77500,""isiPerBox"":50,""total"":77500,""qtyBox"":1,""nama"":""SEMANGKA"",""productId"":""k7TnmqAqR1yAmsY042eK""},{""hargaPerBox"":96000,""productId"":""bNkl5FX7SlWzgxLhu2Pw"",""qtyBox"":1,""total"":96000,""nama"":""SWEET CORN"",""isiPerBox"":40}]","ELLA 2 KANTIN MTS BALEKAMBANG","","561500"
"K4SLDTQDaWfri34LtAft","K1649","2025-11-07T05:15:52.912Z","LrDGivjSfm58oJ7eILXz","[{""total"":97000,""qtyBox"":1,""isiPerBox"":50,""productId"":""IDeDw8ay7rGfQANXeYLM"",""nama"":""CHOCOLATE STICK (BINGO)"",""hargaPerBox"":97000},{""productId"":""BaaVl0Oq2oHnOUy1Cfuw"",""hargaPerBox"":110000,""total"":110000,""qtyBox"":1,""isiPerBox"":40,""nama"":""COFFE CRISPY""},{""total"":96000,""qtyBox"":1,""isiPerBox"":40,""nama"":""FRUIZY BLUEBERRY YOGURT"",""hargaPerBox"":96000,""productId"":""iegvzVPz0yZbNTHzwcj3""},{""total"":78000,""isiPerBox"":50,""hargaPerBox"":78000,""nama"":""JERUK"",""qtyBox"":1,""productId"":""N8oPUfk4JcfNuyfZeRcM""},{""qtyBox"":1,""hargaPerBox"":90500,""total"":90500,""productId"":""xaB42zjrDkGuzdTP7tpO"",""isiPerBox"":30,""nama"":""MANGO SLUSH""},{""qtyBox"":1,""productId"":""Uu5WSQZmqTLoXc9oxlUj"",""total"":93500,""nama"":""MIKI-MIKI"",""isiPerBox"":60,""hargaPerBox"":93500},{""qtyBox"":1,""productId"":""R52hO3IOVzVI3PRqPmGP"",""nama"":""MIKI-MIKI DOUBLE CHOCO"",""total"":93500,""isiPerBox"":60,""hargaPerBox"":93500},{""total"":77500,""isiPerBox"":50,""nama"":""SEMANGKA"",""productId"":""k7TnmqAqR1yAmsY042eK"",""hargaPerBox"":77500,""qtyBox"":1},{""total"":110000,""isiPerBox"":40,""nama"":""STRAWBERRY CRISPY"",""qtyBox"":1,""hargaPerBox"":110000,""productId"":""4ZGi81slpOycqNbJ8lvW""},{""nama"":""SWEET CORN"",""total"":96000,""hargaPerBox"":96000,""productId"":""bNkl5FX7SlWzgxLhu2Pw"",""isiPerBox"":40,""qtyBox"":1}]","WARUNG MADURA AL-AMIN 2","Order dari kunjungan: ","942000"
"KKSj88pgpTLIKUowiCaC","K1759","2025-10-23T17:00:00.000Z","dFJRnjEcCGZjVJ3vtZTF","[{""productId"":""ETb42XTcLpBbcC1aLhcb"",""qtyBox"":1,""nama"":""CHOCOLATE CRISPY"",""total"":117000,""isiPerBox"":30,""hargaPerBox"":117000},{""productId"":""N8oPUfk4JcfNuyfZeRcM"",""total"":78000,""isiPerBox"":50,""hargaPerBox"":78000,""nama"":""JERUK"",""qtyBox"":1},{""nama"":""MIKI-MIKI"",""isiPerBox"":60,""productId"":""Uu5WSQZmqTLoXc9oxlUj"",""hargaPerBox"":93500,""qtyBox"":1,""total"":93500},{""productId"":""R52hO3IOVzVI3PRqPmGP"",""qtyBox"":1,""total"":93500,""isiPerBox"":60,""nama"":""MIKI-MIKI DOUBLE CHOCO"",""hargaPerBox"":93500},{""qtyBox"":1,""nama"":""SEMANGKA"",""productId"":""k7TnmqAqR1yAmsY042eK"",""total"":77500,""isiPerBox"":50,""hargaPerBox"":77500},{""productId"":""4ZGi81slpOycqNbJ8lvW"",""total"":110000,""isiPerBox"":40,""qtyBox"":1,""nama"":""STRAWBERRY CRISPY"",""hargaPerBox"":110000},{""nama"":""SWEET CORN"",""total"":192000,""qtyBox"":2,""isiPerBox"":40,""productId"":""bNkl5FX7SlWzgxLhu2Pw"",""hargaPerBox"":96000}]","SD IT AL HUSNA 2","","761500"
"L9cK4V1QBsAIhMMpRHQZ","K0462","2025-10-30T05:42:04.000Z","wa6cy9OSn1Nt8nknPGk4","[{""qtyBox"":1,""productId"":""ETb42XTcLpBbcC1aLhcb"",""isiPerBox"":30,""nama"":""CHOCOLATE CRISPY"",""total"":117000,""hargaPerBox"":117000},{""hargaPerBox"":97500,""nama"":""CHOCOMELT CONE"",""isiPerBox"":24,""qtyBox"":1,""productId"":""bIHGFn5MHtXpqVeM9enF"",""total"":97500},{""total"":110000,""nama"":""COFFE CRISPY"",""qtyBox"":1,""productId"":""BaaVl0Oq2oHnOUy1Cfuw"",""isiPerBox"":40,""hargaPerBox"":110000},{""total"":97000,""nama"":""SUNDAE CHOCOLATE"",""qtyBox"":1,""productId"":""QLk1TKlyQAC1EHOPZ7M6"",""isiPerBox"":24,""hargaPerBox"":97000},{""hargaPerBox"":96500,""total"":96500,""qtyBox"":1,""productId"":""U3qfJlCyL3zOiNLFUFkb"",""nama"":""TARO CRISPY"",""isiPerBox"":40}]","YANI","Order dari kunjungan: ","518000"
"LKGtkMGS9SIJkbZGBWXN","K0379","2025-10-28T03:13:49.000Z","xp0ZRBc7iUKQ0VDFMW5Y","[{""nama"":""MIKI-MIKI"",""hargaPerBox"":93500,""productId"":""Uu5WSQZmqTLoXc9oxlUj"",""isiPerBox"":60,""total"":93500,""qtyBox"":1},{""total"":94500,""hargaPerBox"":94500,""productId"":""PnPJnogSXAiytWfTxQWM"",""nama"":""MOCHI MANGO"",""qtyBox"":1,""isiPerBox"":40},{""isiPerBox"":40,""productId"":""xJbJEd4mYcSMcB4V4492"",""hargaPerBox"":92500,""nama"":""MOCHI VANILLA"",""qtyBox"":1,""total"":92500},{""nama"":""STRAWBERRY CRISPY"",""total"":110000,""qtyBox"":1,""hargaPerBox"":110000,""productId"":""4ZGi81slpOycqNbJ8lvW"",""isiPerBox"":40},{""isiPerBox"":48,""total"":115200,""nama"":""VANILLA BERRY CONE"",""productId"":""Hzn6DvSXYxLmhtuekqkk"",""hargaPerBox"":115200,""qtyBox"":1}]","MBAK YUYUN","Order dari kunjungan: ","505700"
"LkALuf84mp7cmAJrYnYi","K1987","2025-11-12T05:12:25.033Z","CfKdWWsPbcqw3KjtwI29","[{""total"":97500,""qtyBox"":1,""productId"":""bIHGFn5MHtXpqVeM9enF"",""isiPerBox"":24,""hargaPerBox"":97500,""nama"":""CHOCOMELT CONE""},{""hargaPerBox"":97000,""isiPerBox"":24,""nama"":""SUNDAE CHOCOLATE"",""productId"":""QLk1TKlyQAC1EHOPZ7M6"",""total"":97000,""qtyBox"":1},{""nama"":""SUNDAE STRAWBERRY"",""hargaPerBox"":97000,""total"":97000,""isiPerBox"":24,""qtyBox"":1,""productId"":""aok5I2XQHFg2m97mC387""},{""nama"":""TARO CRISPY"",""isiPerBox"":40,""productId"":""U3qfJlCyL3zOiNLFUFkb"",""total"":96500,""qtyBox"":1,""hargaPerBox"":96500}]","NOR AMIN MAHMUD","Order dari kunjungan: ","388000"
"LluYrO4iODgMr9euphBs","K0391","2025-10-07T04:52:39.401Z","j5OQBnhs4A8lXEY9aNI4","[{""hargaPerBox"":80000,""nama"":""CHOCO MALT"",""qtyBox"":1,""isiPerBox"":50,""productId"":""NOHAYE89jzvVJFKZcLFB"",""total"":80000},{""total"":117000,""isiPerBox"":30,""hargaPerBox"":117000,""nama"":""CHOCOLATE CRISPY"",""qtyBox"":1,""productId"":""ETb42XTcLpBbcC1aLhcb""},{""nama"":""CRISPY BALLS COOKIS"",""productId"":""L0uQuYqgS8Q4smIuyRs4"",""qtyBox"":1,""isiPerBox"":40,""hargaPerBox"":118500,""total"":118500},{""qtyBox"":1,""isiPerBox"":40,""hargaPerBox"":96000,""productId"":""bNkl5FX7SlWzgxLhu2Pw"",""nama"":""SWEET CORN"",""total"":96000},{""productId"":""U3qfJlCyL3zOiNLFUFkb"",""qtyBox"":1,""isiPerBox"":40,""total"":96500,""hargaPerBox"":96500,""nama"":""TARO CRISPY""}]","ELLA 2 KANTIN MTS BALEKAMBANG","","508000"
"LofQGbHIAtYIMnTjaYtW","K0352","2025-10-29T07:23:16.000Z","P3S3LmNnq4sCQ7YUieWO","[{""total"":192000,""productId"":""bNkl5FX7SlWzgxLhu2Pw"",""qtyBox"":2,""isiPerBox"":40,""nama"":""SWEET CORN"",""hargaPerBox"":96000},{""isiPerBox"":40,""total"":96500,""nama"":""TARO CRISPY"",""hargaPerBox"":96500,""productId"":""U3qfJlCyL3zOiNLFUFkb"",""qtyBox"":1}]","APOTEK PANCUR","","288500"
"LtCrucZsesrsZa7dgJTb","K0392","2025-10-20T09:33:32.318Z","z3pT9BDTtISnQFgCmOtx","[{""qtyBox"":1,""isiPerBox"":50,""nama"":""CHOCO MALT"",""hargaPerBox"":80000,""productId"":""NOHAYE89jzvVJFKZcLFB"",""total"":80000},{""total"":97500,""hargaPerBox"":97500,""qtyBox"":1,""isiPerBox"":24,""productId"":""bIHGFn5MHtXpqVeM9enF"",""nama"":""CHOCOMELT CONE""},{""hargaPerBox"":118500,""productId"":""L0uQuYqgS8Q4smIuyRs4"",""isiPerBox"":40,""qtyBox"":10,""nama"":""CRISPY BALLS COOKIS"",""total"":1185000},{""isiPerBox"":60,""total"":93500,""nama"":""MIKI-MIKI"",""hargaPerBox"":93500,""productId"":""Uu5WSQZmqTLoXc9oxlUj"",""qtyBox"":1},{""total"":97500,""productId"":""DoKWCzEByEeYXQFxFinE"",""qtyBox"":1,""isiPerBox"":24,""nama"":""STRAWBERRY CONE"",""hargaPerBox"":97500}]","ELLA 3 SMK PUTRI BALEKAMBANG","","1553500"
"M7IjSSypjJKMyNgHgB6b","K0352","2025-10-27T09:38:21.000Z","P3S3LmNnq4sCQ7YUieWO","[{""qtyBox"":1,""hargaPerBox"":117000,""nama"":""CHOCOLATE CRISPY"",""total"":117000,""productId"":""ETb42XTcLpBbcC1aLhcb"",""isiPerBox"":30},{""productId"":""IDeDw8ay7rGfQANXeYLM"",""qtyBox"":1,""isiPerBox"":50,""hargaPerBox"":97000,""total"":97000,""nama"":""CHOCOLATE STICK (BINGO)""},{""nama"":""CRISPY BALLS COOKIS"",""qtyBox"":1,""isiPerBox"":40,""total"":118500,""hargaPerBox"":118500,""productId"":""L0uQuYqgS8Q4smIuyRs4""},{""productId"":""iegvzVPz0yZbNTHzwcj3"",""qtyBox"":1,""nama"":""FRUIZY BLUEBERRY YOGURT"",""isiPerBox"":40,""hargaPerBox"":96000,""total"":96000},{""isiPerBox"":50,""productId"":""N8oPUfk4JcfNuyfZeRcM"",""nama"":""JERUK"",""qtyBox"":1,""hargaPerBox"":78000,""total"":78000},{""qtyBox"":1,""productId"":""xaB42zjrDkGuzdTP7tpO"",""total"":90500,""isiPerBox"":30,""hargaPerBox"":90500,""nama"":""MANGO SLUSH""},{""isiPerBox"":40,""nama"":""MOCHI PEACH"",""productId"":""EF26XY2EwO1i35LRXuBv"",""hargaPerBox"":92500,""qtyBox"":1,""total"":92500},{""qtyBox"":1,""isiPerBox"":50,""hargaPerBox"":77500,""productId"":""Msk1v54GqR6gX6mqxqGS"",""nama"":""NANAS"",""total"":77500},{""qtyBox"":1,""isiPerBox"":24,""hargaPerBox"":97000,""productId"":""QLk1TKlyQAC1EHOPZ7M6"",""nama"":""SUNDAE CHOCOLATE"",""total"":97000},{""qtyBox"":1,""isiPerBox"":40,""productId"":""bNkl5FX7SlWzgxLhu2Pw"",""nama"":""SWEET CORN"",""hargaPerBox"":96000,""total"":96000},{""productId"":""Hzn6DvSXYxLmhtuekqkk"",""isiPerBox"":48,""nama"":""VANILLA BERRY CONE"",""hargaPerBox"":115200,""qtyBox"":1,""total"":115200}]","APOTEK PANCUR","Order dari kunjungan:","1075200"
"MEYEkSRATjSiE7ndedNq","K2101","2025-10-02T06:19:10.622Z","pfVW6jSIplI2WXaQvEB7","[{""hargaPerBox"":117000,""nama"":""CHOCOLATE CRISPY"",""productId"":""ETb42XTcLpBbcC1aLhcb"",""total"":117000,""isiPerBox"":30,""qtyBox"":1},{""productId"":""IDeDw8ay7rGfQANXeYLM"",""qtyBox"":1,""hargaPerBox"":97000,""total"":97000,""nama"":""CHOCOLATE STICK"",""isiPerBox"":50},{""nama"":""CRISPY BALLS COOKIS"",""productId"":""L0uQuYqgS8Q4smIuyRs4"",""hargaPerBox"":118500,""isiPerBox"":40,""qtyBox"":1,""total"":118500},{""hargaPerBox"":96000,""productId"":""iegvzVPz0yZbNTHzwcj3"",""qtyBox"":1,""isiPerBox"":40,""nama"":""FRUIZY BLUEBERRY YOGURT"",""total"":96000},{""total"":97000,""productId"":""QLk1TKlyQAC1EHOPZ7M6"",""qtyBox"":1,""isiPerBox"":24,""hargaPerBox"":97000,""nama"":""SUNDAE CHOCOLATE""}]","LAKSITA SWALAYAN","","525500"
"MEb8ahnbkkISWqwqT7TZ","K1751","2025-10-07T06:58:16.269Z","NKsOqczLvbzUQOrPcTvY","[{""productId"":""NOHAYE89jzvVJFKZcLFB"",""nama"":""CHOCO MALT"",""qtyBox"":2,""total"":160000,""hargaPerBox"":80000,""isiPerBox"":50},{""qtyBox"":2,""total"":192000,""hargaPerBox"":96000,""isiPerBox"":40,""productId"":""bNkl5FX7SlWzgxLhu2Pw"",""nama"":""SWEET CORN""}]","SD 1 BUARAN MAYONG","","352000"
"MNYIoZab6c818c0Nr3Y9","K1923","2025-11-08T04:00:50.010Z","kHooCaS0ksQrVzljSVVi","[{""hargaPerBox"":80000,""nama"":""CHOCO MALT"",""total"":80000,""productId"":""NOHAYE89jzvVJFKZcLFB"",""isiPerBox"":50,""qtyBox"":1},{""nama"":""CHOCOLATE STICK (BINGO)"",""total"":97000,""productId"":""IDeDw8ay7rGfQANXeYLM"",""qtyBox"":1,""isiPerBox"":50,""hargaPerBox"":97000},{""hargaPerBox"":90500,""qtyBox"":1,""nama"":""MANGO SLUSH"",""productId"":""xaB42zjrDkGuzdTP7tpO"",""isiPerBox"":30,""total"":90500},{""isiPerBox"":60,""productId"":""R52hO3IOVzVI3PRqPmGP"",""qtyBox"":1,""total"":93500,""nama"":""MIKI-MIKI DOUBLE CHOCO"",""hargaPerBox"":93500},{""qtyBox"":1,""total"":92500,""isiPerBox"":40,""nama"":""MOCHI VANILLA"",""productId"":""xJbJEd4mYcSMcB4V4492"",""hargaPerBox"":92500},{""isiPerBox"":40,""hargaPerBox"":110000,""nama"":""STRAWBERRY CRISPY"",""qtyBox"":1,""productId"":""4ZGi81slpOycqNbJ8lvW"",""total"":110000},{""isiPerBox"":24,""nama"":""SUNDAE CHOCOLATE"",""qtyBox"":1,""total"":97000,""productId"":""QLk1TKlyQAC1EHOPZ7M6"",""hargaPerBox"":97000},{""hargaPerBox"":96000,""isiPerBox"":40,""qtyBox"":1,""productId"":""bNkl5FX7SlWzgxLhu2Pw"",""nama"":""SWEET CORN"",""total"":96000}]","WAKHIDATUS SHOLEKHAH","","756500"
"MS4b3eXJL06SBjEU95UL","K0462","2025-10-09T08:44:50.895Z","wa6cy9OSn1Nt8nknPGk4","[{""nama"":""3 IN 1"",""hargaPerBox"":192000,""total"":192000,""qtyBox"":1,""isiPerBox"":27,""productId"":""F4qHZUhwkEnkGMWDyqIm""},{""nama"":""CHOCOLATE CRISPY"",""productId"":""ETb42XTcLpBbcC1aLhcb"",""hargaPerBox"":117000,""qtyBox"":1,""isiPerBox"":30,""total"":117000},{""total"":118500,""qtyBox"":1,""isiPerBox"":40,""hargaPerBox"":118500,""productId"":""L0uQuYqgS8Q4smIuyRs4"",""nama"":""CRISPY BALLS COOKIS""},{""isiPerBox"":30,""qtyBox"":1,""nama"":""CRISPY BALLS ORIGINAL"",""productId"":""kaxtCMx6rMhQn9EbjJAw"",""total"":118500,""hargaPerBox"":118500},{""total"":93500,""hargaPerBox"":93500,""nama"":""MIKI-MIKI"",""productId"":""Uu5WSQZmqTLoXc9oxlUj"",""qtyBox"":1,""isiPerBox"":60},{""nama"":""NANAS"",""hargaPerBox"":77500,""total"":77500,""productId"":""Msk1v54GqR6gX6mqxqGS"",""qtyBox"":1,""isiPerBox"":50},{""isiPerBox"":40,""productId"":""4ZGi81slpOycqNbJ8lvW"",""hargaPerBox"":110000,""qtyBox"":1,""nama"":""STRAWBERRY CRISPY"",""total"":110000},{""isiPerBox"":24,""nama"":""SUNDAE CHOCOLATE"",""hargaPerBox"":97000,""productId"":""QLk1TKlyQAC1EHOPZ7M6"",""qtyBox"":1,""total"":97000},{""qtyBox"":1,""hargaPerBox"":96000,""productId"":""bNkl5FX7SlWzgxLhu2Pw"",""isiPerBox"":40,""nama"":""SWEET CORN"",""total"":96000}]","YANI","Order dari kunjungan: ","1020000"
"Md4aCv0ZyyLAWF8oGpvH","K0441","2025-10-23T17:00:00.000Z","2zobAduRXbA1IyykFf5n","[{""nama"":""CHOCOLATE STICK"",""total"":97000,""productId"":""IDeDw8ay7rGfQANXeYLM"",""qtyBox"":1,""isiPerBox"":50,""hargaPerBox"":97000},{""isiPerBox"":50,""productId"":""N8oPUfk4JcfNuyfZeRcM"",""nama"":""JERUK"",""qtyBox"":1,""hargaPerBox"":78000,""total"":78000},{""productId"":""R52hO3IOVzVI3PRqPmGP"",""nama"":""MIKI-MIKI DOUBLE CHOCO"",""hargaPerBox"":93500,""total"":93500,""isiPerBox"":60,""qtyBox"":1},{""productId"":""Msk1v54GqR6gX6mqxqGS"",""isiPerBox"":50,""hargaPerBox"":77500,""total"":77500,""nama"":""NANAS"",""qtyBox"":1},{""total"":77500,""isiPerBox"":50,""hargaPerBox"":77500,""productId"":""k7TnmqAqR1yAmsY042eK"",""nama"":""SEMANGKA"",""qtyBox"":1},{""nama"":""SUNDAE CHOCOLATE"",""total"":97000,""isiPerBox"":24,""hargaPerBox"":97000,""qtyBox"":1,""productId"":""QLk1TKlyQAC1EHOPZ7M6""}]","MJ CELL","","520500"
"MmDDgMHqsjskixcKfP0D","K1571","2025-10-17T05:45:54.639Z","42f4rMSZhOHXH6oYOXMn","[{""hargaPerBox"":92000,""qtyBox"":1,""total"":92000,""productId"":""jJ0aqMzW8XNZeKsXBWuQ"",""nama"":""2 COLOR"",""isiPerBox"":40},{""qtyBox"":1,""hargaPerBox"":94500,""productId"":""PnPJnogSXAiytWfTxQWM"",""isiPerBox"":40,""total"":94500,""nama"":""MOCHI MANGO""},{""qtyBox"":1,""nama"":""NANAS"",""total"":77500,""productId"":""Msk1v54GqR6gX6mqxqGS"",""hargaPerBox"":77500,""isiPerBox"":50},{""isiPerBox"":50,""qtyBox"":1,""productId"":""k7TnmqAqR1yAmsY042eK"",""hargaPerBox"":77500,""total"":77500,""nama"":""SEMANGKA""},{""total"":96000,""nama"":""SWEET CORN"",""qtyBox"":1,""isiPerBox"":40,""productId"":""bNkl5FX7SlWzgxLhu2Pw"",""hargaPerBox"":96000}]","TOKO KOBER","","437500"
"MqaLXKw8a6XIUFzhagzq","K1571","2025-11-15T06:48:36.000Z","42f4rMSZhOHXH6oYOXMn","[{""qtyBox"":1,""nama"":""CHOCO MALT"",""hargaPerBox"":80000,""productId"":""NOHAYE89jzvVJFKZcLFB"",""isiPerBox"":50,""total"":80000},{""isiPerBox"":30,""hargaPerBox"":118500,""total"":118500,""qtyBox"":1,""nama"":""CRISPY BALLS ORIGINAL"",""productId"":""kaxtCMx6rMhQn9EbjJAw""},{""total"":77500,""isiPerBox"":50,""qtyBox"":1,""productId"":""k7TnmqAqR1yAmsY042eK"",""nama"":""SEMANGKA"",""hargaPerBox"":77500},{""qtyBox"":2,""hargaPerBox"":96000,""isiPerBox"":40,""productId"":""bNkl5FX7SlWzgxLhu2Pw"",""nama"":""SWEET CORN"",""total"":192000}]","TOKO KOBER","Order dari kunjungan:","468000"
"Mta1xfZMUFioCbwO2HWP","K1877","2025-10-29T05:07:48.000Z","UwdRliDTCsIK7mN3UplU","[{""hargaPerBox"":97500,""nama"":""CHOCOMELT CONE"",""qtyBox"":1,""isiPerBox"":24,""productId"":""bIHGFn5MHtXpqVeM9enF"",""total"":97500},{""nama"":""COFFE CRISPY"",""qtyBox"":1,""productId"":""BaaVl0Oq2oHnOUy1Cfuw"",""hargaPerBox"":110000,""total"":110000,""isiPerBox"":40},{""hargaPerBox"":118500,""total"":118500,""productId"":""L0uQuYqgS8Q4smIuyRs4"",""nama"":""CRISPY BALLS COOKIS"",""qtyBox"":1,""isiPerBox"":40},{""productId"":""N8oPUfk4JcfNuyfZeRcM"",""qtyBox"":1,""hargaPerBox"":78000,""isiPerBox"":50,""nama"":""JERUK"",""total"":78000},{""hargaPerBox"":93500,""isiPerBox"":60,""productId"":""Uu5WSQZmqTLoXc9oxlUj"",""nama"":""MIKI-MIKI"",""total"":93500,""qtyBox"":1},{""nama"":""MILK MELON"",""hargaPerBox"":95000,""qtyBox"":1,""total"":95000,""productId"":""y44wV7EqlAwgQKUJj38O"",""isiPerBox"":40},{""qtyBox"":1,""hargaPerBox"":97500,""total"":97500,""isiPerBox"":24,""productId"":""DoKWCzEByEeYXQFxFinE"",""nama"":""STRAWBERRY CONE""},{""total"":110000,""productId"":""4ZGi81slpOycqNbJ8lvW"",""qtyBox"":1,""isiPerBox"":40,""hargaPerBox"":110000,""nama"":""STRAWBERRY CRISPY""},{""total"":97000,""qtyBox"":1,""nama"":""SUNDAE CHOCOLATE"",""isiPerBox"":24,""hargaPerBox"":97000,""productId"":""QLk1TKlyQAC1EHOPZ7M6""},{""total"":96500,""isiPerBox"":40,""productId"":""U3qfJlCyL3zOiNLFUFkb"",""hargaPerBox"":96500,""qtyBox"":1,""nama"":""TARO CRISPY""},{""productId"":""Hzn6DvSXYxLmhtuekqkk"",""qtyBox"":1,""nama"":""VANILLA BERRY CONE"",""total"":115200,""hargaPerBox"":115200,""isiPerBox"":48}]","KANTOR PWI","","1108700"
"MvJQxcUQqzG24I9Dwd19","K0511","2025-10-17T04:50:30.273Z","ewv2xw7GgJtJXR8nPfQw","[{""productId"":""ETb42XTcLpBbcC1aLhcb"",""hargaPerBox"":117000,""isiPerBox"":30,""qtyBox"":1,""nama"":""CHOCOLATE CRISPY"",""total"":117000},{""isiPerBox"":30,""hargaPerBox"":90500,""productId"":""xaB42zjrDkGuzdTP7tpO"",""qtyBox"":1,""total"":90500,""nama"":""MANGO SLUSH""},{""nama"":""MIKI-MIKI"",""isiPerBox"":60,""hargaPerBox"":93500,""qtyBox"":1,""productId"":""Uu5WSQZmqTLoXc9oxlUj"",""total"":93500},{""qtyBox"":1,""productId"":""PnPJnogSXAiytWfTxQWM"",""isiPerBox"":40,""nama"":""MOCHI MANGO"",""hargaPerBox"":94500,""total"":94500},{""isiPerBox"":40,""qtyBox"":1,""productId"":""xJbJEd4mYcSMcB4V4492"",""nama"":""MOCHI VANILLA"",""hargaPerBox"":92500,""total"":92500},{""isiPerBox"":40,""hargaPerBox"":96000,""qtyBox"":1,""productId"":""bNkl5FX7SlWzgxLhu2Pw"",""nama"":""SWEET CORN"",""total"":96000}]","STICOM","Order dari kunjungan: ","584000"
"N69wSHgYgFnMlOdAJdPT","K1409","2025-10-18T06:46:29.255Z","Hfn7DH6eAWCVrAkmczwl","[{""nama"":""CHOCOLATE CRISPY"",""hargaPerBox"":117000,""qtyBox"":1,""total"":117000,""productId"":""ETb42XTcLpBbcC1aLhcb"",""isiPerBox"":30},{""nama"":""CHOCOMELT CONE"",""isiPerBox"":24,""productId"":""bIHGFn5MHtXpqVeM9enF"",""total"":97500,""hargaPerBox"":97500,""qtyBox"":1},{""total"":96000,""qtyBox"":1,""hargaPerBox"":96000,""isiPerBox"":40,""nama"":""FRUIZY BLUEBERRY YOGURT"",""productId"":""iegvzVPz0yZbNTHzwcj3""},{""hargaPerBox"":93500,""total"":93500,""isiPerBox"":60,""productId"":""Uu5WSQZmqTLoXc9oxlUj"",""nama"":""MIKI-MIKI"",""qtyBox"":1},{""isiPerBox"":50,""hargaPerBox"":77500,""nama"":""SEMANGKA"",""productId"":""k7TnmqAqR1yAmsY042eK"",""qtyBox"":1,""total"":77500},{""productId"":""4ZGi81slpOycqNbJ8lvW"",""isiPerBox"":40,""qtyBox"":1,""total"":110000,""hargaPerBox"":110000,""nama"":""STRAWBERRY CRISPY""},{""qtyBox"":1,""hargaPerBox"":96000,""isiPerBox"":40,""total"":96000,""nama"":""SWEET CORN"",""productId"":""bNkl5FX7SlWzgxLhu2Pw""}]","TOKO BINTANI MART","","687500"
"N6QaTlJnupHYZV74IcMO","K0742","2025-11-13T07:11:37.932Z","ICWLSSwzVvanVCAZdUih","[{""qtyBox"":1,""isiPerBox"":40,""productId"":""jJ0aqMzW8XNZeKsXBWuQ"",""total"":92000,""nama"":""2 COLOR"",""hargaPerBox"":92000},{""hargaPerBox"":92500,""nama"":""MOCHI VANILLA"",""total"":92500,""isiPerBox"":40,""productId"":""xJbJEd4mYcSMcB4V4492"",""qtyBox"":1},{""total"":77500,""productId"":""Msk1v54GqR6gX6mqxqGS"",""isiPerBox"":50,""nama"":""NANAS"",""qtyBox"":1,""hargaPerBox"":77500},{""isiPerBox"":24,""total"":97000,""nama"":""SUNDAE CHOCOLATE"",""hargaPerBox"":97000,""productId"":""QLk1TKlyQAC1EHOPZ7M6"",""qtyBox"":1},{""isiPerBox"":40,""qtyBox"":1,""hargaPerBox"":96000,""total"":96000,""productId"":""bNkl5FX7SlWzgxLhu2Pw"",""nama"":""SWEET CORN""},{""total"":96500,""nama"":""TARO CRISPY"",""qtyBox"":1,""productId"":""U3qfJlCyL3zOiNLFUFkb"",""isiPerBox"":40,""hargaPerBox"":96500}]","KUSRIYAH","Order dari kunjungan: ","551500"
"Nh8ZRydFaGHUz7s19kEa","K1987","2025-10-28T05:22:42.000Z","CfKdWWsPbcqw3KjtwI29","[{""qtyBox"":1,""total"":80000,""hargaPerBox"":80000,""nama"":""CHOCO MALT"",""isiPerBox"":50,""productId"":""NOHAYE89jzvVJFKZcLFB""},{""hargaPerBox"":97000,""productId"":""IDeDw8ay7rGfQANXeYLM"",""total"":97000,""isiPerBox"":50,""nama"":""CHOCOLATE STICK (BINGO)"",""qtyBox"":1},{""qtyBox"":1,""productId"":""bIHGFn5MHtXpqVeM9enF"",""nama"":""CHOCOMELT CONE"",""total"":97500,""hargaPerBox"":97500,""isiPerBox"":24},{""qtyBox"":1,""nama"":""CRISPY BALLS COOKIS"",""isiPerBox"":40,""total"":118500,""hargaPerBox"":118500,""productId"":""L0uQuYqgS8Q4smIuyRs4""},{""total"":118500,""productId"":""kaxtCMx6rMhQn9EbjJAw"",""qtyBox"":1,""nama"":""CRISPY BALLS ORIGINAL"",""hargaPerBox"":118500,""isiPerBox"":30},{""productId"":""xJbJEd4mYcSMcB4V4492"",""isiPerBox"":40,""total"":92500,""nama"":""MOCHI VANILLA"",""hargaPerBox"":92500,""qtyBox"":1},{""qtyBox"":1,""hargaPerBox"":115200,""productId"":""Hzn6DvSXYxLmhtuekqkk"",""isiPerBox"":48,""nama"":""VANILLA BERRY CONE"",""total"":115200}]","NOR AMIN MAHMUD","","719200"
"NmC2ywWy2GIF3TcuPp1U","K1298","2025-10-16T10:03:36.913Z","LjHKUWJDhaxyFOLArIdi","[{""nama"":""CHOCOLATE CRISPY"",""hargaPerBox"":117000,""isiPerBox"":30,""total"":117000,""productId"":""ETb42XTcLpBbcC1aLhcb"",""qtyBox"":1},{""qtyBox"":1,""nama"":""CHOCOMELT CONE"",""total"":97500,""hargaPerBox"":97500,""isiPerBox"":24,""productId"":""bIHGFn5MHtXpqVeM9enF""},{""total"":90500,""qtyBox"":1,""nama"":""MANGO SLUSH"",""hargaPerBox"":90500,""productId"":""xaB42zjrDkGuzdTP7tpO"",""isiPerBox"":30},{""nama"":""MOCHI VANILLA"",""productId"":""xJbJEd4mYcSMcB4V4492"",""hargaPerBox"":92500,""qtyBox"":1,""isiPerBox"":40,""total"":92500},{""isiPerBox"":40,""qtyBox"":1,""hargaPerBox"":110000,""nama"":""STRAWBERRY CRISPY"",""total"":110000,""productId"":""4ZGi81slpOycqNbJ8lvW""},{""isiPerBox"":24,""total"":97000,""hargaPerBox"":97000,""productId"":""QLk1TKlyQAC1EHOPZ7M6"",""qtyBox"":1,""nama"":""SUNDAE CHOCOLATE""},{""nama"":""SUNDAE STRAWBERRY"",""hargaPerBox"":97000,""isiPerBox"":24,""productId"":""aok5I2XQHFg2m97mC387"",""total"":97000,""qtyBox"":1},{""hargaPerBox"":96000,""productId"":""bNkl5FX7SlWzgxLhu2Pw"",""isiPerBox"":40,""total"":96000,""nama"":""SWEET CORN"",""qtyBox"":1},{""total"":96500,""nama"":""TARO CRISPY"",""hargaPerBox"":96500,""qtyBox"":1,""productId"":""U3qfJlCyL3zOiNLFUFkb"",""isiPerBox"":40}]","SAMI JF MART","","894000"
"OBmXeGQNnE80Odn4IOIJ","K1725","2025-10-15T07:15:57.265Z","6pw30ZdwX1mjmVnAvMaL","[{""nama"":""3 IN 1"",""productId"":""F4qHZUhwkEnkGMWDyqIm"",""hargaPerBox"":192000,""total"":192000,""isiPerBox"":27,""qtyBox"":1},{""productId"":""QLk1TKlyQAC1EHOPZ7M6"",""isiPerBox"":24,""nama"":""SUNDAE CHOCOLATE"",""qtyBox"":1,""total"":97000,""hargaPerBox"":97000},{""nama"":""SUNDAE STRAWBERRY"",""productId"":""aok5I2XQHFg2m97mC387"",""qtyBox"":1,""hargaPerBox"":97000,""total"":97000,""isiPerBox"":24},{""total"":96000,""productId"":""bNkl5FX7SlWzgxLhu2Pw"",""nama"":""SWEET CORN"",""hargaPerBox"":96000,""qtyBox"":1,""isiPerBox"":40}]","TOKO MBAK RINI","Order dari kunjungan:","482000"
"OGWVJq1wjPlqV1VRF0lV","K2077","2025-11-11T01:32:52.496Z","9pGAxSxQpP97NFr46tWJ","[{""hargaPerBox"":97500,""productId"":""bIHGFn5MHtXpqVeM9enF"",""isiPerBox"":24,""qtyBox"":1,""total"":97500,""nama"":""CHOCOMELT CONE""},{""nama"":""MIKI-MIKI DOUBLE CHOCO"",""hargaPerBox"":93500,""isiPerBox"":60,""total"":93500,""qtyBox"":1,""productId"":""R52hO3IOVzVI3PRqPmGP""},{""hargaPerBox"":97000,""productId"":""QLk1TKlyQAC1EHOPZ7M6"",""total"":97000,""qtyBox"":1,""isiPerBox"":24,""nama"":""SUNDAE CHOCOLATE""}]","MADURA BUNDA","Order dari kunjungan: ","288000"
"OImiQqrEjnvKCsWeg1rq","K0512","2025-10-10T06:32:59.020Z","jVJBm18ggKRwQ9dO6sPu","[{""productId"":""jJ0aqMzW8XNZeKsXBWuQ"",""total"":92000,""qtyBox"":1,""isiPerBox"":40,""hargaPerBox"":92000,""nama"":""2 COLOR""},{""productId"":""IDeDw8ay7rGfQANXeYLM"",""isiPerBox"":50,""total"":97000,""hargaPerBox"":97000,""nama"":""CHOCOLATE STICK"",""qtyBox"":1},{""nama"":""CRISPY BALLS COOKIS"",""total"":118500,""isiPerBox"":40,""qtyBox"":1,""hargaPerBox"":118500,""productId"":""L0uQuYqgS8Q4smIuyRs4""},{""nama"":""FRUITY ROLL"",""total"":124800,""isiPerBox"":40,""hargaPerBox"":124800,""productId"":""sKjCtHbEsvTpBhbQOyHB"",""qtyBox"":1},{""total"":96000,""nama"":""FRUIZY BLUEBERRY YOGURT"",""qtyBox"":1,""isiPerBox"":40,""hargaPerBox"":96000,""productId"":""iegvzVPz0yZbNTHzwcj3""},{""productId"":""QLk1TKlyQAC1EHOPZ7M6"",""qtyBox"":1,""nama"":""SUNDAE CHOCOLATE"",""isiPerBox"":24,""total"":97000,""hargaPerBox"":97000}]","MUSYAFAK","Order dari kunjungan: ","625300"
"Ph6WynqNq01SxKrXFSqG","K0502","2025-10-17T04:00:09.000Z","prsjnt4eZWb4sKtsXAOd","[{""qtyBox"":1,""isiPerBox"":27,""nama"":""3 IN 1"",""hargaPerBox"":192000,""total"":192000,""productId"":""F4qHZUhwkEnkGMWDyqIm""},{""qtyBox"":1,""nama"":""CHOCO MALT"",""isiPerBox"":50,""total"":80000,""productId"":""NOHAYE89jzvVJFKZcLFB"",""hargaPerBox"":80000},{""nama"":""CHOCOLATE STICK"",""qtyBox"":1,""hargaPerBox"":97000,""total"":97000,""isiPerBox"":50,""productId"":""IDeDw8ay7rGfQANXeYLM""},{""isiPerBox"":30,""nama"":""MANGO SLUSH"",""productId"":""xaB42zjrDkGuzdTP7tpO"",""qtyBox"":1,""total"":90500,""hargaPerBox"":90500},{""total"":97000,""hargaPerBox"":97000,""nama"":""SUNDAE CHOCOLATE"",""productId"":""QLk1TKlyQAC1EHOPZ7M6"",""isiPerBox"":24,""qtyBox"":1}]","DEWI","","556500"
"QR1u2GV2dDAx8YKf9PmT","K2066","2025-10-27T02:02:02.379Z","WbtoNXx8lwUgS8s1ojLR","[{""productId"":""bIHGFn5MHtXpqVeM9enF"",""hargaPerBox"":97500,""nama"":""CHOCOMELT CONE"",""isiPerBox"":24,""total"":97500,""qtyBox"":1},{""nama"":""SEMANGKA"",""qtyBox"":1,""hargaPerBox"":77500,""isiPerBox"":50,""total"":77500,""productId"":""k7TnmqAqR1yAmsY042eK""},{""nama"":""SUNDAE CHOCOLATE"",""productId"":""QLk1TKlyQAC1EHOPZ7M6"",""qtyBox"":1,""isiPerBox"":24,""hargaPerBox"":97000,""total"":97000}]","BU ISTIANAH ( MTS URWATIL WATSQO )","","272000"
"QWCCWNerer7Fu7ZQ3Oqv","K1127","2025-10-14T05:56:20.051Z","yBsQQkZjVb4f23z50jbC","[{""nama"":""CHOCOMELT CONE"",""qtyBox"":1,""isiPerBox"":24,""productId"":""bIHGFn5MHtXpqVeM9enF"",""total"":97500,""hargaPerBox"":97500},{""productId"":""QLk1TKlyQAC1EHOPZ7M6"",""total"":97000,""qtyBox"":1,""isiPerBox"":24,""hargaPerBox"":97000,""nama"":""SUNDAE CHOCOLATE""},{""hargaPerBox"":97000,""total"":97000,""isiPerBox"":24,""productId"":""aok5I2XQHFg2m97mC387"",""qtyBox"":1,""nama"":""SUNDAE STRAWBERRY""},{""total"":96000,""qtyBox"":1,""productId"":""bNkl5FX7SlWzgxLhu2Pw"",""nama"":""SWEET CORN"",""hargaPerBox"":96000,""isiPerBox"":40},{""isiPerBox"":40,""qtyBox"":1,""total"":96500,""nama"":""TARO CRISPY"",""hargaPerBox"":96500,""productId"":""U3qfJlCyL3zOiNLFUFkb""}]","ULFA KHASANAH","Order dari kunjungan: ","484000"
"QcCPDrivIW3g1iHxwVMe","K2014","2025-11-07T04:20:11.000Z","lNRFpK00n4trF3j94v5p","[{""productId"":""F4qHZUhwkEnkGMWDyqIm"",""hargaPerBox"":192000,""total"":192000,""isiPerBox"":27,""nama"":""3 IN 1"",""qtyBox"":1},{""isiPerBox"":60,""hargaPerBox"":93500,""nama"":""MIKI-MIKI DOUBLE CHOCO"",""total"":93500,""qtyBox"":1,""productId"":""R52hO3IOVzVI3PRqPmGP""},{""isiPerBox"":24,""total"":97000,""nama"":""SUNDAE CHOCOLATE"",""productId"":""QLk1TKlyQAC1EHOPZ7M6"",""qtyBox"":1,""hargaPerBox"":97000},{""productId"":""bNkl5FX7SlWzgxLhu2Pw"",""total"":96000,""qtyBox"":1,""isiPerBox"":40,""hargaPerBox"":96000,""nama"":""SWEET CORN""}]","Toko Koss Mart","Order dari kunjungan: ","478500"
"QiqLURBbh4PV9nnKwbdw","K1533","2025-11-04T09:14:20.873Z","615zUNcqDmWisXG92rkP","[{""total"":80000,""hargaPerBox"":80000,""qtyBox"":1,""nama"":""CHOCO MALT"",""isiPerBox"":50,""productId"":""NOHAYE89jzvVJFKZcLFB""},{""qtyBox"":1,""hargaPerBox"":93500,""nama"":""MIKI-MIKI DOUBLE CHOCO"",""productId"":""R52hO3IOVzVI3PRqPmGP"",""total"":93500,""isiPerBox"":60},{""qtyBox"":1,""isiPerBox"":40,""hargaPerBox"":95000,""productId"":""y44wV7EqlAwgQKUJj38O"",""total"":95000,""nama"":""MILK MELON""},{""productId"":""QLk1TKlyQAC1EHOPZ7M6"",""total"":97000,""isiPerBox"":24,""qtyBox"":1,""nama"":""SUNDAE CHOCOLATE"",""hargaPerBox"":97000},{""productId"":""bNkl5FX7SlWzgxLhu2Pw"",""isiPerBox"":40,""nama"":""SWEET CORN"",""qtyBox"":1,""total"":96000,""hargaPerBox"":96000}]","TOKO M ANIQ ALFARUQI","","461500"
"QpvCd7MoX4cxkn12yVEC","K1197","2025-11-14T04:17:01.830Z","hWaUvcWJzlPMr3hZZqH7","[{""hargaPerBox"":92000,""isiPerBox"":40,""qtyBox"":1,""total"":92000,""nama"":""2 COLOR"",""productId"":""jJ0aqMzW8XNZeKsXBWuQ""},{""productId"":""ETb42XTcLpBbcC1aLhcb"",""nama"":""CHOCOLATE CRISPY"",""total"":117000,""qtyBox"":1,""hargaPerBox"":117000,""isiPerBox"":30},{""qtyBox"":1,""nama"":""STRAWBERRY CRISPY"",""productId"":""4ZGi81slpOycqNbJ8lvW"",""total"":110000,""hargaPerBox"":110000,""isiPerBox"":40},{""nama"":""SWEET CORN"",""total"":96000,""isiPerBox"":40,""productId"":""bNkl5FX7SlWzgxLhu2Pw"",""qtyBox"":1,""hargaPerBox"":96000},{""isiPerBox"":40,""productId"":""U3qfJlCyL3zOiNLFUFkb"",""hargaPerBox"":96500,""nama"":""TARO CRISPY"",""total"":96500,""qtyBox"":1}]","LINAWATI SMU MUH 2","","511500"
"QrbieNlYKZ1FHawqXIsk","K1987","2025-10-14T04:22:59.444Z","CfKdWWsPbcqw3KjtwI29","[{""nama"":""FRUIZY BLUEBERRY YOGURT"",""hargaPerBox"":96000,""total"":96000,""qtyBox"":1,""isiPerBox"":40,""productId"":""iegvzVPz0yZbNTHzwcj3""},{""qtyBox"":1,""total"":97500,""nama"":""STRAWBERRY CONE"",""isiPerBox"":24,""productId"":""DoKWCzEByEeYXQFxFinE"",""hargaPerBox"":97500},{""hargaPerBox"":96000,""isiPerBox"":40,""nama"":""SWEET CORN"",""productId"":""bNkl5FX7SlWzgxLhu2Pw"",""qtyBox"":1,""total"":96000}]","NOR AMIN MAHMUD","Order dari kunjungan: ","289500"
"Qv1HuJ1eLFgToIYCq6TH","K0391","2025-10-15T03:30:43.335Z","j5OQBnhs4A8lXEY9aNI4","[{""qtyBox"":1,""nama"":""2 COLOR"",""total"":92000,""isiPerBox"":40,""productId"":""jJ0aqMzW8XNZeKsXBWuQ"",""hargaPerBox"":92000},{""hargaPerBox"":80000,""isiPerBox"":50,""productId"":""NOHAYE89jzvVJFKZcLFB"",""qtyBox"":1,""total"":80000,""nama"":""CHOCO MALT""},{""nama"":""CHOCOLATE STICK"",""total"":97000,""isiPerBox"":50,""hargaPerBox"":97000,""productId"":""IDeDw8ay7rGfQANXeYLM"",""qtyBox"":1},{""total"":118500,""nama"":""CRISPY BALLS COOKIS"",""qtyBox"":1,""isiPerBox"":40,""productId"":""L0uQuYqgS8Q4smIuyRs4"",""hargaPerBox"":118500},{""nama"":""FRUITY ROLL"",""total"":124800,""hargaPerBox"":124800,""qtyBox"":1,""productId"":""sKjCtHbEsvTpBhbQOyHB"",""isiPerBox"":40},{""isiPerBox"":40,""total"":96000,""nama"":""FRUIZY BLUEBERRY YOGURT"",""productId"":""iegvzVPz0yZbNTHzwcj3"",""qtyBox"":1,""hargaPerBox"":96000},{""qtyBox"":1,""productId"":""Uu5WSQZmqTLoXc9oxlUj"",""total"":93500,""nama"":""MIKI-MIKI"",""isiPerBox"":60,""hargaPerBox"":93500},{""productId"":""QLk1TKlyQAC1EHOPZ7M6"",""qtyBox"":1,""hargaPerBox"":97000,""total"":97000,""isiPerBox"":24,""nama"":""SUNDAE CHOCOLATE""},{""total"":96000,""hargaPerBox"":96000,""qtyBox"":1,""isiPerBox"":40,""nama"":""SWEET CORN"",""productId"":""bNkl5FX7SlWzgxLhu2Pw""},{""productId"":""U3qfJlCyL3zOiNLFUFkb"",""nama"":""TARO CRISPY"",""isiPerBox"":40,""hargaPerBox"":96500,""total"":96500,""qtyBox"":1}]","ELLA 2 KANTIN MTS BALEKAMBANG","","991300"
"QzX12qvzVHRw2o3kbDJi","K1484","2025-10-14T05:41:16.169Z","qBgHRkFD88KqnN8yy52I","[{""hargaPerBox"":92000,""qtyBox"":1,""total"":92000,""nama"":""2 COLOR"",""isiPerBox"":40,""productId"":""jJ0aqMzW8XNZeKsXBWuQ""},{""nama"":""CHOCO MALT"",""qtyBox"":1,""productId"":""NOHAYE89jzvVJFKZcLFB"",""isiPerBox"":50,""total"":80000,""hargaPerBox"":80000},{""productId"":""BaaVl0Oq2oHnOUy1Cfuw"",""qtyBox"":1,""nama"":""COFFE CRISPY"",""isiPerBox"":40,""total"":110000,""hargaPerBox"":110000},{""total"":118500,""isiPerBox"":30,""nama"":""CRISPY BALLS ORIGINAL"",""hargaPerBox"":118500,""productId"":""kaxtCMx6rMhQn9EbjJAw"",""qtyBox"":1},{""isiPerBox"":40,""productId"":""xJbJEd4mYcSMcB4V4492"",""total"":92500,""qtyBox"":1,""nama"":""MOCHI VANILLA"",""hargaPerBox"":92500},{""isiPerBox"":24,""hargaPerBox"":97000,""productId"":""QLk1TKlyQAC1EHOPZ7M6"",""qtyBox"":1,""total"":97000,""nama"":""SUNDAE CHOCOLATE""},{""nama"":""SUNDAE STRAWBERRY"",""total"":97000,""qtyBox"":1,""isiPerBox"":24,""productId"":""aok5I2XQHFg2m97mC387"",""hargaPerBox"":97000},{""hargaPerBox"":96000,""isiPerBox"":40,""total"":96000,""nama"":""SWEET CORN"",""qtyBox"":1,""productId"":""bNkl5FX7SlWzgxLhu2Pw""},{""isiPerBox"":40,""hargaPerBox"":96500,""nama"":""TARO CRISPY"",""total"":96500,""productId"":""U3qfJlCyL3zOiNLFUFkb"",""qtyBox"":1}]","SIDO MULYO","Order dari kunjungan:","879500"
"Qzfq6NMkngXGcn5d0xrB","K1649","2025-10-15T10:46:37.564Z","LrDGivjSfm58oJ7eILXz","[{""hargaPerBox"":97500,""qtyBox"":1,""isiPerBox"":24,""nama"":""CHOCOMELT CONE"",""productId"":""bIHGFn5MHtXpqVeM9enF"",""total"":97500},{""hargaPerBox"":110000,""isiPerBox"":40,""qtyBox"":1,""productId"":""BaaVl0Oq2oHnOUy1Cfuw"",""nama"":""COFFE CRISPY"",""total"":110000},{""qtyBox"":1,""total"":124800,""isiPerBox"":40,""hargaPerBox"":124800,""productId"":""sKjCtHbEsvTpBhbQOyHB"",""nama"":""FRUITY ROLL""},{""productId"":""Uu5WSQZmqTLoXc9oxlUj"",""qtyBox"":1,""total"":93500,""hargaPerBox"":93500,""nama"":""MIKI-MIKI"",""isiPerBox"":60},{""isiPerBox"":50,""hargaPerBox"":77500,""productId"":""k7TnmqAqR1yAmsY042eK"",""qtyBox"":1,""nama"":""SEMANGKA"",""total"":77500},{""nama"":""STRAWBERRY CONE"",""total"":97500,""isiPerBox"":24,""hargaPerBox"":97500,""qtyBox"":1,""productId"":""DoKWCzEByEeYXQFxFinE""},{""qtyBox"":1,""productId"":""QLk1TKlyQAC1EHOPZ7M6"",""isiPerBox"":24,""nama"":""SUNDAE CHOCOLATE"",""total"":97000,""hargaPerBox"":97000},{""nama"":""SUNDAE STRAWBERRY"",""hargaPerBox"":97000,""isiPerBox"":24,""productId"":""aok5I2XQHFg2m97mC387"",""total"":97000,""qtyBox"":1},{""total"":96000,""isiPerBox"":40,""nama"":""SWEET CORN"",""qtyBox"":1,""hargaPerBox"":96000,""productId"":""bNkl5FX7SlWzgxLhu2Pw""},{""qtyBox"":1,""isiPerBox"":40,""productId"":""U3qfJlCyL3zOiNLFUFkb"",""nama"":""TARO CRISPY"",""hargaPerBox"":96500,""total"":96500}]","WARUNG MADURA AL-AMIN 2","","987300"
"R8ZEJcsFBz3gWr8izaj0","K1149","2025-10-13T08:09:10.134Z","ahRcxXhTEcb9lxNWNaut","[{""hargaPerBox"":80000,""isiPerBox"":50,""productId"":""NOHAYE89jzvVJFKZcLFB"",""nama"":""CHOCO MALT"",""total"":80000,""qtyBox"":1},{""isiPerBox"":30,""qtyBox"":1,""nama"":""CHOCOLATE CRISPY"",""total"":117000,""hargaPerBox"":117000,""productId"":""ETb42XTcLpBbcC1aLhcb""},{""productId"":""IDeDw8ay7rGfQANXeYLM"",""isiPerBox"":50,""qtyBox"":1,""hargaPerBox"":97000,""total"":97000,""nama"":""CHOCOLATE STICK""},{""isiPerBox"":24,""productId"":""bIHGFn5MHtXpqVeM9enF"",""qtyBox"":1,""total"":97500,""nama"":""CHOCOMELT CONE"",""hargaPerBox"":97500},{""qtyBox"":1,""total"":96000,""hargaPerBox"":96000,""nama"":""SWEET CORN"",""productId"":""bNkl5FX7SlWzgxLhu2Pw"",""isiPerBox"":40}]","TIGA SAUDARA 2","Order dari kunjungan: ","487500"
"RzSbQSpE65vg9gArfnUv","K0512","2025-10-25T05:46:42.442Z","jVJBm18ggKRwQ9dO6sPu","[{""productId"":""bIHGFn5MHtXpqVeM9enF"",""total"":97500,""nama"":""CHOCOMELT CONE"",""qtyBox"":1,""isiPerBox"":24,""hargaPerBox"":97500},{""hargaPerBox"":77500,""productId"":""k7TnmqAqR1yAmsY042eK"",""total"":77500,""qtyBox"":1,""nama"":""SEMANGKA"",""isiPerBox"":50},{""isiPerBox"":24,""nama"":""SUNDAE CHOCOLATE"",""qtyBox"":1,""hargaPerBox"":97000,""productId"":""QLk1TKlyQAC1EHOPZ7M6"",""total"":97000},{""total"":96000,""hargaPerBox"":96000,""nama"":""SWEET CORN"",""productId"":""bNkl5FX7SlWzgxLhu2Pw"",""qtyBox"":1,""isiPerBox"":40},{""nama"":""TARO CRISPY"",""qtyBox"":1,""isiPerBox"":40,""total"":96500,""hargaPerBox"":96500,""productId"":""U3qfJlCyL3zOiNLFUFkb""}]","MUSYAFAK","","464500"
"SV11OXbhTXkdmHWZWzYS","K0391","2025-10-23T05:49:37.716Z","j5OQBnhs4A8lXEY9aNI4","[{""qtyBox"":1,""total"":92000,""nama"":""2 COLOR"",""hargaPerBox"":92000,""productId"":""jJ0aqMzW8XNZeKsXBWuQ"",""isiPerBox"":40},{""total"":110000,""qtyBox"":1,""isiPerBox"":40,""hargaPerBox"":110000,""productId"":""BaaVl0Oq2oHnOUy1Cfuw"",""nama"":""COFFE CRISPY""},{""productId"":""L0uQuYqgS8Q4smIuyRs4"",""isiPerBox"":40,""hargaPerBox"":118500,""qtyBox"":1,""nama"":""CRISPY BALLS COOKIS"",""total"":118500},{""qtyBox"":1,""isiPerBox"":40,""hargaPerBox"":96000,""nama"":""FRUIZY BLUEBERRY YOGURT"",""productId"":""iegvzVPz0yZbNTHzwcj3"",""total"":96000},{""qtyBox"":1,""hargaPerBox"":78000,""productId"":""N8oPUfk4JcfNuyfZeRcM"",""nama"":""JERUK"",""total"":78000,""isiPerBox"":50},{""total"":93500,""nama"":""MIKI-MIKI"",""qtyBox"":1,""isiPerBox"":60,""productId"":""Uu5WSQZmqTLoXc9oxlUj"",""hargaPerBox"":93500},{""nama"":""MILK MELON"",""qtyBox"":1,""isiPerBox"":40,""hargaPerBox"":95000,""total"":95000,""productId"":""y44wV7EqlAwgQKUJj38O""},{""qtyBox"":1,""total"":92500,""isiPerBox"":40,""hargaPerBox"":92500,""productId"":""xJbJEd4mYcSMcB4V4492"",""nama"":""MOCHI VANILLA""},{""nama"":""SEMANGKA"",""hargaPerBox"":77500,""productId"":""k7TnmqAqR1yAmsY042eK"",""isiPerBox"":50,""total"":77500,""qtyBox"":1},{""isiPerBox"":24,""productId"":""aok5I2XQHFg2m97mC387"",""nama"":""SUNDAE STRAWBERRY"",""hargaPerBox"":97000,""qtyBox"":1,""total"":97000},{""isiPerBox"":40,""qtyBox"":1,""hargaPerBox"":96000,""total"":96000,""productId"":""bNkl5FX7SlWzgxLhu2Pw"",""nama"":""SWEET CORN""}]","ELLA 2 KANTIN MTS BALEKAMBANG","","1046000"
"SYcYJvKuRoi99B2pngeZ","K0391","2025-11-13T11:02:05.616Z","j5OQBnhs4A8lXEY9aNI4","[{""total"":80000,""qtyBox"":1,""isiPerBox"":50,""productId"":""NOHAYE89jzvVJFKZcLFB"",""nama"":""CHOCO MALT"",""hargaPerBox"":80000},{""nama"":""CHOCOLATE CRISPY"",""productId"":""ETb42XTcLpBbcC1aLhcb"",""isiPerBox"":30,""total"":117000,""qtyBox"":1,""hargaPerBox"":117000},{""isiPerBox"":50,""productId"":""IDeDw8ay7rGfQANXeYLM"",""nama"":""CHOCOLATE STICK (BINGO)"",""hargaPerBox"":97000,""total"":97000,""qtyBox"":1},{""hargaPerBox"":118500,""isiPerBox"":30,""total"":118500,""nama"":""CRISPY BALLS COOKIS"",""productId"":""L0uQuYqgS8Q4smIuyRs4"",""qtyBox"":1},{""isiPerBox"":30,""productId"":""kaxtCMx6rMhQn9EbjJAw"",""nama"":""CRISPY BALLS ORIGINAL"",""total"":118500,""qtyBox"":1,""hargaPerBox"":118500},{""hargaPerBox"":96000,""productId"":""iegvzVPz0yZbNTHzwcj3"",""nama"":""FRUIZY BLUEBERRY YOGURT"",""qtyBox"":1,""isiPerBox"":40,""total"":96000},{""hargaPerBox"":94500,""isiPerBox"":40,""productId"":""PnPJnogSXAiytWfTxQWM"",""nama"":""MOCHI MANGO"",""total"":94500,""qtyBox"":1},{""productId"":""xJbJEd4mYcSMcB4V4492"",""nama"":""MOCHI VANILLA"",""hargaPerBox"":92500,""isiPerBox"":40,""total"":92500,""qtyBox"":1},{""hargaPerBox"":110000,""total"":110000,""qtyBox"":1,""productId"":""4ZGi81slpOycqNbJ8lvW"",""isiPerBox"":40,""nama"":""STRAWBERRY CRISPY""},{""hargaPerBox"":97000,""nama"":""SUNDAE CHOCOLATE"",""isiPerBox"":24,""productId"":""QLk1TKlyQAC1EHOPZ7M6"",""total"":97000,""qtyBox"":1},{""total"":96000,""qtyBox"":1,""hargaPerBox"":96000,""nama"":""SWEET CORN"",""productId"":""bNkl5FX7SlWzgxLhu2Pw"",""isiPerBox"":40},{""total"":96500,""productId"":""U3qfJlCyL3zOiNLFUFkb"",""nama"":""TARO CRISPY"",""hargaPerBox"":96500,""qtyBox"":1,""isiPerBox"":40}]","ELLA 2 KANTIN MTS BALEKAMBANG","","1213500"
"SaUPj3L4cI4e7dk0rbCG","K0532","2025-10-30T08:39:19.722Z","f2Z73egCvMj4PXs56DKE","[{""total"":80000,""isiPerBox"":50,""nama"":""CHOCO MALT"",""qtyBox"":1,""hargaPerBox"":80000,""productId"":""NOHAYE89jzvVJFKZcLFB""},{""hargaPerBox"":97000,""productId"":""IDeDw8ay7rGfQANXeYLM"",""isiPerBox"":50,""qtyBox"":1,""nama"":""CHOCOLATE STICK (BINGO)"",""total"":97000},{""hargaPerBox"":118500,""total"":118500,""productId"":""kaxtCMx6rMhQn9EbjJAw"",""isiPerBox"":30,""qtyBox"":1,""nama"":""CRISPY BALLS ORIGINAL""},{""nama"":""FRUIZY GRAPE"",""qtyBox"":1,""total"":80000,""hargaPerBox"":80000,""isiPerBox"":50,""productId"":""KtjGECYEwOyqkWM0Iu4E""},{""total"":93500,""nama"":""MIKI-MIKI DOUBLE CHOCO"",""hargaPerBox"":93500,""productId"":""R52hO3IOVzVI3PRqPmGP"",""isiPerBox"":60,""qtyBox"":1},{""isiPerBox"":40,""productId"":""xJbJEd4mYcSMcB4V4492"",""qtyBox"":1,""nama"":""MOCHI VANILLA"",""total"":92500,""hargaPerBox"":92500},{""isiPerBox"":50,""nama"":""NANAS"",""qtyBox"":1,""hargaPerBox"":77500,""productId"":""Msk1v54GqR6gX6mqxqGS"",""total"":77500},{""nama"":""SUNDAE CHOCOLATE"",""qtyBox"":1,""productId"":""QLk1TKlyQAC1EHOPZ7M6"",""hargaPerBox"":97000,""isiPerBox"":24,""total"":97000},{""total"":96000,""hargaPerBox"":96000,""isiPerBox"":40,""nama"":""SWEET CORN"",""qtyBox"":1,""productId"":""bNkl5FX7SlWzgxLhu2Pw""},{""total"":115200,""productId"":""Hzn6DvSXYxLmhtuekqkk"",""nama"":""VANILLA BERRY CONE"",""isiPerBox"":48,""qtyBox"":1,""hargaPerBox"":115200}]","ENDANG RISTIYOWATI","Order dari kunjungan: ","947200"
"Spgs4uQEDubUNIfd0ASm","K1571","2025-10-03T06:51:51.006Z","42f4rMSZhOHXH6oYOXMn","[{""hargaPerBox"":80000,""qtyBox"":1,""nama"":""CHOCO MALT"",""total"":80000,""productId"":""NOHAYE89jzvVJFKZcLFB"",""isiPerBox"":50},{""total"":117000,""nama"":""CHOCOLATE CRISPY"",""isiPerBox"":30,""qtyBox"":1,""hargaPerBox"":117000,""productId"":""ETb42XTcLpBbcC1aLhcb""},{""nama"":""CHOCOLATE STICK"",""total"":97000,""isiPerBox"":50,""qtyBox"":1,""productId"":""IDeDw8ay7rGfQANXeYLM"",""hargaPerBox"":97000},{""isiPerBox"":40,""total"":118500,""hargaPerBox"":118500,""nama"":""CRISPY BALLS COOKIS"",""qtyBox"":1,""productId"":""L0uQuYqgS8Q4smIuyRs4""},{""productId"":""QLk1TKlyQAC1EHOPZ7M6"",""nama"":""SUNDAE CHOCOLATE"",""isiPerBox"":24,""qtyBox"":1,""total"":97000,""hargaPerBox"":97000},{""isiPerBox"":40,""productId"":""bNkl5FX7SlWzgxLhu2Pw"",""hargaPerBox"":96000,""nama"":""SWEET CORN"",""total"":96000,""qtyBox"":1}]","TOKO KOBER","","605500"
"SqhYusFw01LPW2Vletyy","K1298","2025-10-23T08:46:47.847Z","LjHKUWJDhaxyFOLArIdi","[{""qtyBox"":1,""productId"":""jJ0aqMzW8XNZeKsXBWuQ"",""isiPerBox"":40,""hargaPerBox"":92000,""total"":92000,""nama"":""2 COLOR""},{""hargaPerBox"":110000,""isiPerBox"":40,""qtyBox"":1,""nama"":""COFFE CRISPY"",""total"":110000,""productId"":""BaaVl0Oq2oHnOUy1Cfuw""},{""hargaPerBox"":93500,""nama"":""MIKI-MIKI DOUBLE CHOCO"",""total"":93500,""isiPerBox"":60,""qtyBox"":1,""productId"":""R52hO3IOVzVI3PRqPmGP""},{""nama"":""SUNDAE CHOCOLATE"",""qtyBox"":1,""hargaPerBox"":97000,""total"":97000,""isiPerBox"":24,""productId"":""QLk1TKlyQAC1EHOPZ7M6""},{""qtyBox"":1,""total"":97000,""isiPerBox"":24,""hargaPerBox"":97000,""nama"":""SUNDAE STRAWBERRY"",""productId"":""aok5I2XQHFg2m97mC387""}]","SAMI JF MART","","489500"
"TYLKwIN12txuZf59Jemk","K1708","2025-10-04T08:29:10.402Z","IXBiyQspfEdWbNBMZp91","[{""total"":110000,""productId"":""BaaVl0Oq2oHnOUy1Cfuw"",""nama"":""COFFE CRISPY"",""isiPerBox"":40,""hargaPerBox"":110000,""qtyBox"":1},{""hargaPerBox"":118500,""productId"":""L0uQuYqgS8Q4smIuyRs4"",""nama"":""CRISPY BALLS COOKIS"",""isiPerBox"":40,""total"":118500,""qtyBox"":1},{""qtyBox"":1,""productId"":""Uu5WSQZmqTLoXc9oxlUj"",""hargaPerBox"":93500,""nama"":""MIKI-MIKI"",""isiPerBox"":60,""total"":93500},{""hargaPerBox"":93500,""isiPerBox"":60,""productId"":""R52hO3IOVzVI3PRqPmGP"",""total"":93500,""qtyBox"":1,""nama"":""MIKI-MIKI DOUBLE CHOCO""},{""isiPerBox"":40,""productId"":""4ZGi81slpOycqNbJ8lvW"",""total"":110000,""hargaPerBox"":110000,""nama"":""STRAWBERRY CRISPY"",""qtyBox"":1}]","NYAH JIT","","525500"
"TvP7wjiXtMi9ld5WSHLc","K1982","2025-10-11T06:30:46.673Z","rwANC5lfSRpAKV2HzJBj","[{""hargaPerBox"":97000,""isiPerBox"":50,""productId"":""IDeDw8ay7rGfQANXeYLM"",""total"":97000,""qtyBox"":1,""nama"":""CHOCOLATE STICK""},{""nama"":""CHOCOMELT CONE"",""isiPerBox"":24,""total"":97500,""productId"":""bIHGFn5MHtXpqVeM9enF"",""hargaPerBox"":97500,""qtyBox"":1},{""nama"":""FRUITY ROLL"",""hargaPerBox"":124800,""qtyBox"":1,""productId"":""sKjCtHbEsvTpBhbQOyHB"",""total"":124800,""isiPerBox"":40},{""qtyBox"":1,""hargaPerBox"":80000,""nama"":""FRUIZY GRAPE"",""productId"":""KtjGECYEwOyqkWM0Iu4E"",""total"":80000,""isiPerBox"":50},{""nama"":""MIKI-MIKI"",""total"":93500,""isiPerBox"":60,""productId"":""Uu5WSQZmqTLoXc9oxlUj"",""qtyBox"":1,""hargaPerBox"":93500},{""productId"":""DoKWCzEByEeYXQFxFinE"",""nama"":""STRAWBERRY CONE"",""hargaPerBox"":97500,""total"":97500,""isiPerBox"":24,""qtyBox"":1},{""total"":97000,""hargaPerBox"":97000,""productId"":""QLk1TKlyQAC1EHOPZ7M6"",""isiPerBox"":24,""qtyBox"":1,""nama"":""SUNDAE CHOCOLATE""},{""qtyBox"":1,""nama"":""SUNDAE STRAWBERRY"",""hargaPerBox"":97000,""isiPerBox"":24,""total"":97000,""productId"":""aok5I2XQHFg2m97mC387""}]","NUR YONO","Order dari kunjungan:","784300"
"TxfLjN1WZvnY4yaWsWgF","K1334","2025-10-07T06:47:47.060Z","xXcBnRjwrKPQNBumnzm6","[{""productId"":""NOHAYE89jzvVJFKZcLFB"",""total"":80000,""hargaPerBox"":80000,""qtyBox"":1,""isiPerBox"":50,""nama"":""CHOCO MALT""},{""total"":77500,""nama"":""SEMANGKA"",""hargaPerBox"":77500,""isiPerBox"":50,""productId"":""k7TnmqAqR1yAmsY042eK"",""qtyBox"":1},{""hargaPerBox"":97500,""productId"":""DoKWCzEByEeYXQFxFinE"",""isiPerBox"":24,""nama"":""STRAWBERRY CONE"",""qtyBox"":1,""total"":97500},{""qtyBox"":1,""isiPerBox"":24,""hargaPerBox"":97000,""productId"":""QLk1TKlyQAC1EHOPZ7M6"",""nama"":""SUNDAE CHOCOLATE"",""total"":97000},{""total"":97000,""productId"":""aok5I2XQHFg2m97mC387"",""hargaPerBox"":97000,""qtyBox"":1,""isiPerBox"":24,""nama"":""SUNDAE STRAWBERRY""},{""total"":96000,""qtyBox"":1,""hargaPerBox"":96000,""isiPerBox"":40,""nama"":""SWEET CORN"",""productId"":""bNkl5FX7SlWzgxLhu2Pw""}]","MASRUKIN","","545000"
"U6iR4nZL8eRn6VhSYj4l","K0391","2025-10-13T01:14:36.368Z","j5OQBnhs4A8lXEY9aNI4","[{""isiPerBox"":24,""nama"":""CHOCOMELT CONE"",""hargaPerBox"":97500,""total"":97500,""qtyBox"":1,""productId"":""bIHGFn5MHtXpqVeM9enF""},{""isiPerBox"":40,""productId"":""L0uQuYqgS8Q4smIuyRs4"",""qtyBox"":1,""total"":118500,""nama"":""CRISPY BALLS COOKIS"",""hargaPerBox"":118500},{""total"":97000,""nama"":""SUNDAE CHOCOLATE"",""isiPerBox"":24,""hargaPerBox"":97000,""qtyBox"":1,""productId"":""QLk1TKlyQAC1EHOPZ7M6""},{""productId"":""aok5I2XQHFg2m97mC387"",""isiPerBox"":24,""nama"":""SUNDAE STRAWBERRY"",""hargaPerBox"":97000,""qtyBox"":1,""total"":97000},{""qtyBox"":1,""productId"":""U3qfJlCyL3zOiNLFUFkb"",""nama"":""TARO CRISPY"",""hargaPerBox"":96500,""isiPerBox"":40,""total"":96500}]","ELLA 2 KANTIN MTS BALEKAMBANG","","506500"
"UBGZxcrkxEy4SAcm4aXN","K1832","2025-10-27T08:15:39.026Z","yUpqWUQuZmgdXeW3bt5N","[{""qtyBox"":1,""total"":80000,""nama"":""CHOCO MALT"",""isiPerBox"":50,""productId"":""NOHAYE89jzvVJFKZcLFB"",""hargaPerBox"":80000},{""hargaPerBox"":97000,""total"":97000,""isiPerBox"":50,""productId"":""IDeDw8ay7rGfQANXeYLM"",""nama"":""CHOCOLATE STICK (BINGO)"",""qtyBox"":1},{""hargaPerBox"":118500,""isiPerBox"":40,""qtyBox"":1,""nama"":""CRISPY BALLS COOKIS"",""productId"":""L0uQuYqgS8Q4smIuyRs4"",""total"":118500},{""qtyBox"":1,""hargaPerBox"":78000,""nama"":""JERUK"",""productId"":""N8oPUfk4JcfNuyfZeRcM"",""isiPerBox"":50,""total"":78000},{""total"":93500,""isiPerBox"":60,""nama"":""MIKI-MIKI"",""productId"":""Uu5WSQZmqTLoXc9oxlUj"",""hargaPerBox"":93500,""qtyBox"":1},{""hargaPerBox"":93500,""total"":93500,""nama"":""MIKI-MIKI DOUBLE CHOCO"",""qtyBox"":1,""productId"":""R52hO3IOVzVI3PRqPmGP"",""isiPerBox"":60},{""total"":94500,""nama"":""MOCHI MANGO"",""productId"":""PnPJnogSXAiytWfTxQWM"",""qtyBox"":1,""isiPerBox"":40,""hargaPerBox"":94500},{""nama"":""NANAS"",""productId"":""Msk1v54GqR6gX6mqxqGS"",""qtyBox"":1,""total"":77500,""isiPerBox"":50,""hargaPerBox"":77500},{""productId"":""k7TnmqAqR1yAmsY042eK"",""nama"":""SEMANGKA"",""isiPerBox"":50,""hargaPerBox"":77500,""qtyBox"":1,""total"":77500},{""nama"":""SWEET CORN"",""isiPerBox"":40,""total"":96000,""hargaPerBox"":96000,""qtyBox"":1,""productId"":""bNkl5FX7SlWzgxLhu2Pw""},{""total"":115200,""productId"":""Hzn6DvSXYxLmhtuekqkk"",""isiPerBox"":48,""nama"":""VANILLA BERRY CONE"",""qtyBox"":1,""hargaPerBox"":115200}]","MUHKAFI","Order dari kunjungan: ","1021200"
"UG4V20EVF3gpmfBAFeBy","K0721","2025-10-18T07:12:55.388Z","B432NajzpIiYQHMjsajM","[{""nama"":""CHOCO MALT"",""total"":80000,""qtyBox"":1,""isiPerBox"":50,""hargaPerBox"":80000,""productId"":""NOHAYE89jzvVJFKZcLFB""},{""qtyBox"":1,""total"":110000,""hargaPerBox"":110000,""nama"":""COFFE CRISPY"",""productId"":""BaaVl0Oq2oHnOUy1Cfuw"",""isiPerBox"":40},{""productId"":""L0uQuYqgS8Q4smIuyRs4"",""qtyBox"":1,""total"":118500,""isiPerBox"":40,""hargaPerBox"":118500,""nama"":""CRISPY BALLS COOKIS""},{""productId"":""xJbJEd4mYcSMcB4V4492"",""hargaPerBox"":92500,""total"":92500,""nama"":""MOCHI VANILLA"",""isiPerBox"":40,""qtyBox"":1},{""hargaPerBox"":110000,""productId"":""4ZGi81slpOycqNbJ8lvW"",""qtyBox"":1,""total"":110000,""isiPerBox"":40,""nama"":""STRAWBERRY CRISPY""},{""hargaPerBox"":96000,""qtyBox"":1,""isiPerBox"":40,""productId"":""bNkl5FX7SlWzgxLhu2Pw"",""nama"":""SWEET CORN"",""total"":96000}]","ALIYA CELL","Order dari kunjungan:","607000"
"UG6MgLrRSteRGMGi92Wl","K1899","2025-10-28T09:53:52.423Z","d2fNqoVzXHxTmpY3E8v6","[{""isiPerBox"":50,""qtyBox"":1,""nama"":""CHOCO MALT"",""hargaPerBox"":80000,""total"":80000,""productId"":""NOHAYE89jzvVJFKZcLFB""},{""total"":97500,""productId"":""bIHGFn5MHtXpqVeM9enF"",""isiPerBox"":24,""qtyBox"":1,""hargaPerBox"":97500,""nama"":""CHOCOMELT CONE""},{""hargaPerBox"":118500,""isiPerBox"":40,""total"":118500,""qtyBox"":1,""nama"":""CRISPY BALLS COOKIS"",""productId"":""L0uQuYqgS8Q4smIuyRs4""},{""isiPerBox"":40,""hargaPerBox"":124800,""nama"":""FRUITY ROLL"",""total"":124800,""productId"":""sKjCtHbEsvTpBhbQOyHB"",""qtyBox"":1},{""nama"":""MIKI-MIKI"",""hargaPerBox"":93500,""qtyBox"":1,""productId"":""Uu5WSQZmqTLoXc9oxlUj"",""isiPerBox"":60,""total"":93500},{""isiPerBox"":40,""nama"":""MOCHI MANGO"",""hargaPerBox"":94500,""qtyBox"":1,""total"":94500,""productId"":""PnPJnogSXAiytWfTxQWM""},{""isiPerBox"":40,""productId"":""xJbJEd4mYcSMcB4V4492"",""total"":92500,""nama"":""MOCHI VANILLA"",""hargaPerBox"":92500,""qtyBox"":1},{""qtyBox"":1,""isiPerBox"":24,""nama"":""STRAWBERRY CONE"",""hargaPerBox"":97500,""total"":97500,""productId"":""DoKWCzEByEeYXQFxFinE""},{""nama"":""SUNDAE CHOCOLATE"",""qtyBox"":1,""total"":97000,""hargaPerBox"":97000,""isiPerBox"":24,""productId"":""QLk1TKlyQAC1EHOPZ7M6""},{""isiPerBox"":40,""hargaPerBox"":96000,""nama"":""SWEET CORN"",""total"":96000,""productId"":""bNkl5FX7SlWzgxLhu2Pw"",""qtyBox"":1}]","TOKO LISA","","991800"
"UMNdlx50ThitxtkRvbLZ","K1725","2025-11-06T09:41:58.000Z","6pw30ZdwX1mjmVnAvMaL","[{""isiPerBox"":50,""nama"":""CHOCO MALT"",""productId"":""NOHAYE89jzvVJFKZcLFB"",""hargaPerBox"":80000,""qtyBox"":1,""total"":80000},{""isiPerBox"":60,""nama"":""MIKI-MIKI"",""total"":93500,""hargaPerBox"":93500,""productId"":""Uu5WSQZmqTLoXc9oxlUj"",""qtyBox"":1},{""hargaPerBox"":110000,""productId"":""4ZGi81slpOycqNbJ8lvW"",""nama"":""STRAWBERRY CRISPY"",""isiPerBox"":40,""qtyBox"":1,""total"":110000},{""productId"":""QLk1TKlyQAC1EHOPZ7M6"",""hargaPerBox"":97000,""nama"":""SUNDAE CHOCOLATE"",""total"":97000,""qtyBox"":1,""isiPerBox"":24},{""qtyBox"":1,""productId"":""bNkl5FX7SlWzgxLhu2Pw"",""total"":96000,""hargaPerBox"":96000,""isiPerBox"":40,""nama"":""SWEET CORN""}]","TOKO MBAK RINI","","476500"
"UYZxAnYG8YZ8jDHMWZQe","K1409","2025-10-22T06:16:49.932Z","Hfn7DH6eAWCVrAkmczwl","[{""isiPerBox"":40,""nama"":""FRUITY ROLL"",""productId"":""sKjCtHbEsvTpBhbQOyHB"",""hargaPerBox"":124800,""total"":124800,""qtyBox"":1},{""qtyBox"":1,""productId"":""DoKWCzEByEeYXQFxFinE"",""total"":97500,""isiPerBox"":24,""hargaPerBox"":97500,""nama"":""STRAWBERRY CONE""},{""hargaPerBox"":97000,""isiPerBox"":24,""productId"":""QLk1TKlyQAC1EHOPZ7M6"",""total"":97000,""nama"":""SUNDAE CHOCOLATE"",""qtyBox"":1},{""isiPerBox"":24,""hargaPerBox"":97000,""total"":97000,""qtyBox"":1,""productId"":""aok5I2XQHFg2m97mC387"",""nama"":""SUNDAE STRAWBERRY""},{""productId"":""bNkl5FX7SlWzgxLhu2Pw"",""qtyBox"":1,""hargaPerBox"":96000,""nama"":""SWEET CORN"",""total"":96000,""isiPerBox"":40}]","TOKO BINTANI MART","","512300"
"UabfMxM3yDZwxwP3lpzT","K0439","2025-10-02T08:39:34.220Z","i3vRFtdn75Z0P1RiyJus","[{""nama"":""2 COLOR"",""hargaPerBox"":92000,""productId"":""jJ0aqMzW8XNZeKsXBWuQ"",""total"":92000,""qtyBox"":1,""isiPerBox"":40},{""isiPerBox"":24,""hargaPerBox"":97500,""nama"":""CHOCOMELT CONE"",""productId"":""bIHGFn5MHtXpqVeM9enF"",""qtyBox"":1,""total"":97500},{""hargaPerBox"":96000,""total"":96000,""qtyBox"":1,""nama"":""FRUIZY BLUEBERRY YOGURT"",""isiPerBox"":40,""productId"":""iegvzVPz0yZbNTHzwcj3""},{""qtyBox"":1,""isiPerBox"":40,""hargaPerBox"":92500,""productId"":""xJbJEd4mYcSMcB4V4492"",""total"":92500,""nama"":""MOCHI VANILLA""},{""total"":97000,""qtyBox"":1,""hargaPerBox"":97000,""productId"":""QLk1TKlyQAC1EHOPZ7M6"",""isiPerBox"":24,""nama"":""SUNDAE CHOCOLATE""}]","ALHUSNA MART","","475000"
"UjCKucb9IfoeaasZWaVH","K1480","2025-10-09T06:11:25.081Z","36KgS7wC1Qnude8tPEJW","[{""total"":80000,""isiPerBox"":50,""hargaPerBox"":80000,""qtyBox"":1,""productId"":""NOHAYE89jzvVJFKZcLFB"",""nama"":""CHOCO MALT""},{""total"":117000,""hargaPerBox"":117000,""isiPerBox"":30,""nama"":""CHOCOLATE CRISPY"",""qtyBox"":1,""productId"":""ETb42XTcLpBbcC1aLhcb""},{""nama"":""STRAWBERRY CRISPY"",""total"":110000,""hargaPerBox"":110000,""productId"":""4ZGi81slpOycqNbJ8lvW"",""isiPerBox"":40,""qtyBox"":1},{""qtyBox"":1,""total"":97000,""nama"":""SUNDAE CHOCOLATE"",""isiPerBox"":24,""productId"":""QLk1TKlyQAC1EHOPZ7M6"",""hargaPerBox"":97000},{""nama"":""SUNDAE STRAWBERRY"",""total"":97000,""productId"":""aok5I2XQHFg2m97mC387"",""isiPerBox"":24,""hargaPerBox"":97000,""qtyBox"":1},{""qtyBox"":1,""hargaPerBox"":96000,""isiPerBox"":40,""nama"":""SWEET CORN"",""productId"":""bNkl5FX7SlWzgxLhu2Pw"",""total"":96000}]","PUTRA / ADE ZONE","Order dari kunjungan: ","597000"
"UlKxDPgAMcBoWvDlua9k","K1614","2025-11-15T03:58:33.000Z","UakrWJWMX4JcwWKopZSl","[{""hargaPerBox"":97500,""productId"":""bIHGFn5MHtXpqVeM9enF"",""isiPerBox"":24,""qtyBox"":1,""total"":97500,""nama"":""CHOCOMELT CONE""},{""isiPerBox"":50,""total"":80000,""hargaPerBox"":80000,""nama"":""FRUIZY GRAPE"",""qtyBox"":1,""productId"":""KtjGECYEwOyqkWM0Iu4E""},{""nama"":""MIKI-MIKI"",""qtyBox"":1,""hargaPerBox"":93500,""isiPerBox"":60,""productId"":""Uu5WSQZmqTLoXc9oxlUj"",""total"":93500},{""isiPerBox"":50,""total"":77500,""productId"":""k7TnmqAqR1yAmsY042eK"",""nama"":""SEMANGKA"",""hargaPerBox"":77500,""qtyBox"":1},{""productId"":""QLk1TKlyQAC1EHOPZ7M6"",""hargaPerBox"":97000,""nama"":""SUNDAE CHOCOLATE"",""isiPerBox"":24,""qtyBox"":1,""total"":97000},{""total"":97000,""productId"":""aok5I2XQHFg2m97mC387"",""hargaPerBox"":97000,""qtyBox"":1,""isiPerBox"":24,""nama"":""SUNDAE STRAWBERRY""}]","M. FAIZUN","","542500"
"V7h53sdO35gw0KmJ9evO","K1409","2025-11-02T06:40:07.418Z","Hfn7DH6eAWCVrAkmczwl","[{""isiPerBox"":30,""productId"":""ETb42XTcLpBbcC1aLhcb"",""nama"":""CHOCOLATE CRISPY"",""qtyBox"":1,""hargaPerBox"":117000,""total"":117000},{""nama"":""CHOCOMELT CONE"",""hargaPerBox"":97500,""total"":97500,""isiPerBox"":24,""productId"":""bIHGFn5MHtXpqVeM9enF"",""qtyBox"":1},{""hargaPerBox"":118500,""total"":118500,""nama"":""CRISPY BALLS COOKIS"",""qtyBox"":1,""productId"":""L0uQuYqgS8Q4smIuyRs4"",""isiPerBox"":40},{""total"":118500,""isiPerBox"":30,""qtyBox"":1,""productId"":""kaxtCMx6rMhQn9EbjJAw"",""nama"":""CRISPY BALLS ORIGINAL"",""hargaPerBox"":118500},{""nama"":""STRAWBERRY CRISPY"",""productId"":""4ZGi81slpOycqNbJ8lvW"",""hargaPerBox"":110000,""total"":110000,""isiPerBox"":40,""qtyBox"":1},{""total"":97000,""isiPerBox"":24,""qtyBox"":1,""productId"":""QLk1TKlyQAC1EHOPZ7M6"",""nama"":""SUNDAE CHOCOLATE"",""hargaPerBox"":97000}]","TOKO BINTANI MART","","658500"
"VAWcniIqK3I79hAAB5nm","K1936","2025-10-16T03:34:35.000Z","ZwFykP7rgzkf1aJM6g3n","[{""total"":93500,""isiPerBox"":60,""nama"":""MIKI-MIKI"",""productId"":""Uu5WSQZmqTLoXc9oxlUj"",""hargaPerBox"":93500,""qtyBox"":1},{""hargaPerBox"":77500,""nama"":""SEMANGKA"",""productId"":""k7TnmqAqR1yAmsY042eK"",""isiPerBox"":50,""total"":77500,""qtyBox"":1},{""productId"":""bNkl5FX7SlWzgxLhu2Pw"",""total"":96000,""nama"":""SWEET CORN"",""qtyBox"":1,""isiPerBox"":40,""hargaPerBox"":96000},{""nama"":""TARO CRISPY"",""productId"":""U3qfJlCyL3zOiNLFUFkb"",""isiPerBox"":40,""total"":193000,""hargaPerBox"":96500,""qtyBox"":2}]","TOKO HAPSARI","","460000"
"VEoTcw4ux8j2x3aH3dxh","K0504","2025-10-03T06:16:25.463Z","97dQ3fc5oJLPHPNSZvPe","[{""productId"":""NOHAYE89jzvVJFKZcLFB"",""isiPerBox"":50,""qtyBox"":1,""hargaPerBox"":80000,""total"":80000,""nama"":""CHOCO MALT""},{""qtyBox"":1,""hargaPerBox"":77500,""isiPerBox"":50,""nama"":""NANAS"",""productId"":""Msk1v54GqR6gX6mqxqGS"",""total"":77500},{""isiPerBox"":50,""total"":77500,""productId"":""k7TnmqAqR1yAmsY042eK"",""qtyBox"":1,""nama"":""SEMANGKA"",""hargaPerBox"":77500},{""qtyBox"":1,""total"":110000,""productId"":""4ZGi81slpOycqNbJ8lvW"",""hargaPerBox"":110000,""isiPerBox"":40,""nama"":""STRAWBERRY CRISPY""},{""qtyBox"":1,""total"":97000,""hargaPerBox"":97000,""productId"":""QLk1TKlyQAC1EHOPZ7M6"",""isiPerBox"":24,""nama"":""SUNDAE CHOCOLATE""},{""isiPerBox"":24,""total"":97000,""productId"":""aok5I2XQHFg2m97mC387"",""nama"":""SUNDAE STRAWBERRY"",""hargaPerBox"":97000,""qtyBox"":1}]","SUMUK CELL","","539000"
"VI7lWFTU6ClMyFQ8bdfT","K1387","2025-10-23T02:17:41.209Z","8k5mHDdqhzvAFdnkqWei","[{""productId"":""jJ0aqMzW8XNZeKsXBWuQ"",""qtyBox"":1,""isiPerBox"":40,""hargaPerBox"":92000,""nama"":""2 COLOR"",""total"":92000},{""qtyBox"":1,""productId"":""ETb42XTcLpBbcC1aLhcb"",""nama"":""CHOCOLATE CRISPY"",""isiPerBox"":30,""hargaPerBox"":117000,""total"":117000},{""productId"":""kaxtCMx6rMhQn9EbjJAw"",""hargaPerBox"":118500,""total"":118500,""qtyBox"":1,""isiPerBox"":30,""nama"":""CRISPY BALLS ORIGINAL""},{""total"":96000,""productId"":""iegvzVPz0yZbNTHzwcj3"",""isiPerBox"":40,""hargaPerBox"":96000,""qtyBox"":1,""nama"":""FRUIZY BLUEBERRY YOGURT""},{""nama"":""MANGO SLUSH"",""productId"":""xaB42zjrDkGuzdTP7tpO"",""hargaPerBox"":90500,""total"":90500,""isiPerBox"":30,""qtyBox"":1},{""total"":93500,""qtyBox"":1,""hargaPerBox"":93500,""productId"":""Uu5WSQZmqTLoXc9oxlUj"",""nama"":""MIKI-MIKI"",""isiPerBox"":60},{""total"":93500,""productId"":""R52hO3IOVzVI3PRqPmGP"",""qtyBox"":1,""nama"":""MIKI-MIKI DOUBLE CHOCO"",""hargaPerBox"":93500,""isiPerBox"":60},{""qtyBox"":1,""productId"":""y44wV7EqlAwgQKUJj38O"",""nama"":""MILK MELON"",""hargaPerBox"":95000,""total"":95000,""isiPerBox"":40},{""total"":77500,""qtyBox"":1,""hargaPerBox"":77500,""isiPerBox"":50,""nama"":""NANAS"",""productId"":""Msk1v54GqR6gX6mqxqGS""},{""productId"":""DoKWCzEByEeYXQFxFinE"",""total"":97500,""hargaPerBox"":97500,""nama"":""STRAWBERRY CONE"",""isiPerBox"":24,""qtyBox"":1},{""isiPerBox"":24,""productId"":""aok5I2XQHFg2m97mC387"",""hargaPerBox"":97000,""qtyBox"":1,""nama"":""SUNDAE STRAWBERRY"",""total"":97000},{""productId"":""bNkl5FX7SlWzgxLhu2Pw"",""hargaPerBox"":96000,""isiPerBox"":40,""qtyBox"":1,""nama"":""SWEET CORN"",""total"":96000},{""hargaPerBox"":96500,""total"":96500,""isiPerBox"":40,""productId"":""U3qfJlCyL3zOiNLFUFkb"",""nama"":""TARO CRISPY"",""qtyBox"":1}]","SMK ISLAM AL HIKMAH MAYONG","Order dari kunjungan: ","1260500"
"VUpLWpfEA3LliSlDgEcY","K1916","2025-11-06T02:07:05.586Z","tdeA3VNFi7t8G3VWRUm6","[{""hargaPerBox"":80000,""isiPerBox"":50,""nama"":""CHOCO MALT"",""productId"":""NOHAYE89jzvVJFKZcLFB"",""total"":80000,""qtyBox"":1},{""isiPerBox"":40,""nama"":""COFFE CRISPY"",""qtyBox"":1,""hargaPerBox"":110000,""total"":110000,""productId"":""BaaVl0Oq2oHnOUy1Cfuw""},{""hargaPerBox"":77500,""isiPerBox"":50,""productId"":""k7TnmqAqR1yAmsY042eK"",""nama"":""SEMANGKA"",""total"":77500,""qtyBox"":1},{""qtyBox"":1,""hargaPerBox"":110000,""total"":110000,""isiPerBox"":40,""productId"":""4ZGi81slpOycqNbJ8lvW"",""nama"":""STRAWBERRY CRISPY""},{""nama"":""SUNDAE CHOCOLATE"",""isiPerBox"":24,""total"":97000,""qtyBox"":1,""productId"":""QLk1TKlyQAC1EHOPZ7M6"",""hargaPerBox"":97000}]","TOKO SAUDARA","","474500"
"VdlnY7flbFOa7U9x2o95","K1323","2025-10-13T04:25:19.139Z","R1Nb2wQKva33PYzOOokI","[{""hargaPerBox"":80000,""productId"":""NOHAYE89jzvVJFKZcLFB"",""qtyBox"":1,""isiPerBox"":50,""total"":80000,""nama"":""CHOCO MALT""},{""nama"":""CHOCOLATE STICK"",""isiPerBox"":50,""productId"":""IDeDw8ay7rGfQANXeYLM"",""total"":97000,""qtyBox"":1,""hargaPerBox"":97000},{""isiPerBox"":40,""total"":118500,""nama"":""CRISPY BALLS COOKIS"",""productId"":""L0uQuYqgS8Q4smIuyRs4"",""qtyBox"":1,""hargaPerBox"":118500},{""total"":93500,""nama"":""MIKI-MIKI"",""productId"":""Uu5WSQZmqTLoXc9oxlUj"",""hargaPerBox"":93500,""isiPerBox"":60,""qtyBox"":1},{""nama"":""SWEET CORN"",""total"":96000,""hargaPerBox"":96000,""productId"":""bNkl5FX7SlWzgxLhu2Pw"",""qtyBox"":1,""isiPerBox"":40}]","TOKO PAK MUL","","485000"
"VmPNL9hVL22A6sjMPepg","K0373","2025-10-07T08:35:56.654Z","ImE48v9OEwbSNMRIb16y","[{""total"":92500,""productId"":""xJbJEd4mYcSMcB4V4492"",""nama"":""MOCHI VANILLA"",""isiPerBox"":40,""qtyBox"":1,""hargaPerBox"":92500},{""nama"":""NANAS"",""isiPerBox"":50,""productId"":""Msk1v54GqR6gX6mqxqGS"",""qtyBox"":1,""hargaPerBox"":77500,""total"":77500},{""nama"":""SUNDAE CHOCOLATE"",""hargaPerBox"":97000,""qtyBox"":1,""total"":97000,""productId"":""QLk1TKlyQAC1EHOPZ7M6"",""isiPerBox"":24},{""hargaPerBox"":97000,""isiPerBox"":24,""total"":97000,""nama"":""SUNDAE STRAWBERRY"",""productId"":""aok5I2XQHFg2m97mC387"",""qtyBox"":1},{""nama"":""SWEET CORN"",""isiPerBox"":40,""qtyBox"":1,""total"":96000,""productId"":""bNkl5FX7SlWzgxLhu2Pw"",""hargaPerBox"":96000}]","MADUN","Order dari kunjungan: ","460000"
"VxE4h3iw1SrfqOfd0Edh","K0352","2025-10-06T09:26:47.977Z","P3S3LmNnq4sCQ7YUieWO","[{""qtyBox"":1,""total"":117000,""nama"":""CHOCOLATE CRISPY"",""hargaPerBox"":117000,""productId"":""ETb42XTcLpBbcC1aLhcb"",""isiPerBox"":30},{""hargaPerBox"":97500,""nama"":""CHOCOMELT CONE"",""isiPerBox"":24,""total"":97500,""productId"":""bIHGFn5MHtXpqVeM9enF"",""qtyBox"":1},{""qtyBox"":1,""hargaPerBox"":110000,""total"":110000,""isiPerBox"":40,""nama"":""COFFE CRISPY"",""productId"":""BaaVl0Oq2oHnOUy1Cfuw""},{""isiPerBox"":40,""total"":124800,""qtyBox"":1,""hargaPerBox"":124800,""productId"":""sKjCtHbEsvTpBhbQOyHB"",""nama"":""FRUITY ROLL""},{""total"":93500,""qtyBox"":1,""productId"":""R52hO3IOVzVI3PRqPmGP"",""hargaPerBox"":93500,""nama"":""MIKI-MIKI DOUBLE CHOCO"",""isiPerBox"":60},{""nama"":""STRAWBERRY CRISPY"",""hargaPerBox"":110000,""isiPerBox"":40,""total"":110000,""qtyBox"":1,""productId"":""4ZGi81slpOycqNbJ8lvW""},{""qtyBox"":1,""hargaPerBox"":97000,""isiPerBox"":24,""productId"":""QLk1TKlyQAC1EHOPZ7M6"",""nama"":""SUNDAE CHOCOLATE"",""total"":97000},{""total"":97000,""isiPerBox"":24,""nama"":""SUNDAE STRAWBERRY"",""hargaPerBox"":97000,""productId"":""aok5I2XQHFg2m97mC387"",""qtyBox"":1},{""total"":192000,""hargaPerBox"":96000,""nama"":""SWEET CORN"",""productId"":""bNkl5FX7SlWzgxLhu2Pw"",""qtyBox"":2,""isiPerBox"":40}]","APOTEK PANCUR","Order dari kunjungan: ","1038800"
"W1vx7xh52pSfthTQyQCG","K1409","2025-10-15T08:39:34.477Z","Hfn7DH6eAWCVrAkmczwl","[{""qtyBox"":1,""hargaPerBox"":118500,""productId"":""L0uQuYqgS8Q4smIuyRs4"",""nama"":""CRISPY BALLS COOKIS"",""total"":118500,""isiPerBox"":40},{""hargaPerBox"":118500,""productId"":""kaxtCMx6rMhQn9EbjJAw"",""total"":118500,""nama"":""CRISPY BALLS ORIGINAL"",""isiPerBox"":30,""qtyBox"":1},{""productId"":""iegvzVPz0yZbNTHzwcj3"",""qtyBox"":1,""total"":96000,""hargaPerBox"":96000,""nama"":""FRUIZY BLUEBERRY YOGURT"",""isiPerBox"":40},{""isiPerBox"":24,""nama"":""STRAWBERRY CONE"",""hargaPerBox"":97500,""qtyBox"":1,""productId"":""DoKWCzEByEeYXQFxFinE"",""total"":97500},{""nama"":""SWEET CORN"",""qtyBox"":1,""hargaPerBox"":96000,""isiPerBox"":40,""total"":96000,""productId"":""bNkl5FX7SlWzgxLhu2Pw""}]","TOKO BINTANI MART","","526500"
"WHNLq1bqGDKr1UxW7adM","K1936","2025-10-28T09:50:58.150Z","ZwFykP7rgzkf1aJM6g3n","[{""productId"":""NOHAYE89jzvVJFKZcLFB"",""isiPerBox"":50,""total"":80000,""hargaPerBox"":80000,""nama"":""CHOCO MALT"",""qtyBox"":1},{""productId"":""bIHGFn5MHtXpqVeM9enF"",""isiPerBox"":24,""qtyBox"":1,""hargaPerBox"":97500,""nama"":""CHOCOMELT CONE"",""total"":97500},{""productId"":""EF26XY2EwO1i35LRXuBv"",""nama"":""MOCHI PEACH"",""hargaPerBox"":92500,""qtyBox"":1,""isiPerBox"":40,""total"":92500},{""productId"":""QLk1TKlyQAC1EHOPZ7M6"",""qtyBox"":1,""nama"":""SUNDAE CHOCOLATE"",""hargaPerBox"":97000,""isiPerBox"":24,""total"":97000},{""nama"":""SWEET CORN"",""hargaPerBox"":96000,""total"":96000,""qtyBox"":1,""isiPerBox"":40,""productId"":""bNkl5FX7SlWzgxLhu2Pw""}]","TOKO HAPSARI","","463000"
"WIPU8ciE5qp1vxRmZjsx","K1484","2025-10-28T04:39:32.212Z","qBgHRkFD88KqnN8yy52I","[{""total"":80000,""isiPerBox"":50,""nama"":""CHOCO MALT"",""hargaPerBox"":80000,""qtyBox"":1,""productId"":""NOHAYE89jzvVJFKZcLFB""},{""productId"":""IDeDw8ay7rGfQANXeYLM"",""total"":97000,""qtyBox"":1,""hargaPerBox"":97000,""isiPerBox"":50,""nama"":""CHOCOLATE STICK (BINGO)""},{""hargaPerBox"":118500,""nama"":""CRISPY BALLS COOKIS"",""total"":118500,""productId"":""L0uQuYqgS8Q4smIuyRs4"",""isiPerBox"":40,""qtyBox"":1},{""qtyBox"":1,""hargaPerBox"":80000,""productId"":""KtjGECYEwOyqkWM0Iu4E"",""nama"":""FRUIZY GRAPE"",""isiPerBox"":50,""total"":80000},{""total"":78000,""isiPerBox"":50,""qtyBox"":1,""nama"":""JERUK"",""productId"":""N8oPUfk4JcfNuyfZeRcM"",""hargaPerBox"":78000},{""hargaPerBox"":90500,""qtyBox"":1,""total"":90500,""productId"":""xaB42zjrDkGuzdTP7tpO"",""isiPerBox"":30,""nama"":""MANGO SLUSH""},{""hargaPerBox"":93500,""qtyBox"":1,""productId"":""Uu5WSQZmqTLoXc9oxlUj"",""nama"":""MIKI-MIKI"",""isiPerBox"":60,""total"":93500},{""qtyBox"":1,""isiPerBox"":40,""productId"":""xJbJEd4mYcSMcB4V4492"",""nama"":""MOCHI VANILLA"",""hargaPerBox"":92500,""total"":92500},{""nama"":""SWEET CORN"",""productId"":""bNkl5FX7SlWzgxLhu2Pw"",""isiPerBox"":40,""qtyBox"":2,""total"":192000,""hargaPerBox"":96000},{""hargaPerBox"":115200,""isiPerBox"":48,""total"":115200,""qtyBox"":1,""productId"":""Hzn6DvSXYxLmhtuekqkk"",""nama"":""VANILLA BERRY CONE""}]","SIDO MULYO","Order dari kunjungan: ","1037200"
"WfNUGwnvx8FyE8PwzfLq","K1571","2025-10-23T17:00:00.000Z","42f4rMSZhOHXH6oYOXMn","[{""isiPerBox"":50,""total"":80000,""nama"":""CHOCO MALT"",""qtyBox"":1,""hargaPerBox"":80000,""productId"":""NOHAYE89jzvVJFKZcLFB""},{""hargaPerBox"":97000,""total"":97000,""nama"":""CHOCOLATE STICK"",""isiPerBox"":50,""qtyBox"":1,""productId"":""IDeDw8ay7rGfQANXeYLM""},{""hargaPerBox"":90500,""nama"":""MANGO SLUSH"",""total"":90500,""isiPerBox"":30,""productId"":""xaB42zjrDkGuzdTP7tpO"",""qtyBox"":1},{""total"":96000,""isiPerBox"":40,""hargaPerBox"":96000,""productId"":""bNkl5FX7SlWzgxLhu2Pw"",""qtyBox"":1,""nama"":""SWEET CORN""}]","TOKO KOBER","","363500"
"Wm4W0EXBsj3qdgeSJHVm","K1352","2025-10-06T07:13:13.667Z","OBIPITnGgdtvp0zkVSIL","[{""isiPerBox"":50,""nama"":""CHOCO MALT"",""hargaPerBox"":80000,""total"":80000,""productId"":""NOHAYE89jzvVJFKZcLFB"",""qtyBox"":1},{""productId"":""R52hO3IOVzVI3PRqPmGP"",""qtyBox"":1,""nama"":""MIKI-MIKI DOUBLE CHOCO"",""total"":93500,""hargaPerBox"":93500,""isiPerBox"":60},{""hargaPerBox"":92500,""productId"":""xJbJEd4mYcSMcB4V4492"",""isiPerBox"":40,""total"":92500,""nama"":""MOCHI VANILLA"",""qtyBox"":1},{""qtyBox"":1,""hargaPerBox"":110000,""productId"":""4ZGi81slpOycqNbJ8lvW"",""total"":110000,""nama"":""STRAWBERRY CRISPY"",""isiPerBox"":40},{""nama"":""SUNDAE CHOCOLATE"",""qtyBox"":1,""isiPerBox"":24,""productId"":""QLk1TKlyQAC1EHOPZ7M6"",""hargaPerBox"":97000,""total"":97000},{""hargaPerBox"":96000,""productId"":""bNkl5FX7SlWzgxLhu2Pw"",""total"":192000,""isiPerBox"":40,""qtyBox"":2,""nama"":""SWEET CORN""},{""hargaPerBox"":96500,""nama"":""TARO CRISPY"",""productId"":""U3qfJlCyL3zOiNLFUFkb"",""qtyBox"":1,""isiPerBox"":40,""total"":96500}]","MUSTAQIM","Order dari kunjungan:","761500"
"XFoH3smtTtUbgQA3PEti","K0512","2025-11-15T03:10:34.419Z","jVJBm18ggKRwQ9dO6sPu","[{""qtyBox"":1,""isiPerBox"":50,""hargaPerBox"":80000,""total"":80000,""nama"":""CHOCO MALT"",""productId"":""NOHAYE89jzvVJFKZcLFB""},{""qtyBox"":1,""total"":110000,""isiPerBox"":40,""nama"":""COFFE CRISPY"",""productId"":""BaaVl0Oq2oHnOUy1Cfuw"",""hargaPerBox"":110000},{""total"":118500,""qtyBox"":1,""isiPerBox"":30,""nama"":""CRISPY BALLS COOKIS"",""hargaPerBox"":118500,""productId"":""L0uQuYqgS8Q4smIuyRs4""},{""productId"":""4ZGi81slpOycqNbJ8lvW"",""total"":110000,""qtyBox"":1,""nama"":""STRAWBERRY CRISPY"",""isiPerBox"":40,""hargaPerBox"":110000},{""hargaPerBox"":97000,""isiPerBox"":24,""productId"":""QLk1TKlyQAC1EHOPZ7M6"",""nama"":""SUNDAE CHOCOLATE"",""qtyBox"":1,""total"":97000}]","MUSYAFAK","Order dari kunjungan: ","515500"
"XWRdgAI8pHo78ka4e5EX","K1149","2025-11-04T09:35:50.000Z","ahRcxXhTEcb9lxNWNaut","[{""hargaPerBox"":118500,""qtyBox"":1,""isiPerBox"":40,""total"":118500,""nama"":""CRISPY BALLS COOKIS"",""productId"":""L0uQuYqgS8Q4smIuyRs4""},{""hargaPerBox"":95000,""qtyBox"":1,""productId"":""y44wV7EqlAwgQKUJj38O"",""total"":95000,""isiPerBox"":40,""nama"":""MILK MELON""},{""qtyBox"":1,""productId"":""Msk1v54GqR6gX6mqxqGS"",""isiPerBox"":50,""total"":77500,""nama"":""NANAS"",""hargaPerBox"":77500},{""qtyBox"":1,""productId"":""4ZGi81slpOycqNbJ8lvW"",""total"":110000,""nama"":""STRAWBERRY CRISPY"",""isiPerBox"":40,""hargaPerBox"":110000},{""qtyBox"":1,""total"":97000,""isiPerBox"":24,""nama"":""SUNDAE CHOCOLATE"",""productId"":""QLk1TKlyQAC1EHOPZ7M6"",""hargaPerBox"":97000},{""productId"":""Hzn6DvSXYxLmhtuekqkk"",""nama"":""VANILLA BERRY CONE"",""qtyBox"":1,""isiPerBox"":48,""hargaPerBox"":115200,""total"":115200}]","TIGA SAUDARA 2","Order dari kunjungan: ","613200"
"Xfzy9QjyUX6jCB1r0tg0","K0391","2025-10-18T06:49:50.219Z","j5OQBnhs4A8lXEY9aNI4","[{""isiPerBox"":40,""nama"":""FRUIZY BLUEBERRY YOGURT"",""hargaPerBox"":96000,""total"":96000,""productId"":""iegvzVPz0yZbNTHzwcj3"",""qtyBox"":1},{""hargaPerBox"":93500,""productId"":""Uu5WSQZmqTLoXc9oxlUj"",""nama"":""MIKI-MIKI"",""isiPerBox"":60,""qtyBox"":1,""total"":93500},{""nama"":""MILK MELON"",""isiPerBox"":40,""total"":95000,""qtyBox"":1,""hargaPerBox"":95000,""productId"":""y44wV7EqlAwgQKUJj38O""},{""hargaPerBox"":77500,""productId"":""Msk1v54GqR6gX6mqxqGS"",""isiPerBox"":50,""nama"":""NANAS"",""qtyBox"":1,""total"":77500},{""hargaPerBox"":77500,""nama"":""SEMANGKA"",""productId"":""k7TnmqAqR1yAmsY042eK"",""qtyBox"":1,""isiPerBox"":50,""total"":77500},{""total"":97000,""isiPerBox"":24,""productId"":""QLk1TKlyQAC1EHOPZ7M6"",""hargaPerBox"":97000,""qtyBox"":1,""nama"":""SUNDAE CHOCOLATE""},{""qtyBox"":1,""nama"":""SWEET CORN"",""hargaPerBox"":96000,""total"":96000,""productId"":""bNkl5FX7SlWzgxLhu2Pw"",""isiPerBox"":40}]","ELLA 2 KANTIN MTS BALEKAMBANG","","632500"
"Xu1KsmTbtXg7x4GJFqWO","K0391","2025-10-17T01:55:02.266Z","j5OQBnhs4A8lXEY9aNI4","[{""qtyBox"":1,""total"":80000,""hargaPerBox"":80000,""productId"":""NOHAYE89jzvVJFKZcLFB"",""nama"":""CHOCO MALT"",""isiPerBox"":50},{""productId"":""ETb42XTcLpBbcC1aLhcb"",""qtyBox"":1,""isiPerBox"":30,""nama"":""CHOCOLATE CRISPY"",""hargaPerBox"":117000,""total"":117000},{""total"":97000,""qtyBox"":1,""productId"":""IDeDw8ay7rGfQANXeYLM"",""hargaPerBox"":97000,""nama"":""CHOCOLATE STICK"",""isiPerBox"":50},{""nama"":""CRISPY BALLS COOKIS"",""hargaPerBox"":118500,""productId"":""L0uQuYqgS8Q4smIuyRs4"",""qtyBox"":1,""total"":118500,""isiPerBox"":40},{""isiPerBox"":30,""hargaPerBox"":118500,""nama"":""CRISPY BALLS ORIGINAL"",""qtyBox"":1,""productId"":""kaxtCMx6rMhQn9EbjJAw"",""total"":118500},{""qtyBox"":1,""nama"":""MOCHI MANGO"",""productId"":""PnPJnogSXAiytWfTxQWM"",""total"":94500,""isiPerBox"":40,""hargaPerBox"":94500},{""isiPerBox"":24,""productId"":""QLk1TKlyQAC1EHOPZ7M6"",""total"":97000,""qtyBox"":1,""nama"":""SUNDAE CHOCOLATE"",""hargaPerBox"":97000},{""productId"":""aok5I2XQHFg2m97mC387"",""hargaPerBox"":97000,""isiPerBox"":24,""total"":97000,""qtyBox"":1,""nama"":""SUNDAE STRAWBERRY""},{""isiPerBox"":40,""productId"":""bNkl5FX7SlWzgxLhu2Pw"",""qtyBox"":1,""hargaPerBox"":96000,""total"":96000,""nama"":""SWEET CORN""},{""nama"":""TARO CRISPY"",""isiPerBox"":40,""total"":96500,""productId"":""U3qfJlCyL3zOiNLFUFkb"",""qtyBox"":1,""hargaPerBox"":96500}]","ELLA 2 KANTIN MTS BALEKAMBANG","","1012000"
"YSbdkl4ISpkXCwGaRdBo","K0391","2025-10-30T09:32:17.000Z","j5OQBnhs4A8lXEY9aNI4","[{""hargaPerBox"":117000,""productId"":""ETb42XTcLpBbcC1aLhcb"",""isiPerBox"":30,""total"":117000,""nama"":""CHOCOLATE CRISPY"",""qtyBox"":1},{""qtyBox"":1,""hargaPerBox"":97500,""nama"":""CHOCOMELT CONE"",""isiPerBox"":24,""total"":97500,""productId"":""bIHGFn5MHtXpqVeM9enF""},{""qtyBox"":1,""hargaPerBox"":110000,""nama"":""COFFE CRISPY"",""productId"":""BaaVl0Oq2oHnOUy1Cfuw"",""isiPerBox"":40,""total"":110000},{""productId"":""L0uQuYqgS8Q4smIuyRs4"",""isiPerBox"":40,""qtyBox"":1,""total"":118500,""hargaPerBox"":118500,""nama"":""CRISPY BALLS COOKIS""},{""qtyBox"":1,""hargaPerBox"":94500,""nama"":""MOCHI MANGO"",""productId"":""PnPJnogSXAiytWfTxQWM"",""total"":94500,""isiPerBox"":40},{""total"":110000,""productId"":""4ZGi81slpOycqNbJ8lvW"",""hargaPerBox"":110000,""qtyBox"":1,""nama"":""STRAWBERRY CRISPY"",""isiPerBox"":40},{""hargaPerBox"":97000,""nama"":""SUNDAE CHOCOLATE"",""total"":97000,""isiPerBox"":24,""productId"":""QLk1TKlyQAC1EHOPZ7M6"",""qtyBox"":1},{""isiPerBox"":40,""hargaPerBox"":96000,""productId"":""bNkl5FX7SlWzgxLhu2Pw"",""total"":96000,""qtyBox"":1,""nama"":""SWEET CORN""},{""total"":96500,""productId"":""U3qfJlCyL3zOiNLFUFkb"",""hargaPerBox"":96500,""isiPerBox"":40,""nama"":""TARO CRISPY"",""qtyBox"":1},{""productId"":""Hzn6DvSXYxLmhtuekqkk"",""nama"":""VANILLA BERRY CONE"",""isiPerBox"":48,""total"":115200,""hargaPerBox"":115200,""qtyBox"":1}]","ELLA 2 KANTIN MTS BALEKAMBANG","","1052200"
"YVBs4yFWIIBrZm3qevSB","K1868","2025-10-22T04:42:43.237Z","OoHRaxncqsL1ElG0jLeK","[{""hargaPerBox"":124800,""total"":124800,""qtyBox"":1,""nama"":""FRUITY ROLL"",""isiPerBox"":40,""productId"":""sKjCtHbEsvTpBhbQOyHB""},{""qtyBox"":1,""hargaPerBox"":110000,""productId"":""4ZGi81slpOycqNbJ8lvW"",""total"":110000,""isiPerBox"":40,""nama"":""STRAWBERRY CRISPY""},{""hargaPerBox"":97000,""nama"":""SUNDAE CHOCOLATE"",""total"":97000,""isiPerBox"":24,""qtyBox"":1,""productId"":""QLk1TKlyQAC1EHOPZ7M6""},{""hargaPerBox"":97000,""qtyBox"":1,""nama"":""SUNDAE STRAWBERRY"",""isiPerBox"":24,""productId"":""aok5I2XQHFg2m97mC387"",""total"":97000},{""nama"":""SWEET CORN"",""total"":192000,""qtyBox"":2,""productId"":""bNkl5FX7SlWzgxLhu2Pw"",""hargaPerBox"":96000,""isiPerBox"":40}]","TOKO VANIA","Order dari kunjungan: ","620800"
"YaaWTF7HaK0qDOgWvALk","K1387","2025-10-16T02:52:10.000Z","8k5mHDdqhzvAFdnkqWei","[{""nama"":""2 COLOR"",""qtyBox"":1,""total"":92000,""hargaPerBox"":92000,""isiPerBox"":40,""productId"":""jJ0aqMzW8XNZeKsXBWuQ""},{""qtyBox"":1,""isiPerBox"":50,""nama"":""CHOCOLATE STICK"",""productId"":""IDeDw8ay7rGfQANXeYLM"",""hargaPerBox"":97000,""total"":97000},{""isiPerBox"":40,""total"":110000,""qtyBox"":1,""hargaPerBox"":110000,""productId"":""BaaVl0Oq2oHnOUy1Cfuw"",""nama"":""COFFE CRISPY""},{""productId"":""L0uQuYqgS8Q4smIuyRs4"",""qtyBox"":1,""isiPerBox"":40,""hargaPerBox"":118500,""total"":118500,""nama"":""CRISPY BALLS COOKIS""},{""hargaPerBox"":93500,""total"":93500,""nama"":""MIKI-MIKI"",""isiPerBox"":60,""qtyBox"":1,""productId"":""Uu5WSQZmqTLoXc9oxlUj""},{""productId"":""czThQD5TNzChwlsAr7ds"",""isiPerBox"":40,""total"":92500,""nama"":""MOCHI BANANA"",""qtyBox"":1,""hargaPerBox"":92500},{""productId"":""k7TnmqAqR1yAmsY042eK"",""total"":77500,""isiPerBox"":50,""qtyBox"":1,""hargaPerBox"":77500,""nama"":""SEMANGKA""},{""total"":96500,""hargaPerBox"":96500,""nama"":""TARO CRISPY"",""isiPerBox"":40,""qtyBox"":1,""productId"":""U3qfJlCyL3zOiNLFUFkb""}]","SMK ISLAM AL HIKMAH MAYONG","Order dari kunjungan: ","777500"
"YheQKooDNs5DEGkfc8Kb","K1018","2025-11-07T06:00:52.000Z","QHP3VKx7Xl66YirpJdsY","[{""isiPerBox"":24,""nama"":""CHOCOMELT CONE"",""total"":97500,""productId"":""bIHGFn5MHtXpqVeM9enF"",""hargaPerBox"":97500,""qtyBox"":1},{""productId"":""BaaVl0Oq2oHnOUy1Cfuw"",""hargaPerBox"":110000,""qtyBox"":1,""isiPerBox"":40,""nama"":""COFFE CRISPY"",""total"":110000},{""productId"":""L0uQuYqgS8Q4smIuyRs4"",""hargaPerBox"":118500,""total"":118500,""nama"":""CRISPY BALLS COOKIS"",""isiPerBox"":40,""qtyBox"":1},{""qtyBox"":1,""total"":97000,""productId"":""QLk1TKlyQAC1EHOPZ7M6"",""nama"":""SUNDAE CHOCOLATE"",""isiPerBox"":24,""hargaPerBox"":97000},{""nama"":""TARO CRISPY"",""total"":96500,""qtyBox"":1,""productId"":""U3qfJlCyL3zOiNLFUFkb"",""hargaPerBox"":96500,""isiPerBox"":40}]","YANI 2","Order dari kunjungan:","519500"
"Yqozu9DnmrHXqja5kVV7","K1658","2025-11-15T01:20:08.153Z","aKeHRY72jQ8R7GmJIMNH","[{""qtyBox"":1,""hargaPerBox"":80000,""productId"":""NOHAYE89jzvVJFKZcLFB"",""total"":80000,""isiPerBox"":50,""nama"":""CHOCO MALT""},{""qtyBox"":1,""hargaPerBox"":118500,""total"":118500,""productId"":""L0uQuYqgS8Q4smIuyRs4"",""nama"":""CRISPY BALLS COOKIS"",""isiPerBox"":30},{""qtyBox"":1,""total"":78000,""productId"":""N8oPUfk4JcfNuyfZeRcM"",""isiPerBox"":50,""nama"":""JERUK"",""hargaPerBox"":78000},{""productId"":""bNkl5FX7SlWzgxLhu2Pw"",""nama"":""SWEET CORN"",""qtyBox"":1,""total"":96000,""hargaPerBox"":96000,""isiPerBox"":40},{""hargaPerBox"":96500,""nama"":""TARO CRISPY"",""qtyBox"":1,""total"":96500,""isiPerBox"":40,""productId"":""U3qfJlCyL3zOiNLFUFkb""}]","SD IT AL ANWAR","","469000"
"YsZX3MJ6N2H870qpphKn","K1018","2025-10-02T04:35:31.964Z","QHP3VKx7Xl66YirpJdsY","[{""hargaPerBox"":117000,""nama"":""CHOCOLATE CRISPY"",""isiPerBox"":30,""productId"":""ETb42XTcLpBbcC1aLhcb"",""total"":117000,""qtyBox"":1},{""total"":118500,""productId"":""L0uQuYqgS8Q4smIuyRs4"",""nama"":""CRISPY BALLS COOKIS"",""isiPerBox"":40,""qtyBox"":1,""hargaPerBox"":118500},{""hargaPerBox"":97000,""qtyBox"":1,""productId"":""sKjCtHbEsvTpBhbQOyHB"",""total"":97000,""nama"":""FRUITY ROLL"",""isiPerBox"":40},{""isiPerBox"":40,""nama"":""FRUIZY BLUEBERRY YOGURT"",""hargaPerBox"":96000,""total"":96000,""productId"":""iegvzVPz0yZbNTHzwcj3"",""qtyBox"":1},{""total"":77500,""hargaPerBox"":77500,""productId"":""Msk1v54GqR6gX6mqxqGS"",""qtyBox"":1,""isiPerBox"":50,""nama"":""NANAS""}]","YANI 2","","506000"
"Z56gAeSULq06I6SBtqyp","K1409","2025-10-01T04:36:36.888Z","Hfn7DH6eAWCVrAkmczwl","[{""hargaPerBox"":117000,""nama"":""CHOCOLATE CRISPY"",""isiPerBox"":30,""qtyBox"":1,""productId"":""ETb42XTcLpBbcC1aLhcb"",""total"":117000},{""qtyBox"":1,""isiPerBox"":24,""nama"":""CHOCOMELT CONE"",""hargaPerBox"":97500,""productId"":""bIHGFn5MHtXpqVeM9enF"",""total"":97500},{""hargaPerBox"":96000,""isiPerBox"":40,""total"":96000,""qtyBox"":1,""nama"":""FRUIZY BLUEBERRY YOGURT"",""productId"":""iegvzVPz0yZbNTHzwcj3""},{""total"":92500,""qtyBox"":1,""nama"":""MOCHI VANILLA"",""productId"":""xJbJEd4mYcSMcB4V4492"",""hargaPerBox"":92500,""isiPerBox"":40},{""total"":97500,""productId"":""DoKWCzEByEeYXQFxFinE"",""nama"":""STRAWBERRY CONE"",""isiPerBox"":24,""hargaPerBox"":97500,""qtyBox"":1},{""qtyBox"":1,""nama"":""SUNDAE CHOCOLATE"",""total"":97000,""productId"":""QLk1TKlyQAC1EHOPZ7M6"",""hargaPerBox"":97000,""isiPerBox"":24},{""qtyBox"":1,""hargaPerBox"":96000,""total"":96000,""nama"":""SWEET CORN"",""productId"":""bNkl5FX7SlWzgxLhu2Pw"",""isiPerBox"":40}]","TOKO BINTANI MART","","693500"
"ZFIGP8Opc4q3hgGpE6gU","K1315","2025-10-01T09:03:55.359Z","t2gz4up7sN675kePt6Oc","[{""hargaPerBox"":80000,""isiPerBox"":50,""qtyBox"":1,""productId"":""NOHAYE89jzvVJFKZcLFB"",""total"":80000,""nama"":""CHOCO MALT""},{""isiPerBox"":30,""productId"":""ETb42XTcLpBbcC1aLhcb"",""hargaPerBox"":117000,""qtyBox"":1,""nama"":""CHOCOLATE CRISPY"",""total"":117000},{""qtyBox"":1,""isiPerBox"":24,""nama"":""CHOCOMELT CONE"",""productId"":""bIHGFn5MHtXpqVeM9enF"",""hargaPerBox"":97500,""total"":97500},{""total"":93500,""hargaPerBox"":93500,""isiPerBox"":60,""qtyBox"":1,""nama"":""MIKI-MIKI"",""productId"":""Uu5WSQZmqTLoXc9oxlUj""}]","ABDUL MUJIB","","388000"
"ZIM21gTZmtn0w7el6Xxc","K0352","2025-10-20T08:22:52.500Z","P3S3LmNnq4sCQ7YUieWO","[{""isiPerBox"":40,""hargaPerBox"":92000,""nama"":""2 COLOR"",""qtyBox"":1,""total"":92000,""productId"":""jJ0aqMzW8XNZeKsXBWuQ""},{""nama"":""CHOCOMELT CONE"",""total"":97500,""qtyBox"":1,""hargaPerBox"":97500,""productId"":""bIHGFn5MHtXpqVeM9enF"",""isiPerBox"":24},{""hargaPerBox"":110000,""nama"":""COFFE CRISPY"",""qtyBox"":1,""isiPerBox"":40,""total"":110000,""productId"":""BaaVl0Oq2oHnOUy1Cfuw""},{""qtyBox"":1,""nama"":""CRISPY BALLS ORIGINAL"",""isiPerBox"":30,""total"":118500,""productId"":""kaxtCMx6rMhQn9EbjJAw"",""hargaPerBox"":118500},{""hargaPerBox"":124800,""total"":124800,""productId"":""sKjCtHbEsvTpBhbQOyHB"",""nama"":""FRUITY ROLL"",""qtyBox"":1,""isiPerBox"":40},{""qtyBox"":1,""isiPerBox"":50,""productId"":""KtjGECYEwOyqkWM0Iu4E"",""total"":80000,""nama"":""FRUIZY GRAPE"",""hargaPerBox"":80000},{""nama"":""MIKI-MIKI DOUBLE CHOCO"",""qtyBox"":1,""total"":93500,""productId"":""R52hO3IOVzVI3PRqPmGP"",""isiPerBox"":60,""hargaPerBox"":93500},{""total"":95000,""nama"":""MILK MELON"",""productId"":""y44wV7EqlAwgQKUJj38O"",""qtyBox"":1,""hargaPerBox"":95000,""isiPerBox"":40},{""qtyBox"":1,""hargaPerBox"":110000,""productId"":""4ZGi81slpOycqNbJ8lvW"",""nama"":""STRAWBERRY CRISPY"",""isiPerBox"":40,""total"":110000},{""qtyBox"":1,""productId"":""QLk1TKlyQAC1EHOPZ7M6"",""isiPerBox"":24,""nama"":""SUNDAE CHOCOLATE"",""total"":97000,""hargaPerBox"":97000},{""total"":97000,""nama"":""SUNDAE STRAWBERRY"",""qtyBox"":1,""isiPerBox"":24,""productId"":""aok5I2XQHFg2m97mC387"",""hargaPerBox"":97000},{""nama"":""SWEET CORN"",""productId"":""bNkl5FX7SlWzgxLhu2Pw"",""total"":192000,""qtyBox"":2,""isiPerBox"":40,""hargaPerBox"":96000}]","APOTEK PANCUR","Order dari kunjungan:","1307300"
"ZaiAtI5upcgmCP50pMyY","K1969","2025-11-11T09:26:34.402Z","IQtU1AxfLTPqglkim04O","[{""productId"":""NOHAYE89jzvVJFKZcLFB"",""hargaPerBox"":80000,""qtyBox"":1,""total"":80000,""nama"":""CHOCO MALT"",""isiPerBox"":50},{""isiPerBox"":24,""hargaPerBox"":97500,""total"":97500,""nama"":""CHOCOMELT CONE"",""qtyBox"":1,""productId"":""bIHGFn5MHtXpqVeM9enF""},{""qtyBox"":1,""hargaPerBox"":124800,""productId"":""sKjCtHbEsvTpBhbQOyHB"",""nama"":""FRUITY ROLL"",""total"":124800,""isiPerBox"":40},{""qtyBox"":1,""isiPerBox"":60,""productId"":""Uu5WSQZmqTLoXc9oxlUj"",""nama"":""MIKI-MIKI"",""hargaPerBox"":93500,""total"":93500},{""hargaPerBox"":93500,""qtyBox"":1,""productId"":""R52hO3IOVzVI3PRqPmGP"",""nama"":""MIKI-MIKI DOUBLE CHOCO"",""isiPerBox"":60,""total"":93500},{""productId"":""k7TnmqAqR1yAmsY042eK"",""nama"":""SEMANGKA"",""isiPerBox"":50,""qtyBox"":1,""total"":77500,""hargaPerBox"":77500},{""total"":96000,""productId"":""bNkl5FX7SlWzgxLhu2Pw"",""isiPerBox"":40,""hargaPerBox"":96000,""nama"":""SWEET CORN"",""qtyBox"":1}]","TOKO ANUGERAH","","662800"
"ZqZ0zSr1sUtqnDJLS73g","K1118","2025-11-12T04:10:23.000Z","1pS2Vw8a9fu0UurNB4v7","[{""isiPerBox"":30,""qtyBox"":1,""nama"":""CRISPY BALLS COOKIS"",""total"":118500,""hargaPerBox"":118500,""productId"":""L0uQuYqgS8Q4smIuyRs4""},{""total"":90500,""hargaPerBox"":90500,""isiPerBox"":30,""qtyBox"":1,""nama"":""MANGO SLUSH"",""productId"":""xaB42zjrDkGuzdTP7tpO""},{""hargaPerBox"":94500,""qtyBox"":1,""productId"":""PnPJnogSXAiytWfTxQWM"",""total"":94500,""nama"":""MOCHI MANGO"",""isiPerBox"":40},{""qtyBox"":1,""total"":92500,""isiPerBox"":40,""hargaPerBox"":92500,""nama"":""MOCHI VANILLA"",""productId"":""xJbJEd4mYcSMcB4V4492""},{""qtyBox"":1,""isiPerBox"":24,""nama"":""SUNDAE CHOCOLATE"",""total"":97000,""productId"":""QLk1TKlyQAC1EHOPZ7M6"",""hargaPerBox"":97000},{""total"":97000,""productId"":""aok5I2XQHFg2m97mC387"",""qtyBox"":1,""hargaPerBox"":97000,""isiPerBox"":24,""nama"":""SUNDAE STRAWBERRY""}]","ILMA JAYA","Order dari kunjungan:","590000"
"ZwSLb9qtuLLCOgxcRVrl","K2015","2025-11-01T03:52:03.000Z","Djb9VhTmktwIGcPkALLf","[{""qtyBox"":1,""nama"":""CHOCO MALT"",""productId"":""NOHAYE89jzvVJFKZcLFB"",""hargaPerBox"":80000,""total"":80000,""isiPerBox"":50},{""productId"":""Uu5WSQZmqTLoXc9oxlUj"",""hargaPerBox"":93500,""qtyBox"":1,""total"":93500,""isiPerBox"":60,""nama"":""MIKI-MIKI""},{""productId"":""czThQD5TNzChwlsAr7ds"",""qtyBox"":1,""isiPerBox"":40,""hargaPerBox"":92500,""total"":92500,""nama"":""MOCHI BANANA""},{""total"":94500,""nama"":""MOCHI MANGO"",""productId"":""PnPJnogSXAiytWfTxQWM"",""hargaPerBox"":94500,""isiPerBox"":40,""qtyBox"":1},{""total"":115200,""hargaPerBox"":115200,""nama"":""VANILLA BERRY CONE"",""isiPerBox"":48,""qtyBox"":1,""productId"":""Hzn6DvSXYxLmhtuekqkk""}]","SDN 1 BAKALAN ( TOKO SEMBAKO AHLIS )","Order dari kunjungan: ","475700"
"ZxmVGTETca2Di3foSxVw","K1480","2025-10-23T04:18:47.109Z","36KgS7wC1Qnude8tPEJW","[{""productId"":""iegvzVPz0yZbNTHzwcj3"",""nama"":""FRUIZY BLUEBERRY YOGURT"",""hargaPerBox"":96000,""total"":96000,""qtyBox"":1,""isiPerBox"":40},{""qtyBox"":1,""productId"":""R52hO3IOVzVI3PRqPmGP"",""total"":93500,""hargaPerBox"":93500,""isiPerBox"":60,""nama"":""MIKI-MIKI DOUBLE CHOCO""},{""hargaPerBox"":97000,""productId"":""QLk1TKlyQAC1EHOPZ7M6"",""isiPerBox"":24,""qtyBox"":1,""nama"":""SUNDAE CHOCOLATE"",""total"":97000},{""qtyBox"":1,""isiPerBox"":24,""nama"":""SUNDAE STRAWBERRY"",""total"":97000,""hargaPerBox"":97000,""productId"":""aok5I2XQHFg2m97mC387""},{""hargaPerBox"":96500,""qtyBox"":1,""nama"":""TARO CRISPY"",""isiPerBox"":40,""productId"":""U3qfJlCyL3zOiNLFUFkb"",""total"":96500}]","PUTRA / ADE ZONE","Order dari kunjungan: ","480000"
"ZyFT0kuNuCk8gPy2Djo4","K2021","2025-10-03T04:41:11.719Z","9uWRqV8KbynkKmi3nulk","[{""total"":97500,""productId"":""bIHGFn5MHtXpqVeM9enF"",""isiPerBox"":24,""hargaPerBox"":97500,""nama"":""CHOCOMELT CONE"",""qtyBox"":1},{""qtyBox"":1,""productId"":""aok5I2XQHFg2m97mC387"",""total"":97000,""hargaPerBox"":97000,""isiPerBox"":24,""nama"":""SUNDAE STRAWBERRY""},{""total"":96000,""hargaPerBox"":96000,""qtyBox"":1,""productId"":""bNkl5FX7SlWzgxLhu2Pw"",""isiPerBox"":40,""nama"":""SWEET CORN""}]","WINARNO","","290500"
"ZyxiS3LKgvVoDPhJDjVO","K1409","2025-10-29T05:10:54.990Z","Hfn7DH6eAWCVrAkmczwl","[{""productId"":""ETb42XTcLpBbcC1aLhcb"",""total"":117000,""hargaPerBox"":117000,""qtyBox"":1,""isiPerBox"":30,""nama"":""CHOCOLATE CRISPY""},{""nama"":""FRUITY ROLL"",""hargaPerBox"":124800,""total"":124800,""isiPerBox"":40,""qtyBox"":1,""productId"":""sKjCtHbEsvTpBhbQOyHB""},{""qtyBox"":1,""hargaPerBox"":96000,""productId"":""iegvzVPz0yZbNTHzwcj3"",""total"":96000,""isiPerBox"":40,""nama"":""FRUIZY BLUEBERRY YOGURT""},{""productId"":""Uu5WSQZmqTLoXc9oxlUj"",""isiPerBox"":60,""hargaPerBox"":93500,""qtyBox"":1,""total"":93500,""nama"":""MIKI-MIKI""},{""nama"":""MOCHI PEACH"",""productId"":""EF26XY2EwO1i35LRXuBv"",""qtyBox"":1,""total"":92500,""hargaPerBox"":92500,""isiPerBox"":40},{""productId"":""bNkl5FX7SlWzgxLhu2Pw"",""total"":96000,""nama"":""SWEET CORN"",""isiPerBox"":40,""hargaPerBox"":96000,""qtyBox"":1}]","TOKO BINTANI MART","","619800"
"a1bcirKiPSjLHPbrkILx","K0991","2025-11-09T05:41:32.174Z","e3G6RcX2g2UHxpjV4Pem","[{""isiPerBox"":40,""productId"":""jJ0aqMzW8XNZeKsXBWuQ"",""nama"":""2 COLOR"",""hargaPerBox"":92000,""qtyBox"":1,""total"":92000},{""productId"":""NOHAYE89jzvVJFKZcLFB"",""hargaPerBox"":80000,""isiPerBox"":50,""qtyBox"":1,""nama"":""CHOCO MALT"",""total"":80000},{""nama"":""COFFE CRISPY"",""isiPerBox"":40,""total"":110000,""qtyBox"":1,""hargaPerBox"":110000,""productId"":""BaaVl0Oq2oHnOUy1Cfuw""},{""isiPerBox"":40,""total"":118500,""qtyBox"":1,""productId"":""L0uQuYqgS8Q4smIuyRs4"",""hargaPerBox"":118500,""nama"":""CRISPY BALLS COOKIS""},{""isiPerBox"":40,""hargaPerBox"":96000,""productId"":""iegvzVPz0yZbNTHzwcj3"",""qtyBox"":1,""total"":96000,""nama"":""FRUIZY BLUEBERRY YOGURT""},{""total"":92500,""hargaPerBox"":92500,""qtyBox"":1,""nama"":""MOCHI VANILLA"",""productId"":""xJbJEd4mYcSMcB4V4492"",""isiPerBox"":40},{""nama"":""SWEET CORN"",""hargaPerBox"":96000,""productId"":""bNkl5FX7SlWzgxLhu2Pw"",""isiPerBox"":40,""qtyBox"":1,""total"":96000}]","PONPES MAYONG/ AL ISHOM","Order dari kunjungan: ","685000"
"aJruMs3OElE7FB48pqOJ","K1543","2025-10-17T06:25:36.070Z","ZPG57TQu3HgMHFcjJS94","[{""productId"":""NOHAYE89jzvVJFKZcLFB"",""nama"":""CHOCO MALT"",""isiPerBox"":50,""hargaPerBox"":80000,""qtyBox"":1,""total"":80000},{""productId"":""iegvzVPz0yZbNTHzwcj3"",""hargaPerBox"":96000,""qtyBox"":1,""isiPerBox"":40,""total"":96000,""nama"":""FRUIZY BLUEBERRY YOGURT""},{""qtyBox"":1,""hargaPerBox"":90500,""isiPerBox"":30,""total"":90500,""productId"":""xaB42zjrDkGuzdTP7tpO"",""nama"":""MANGO SLUSH""},{""productId"":""xJbJEd4mYcSMcB4V4492"",""isiPerBox"":40,""total"":92500,""qtyBox"":1,""nama"":""MOCHI VANILLA"",""hargaPerBox"":92500},{""total"":96000,""isiPerBox"":40,""productId"":""bNkl5FX7SlWzgxLhu2Pw"",""hargaPerBox"":96000,""qtyBox"":1,""nama"":""SWEET CORN""}]","NIKMAT SEMBAKO","","455000"
"aPZvg2aMZkCRScc7tRsr","K1127","2025-10-28T07:02:54.271Z","yBsQQkZjVb4f23z50jbC","[{""hargaPerBox"":117000,""productId"":""ETb42XTcLpBbcC1aLhcb"",""qtyBox"":1,""isiPerBox"":30,""nama"":""CHOCOLATE CRISPY"",""total"":117000},{""total"":78000,""isiPerBox"":50,""qtyBox"":1,""nama"":""JERUK"",""productId"":""N8oPUfk4JcfNuyfZeRcM"",""hargaPerBox"":78000},{""hargaPerBox"":93500,""nama"":""MIKI-MIKI DOUBLE CHOCO"",""qtyBox"":1,""isiPerBox"":60,""total"":93500,""productId"":""R52hO3IOVzVI3PRqPmGP""},{""hargaPerBox"":92500,""nama"":""MOCHI VANILLA"",""total"":92500,""isiPerBox"":40,""productId"":""xJbJEd4mYcSMcB4V4492"",""qtyBox"":1},{""nama"":""VANILLA BERRY CONE"",""hargaPerBox"":115200,""productId"":""Hzn6DvSXYxLmhtuekqkk"",""qtyBox"":1,""total"":115200,""isiPerBox"":48}]","ULFA KHASANAH","Order dari kunjungan: ","496200"
"aRbUQngNYPxsb2WUNTJ7","K1607","2025-11-05T02:45:32.000Z","xLheMxVZ8I1BWrwmFw48","[{""total"":92000,""hargaPerBox"":92000,""qtyBox"":1,""productId"":""jJ0aqMzW8XNZeKsXBWuQ"",""nama"":""2 COLOR"",""isiPerBox"":40},{""qtyBox"":1,""total"":117000,""isiPerBox"":30,""nama"":""CHOCOLATE CRISPY"",""productId"":""ETb42XTcLpBbcC1aLhcb"",""hargaPerBox"":117000},{""qtyBox"":1,""isiPerBox"":50,""productId"":""N8oPUfk4JcfNuyfZeRcM"",""total"":78000,""nama"":""JERUK"",""hargaPerBox"":78000},{""nama"":""MILK MELON"",""productId"":""y44wV7EqlAwgQKUJj38O"",""total"":95000,""hargaPerBox"":95000,""isiPerBox"":40,""qtyBox"":1},{""hargaPerBox"":115200,""nama"":""VANILLA BERRY CONE"",""isiPerBox"":48,""qtyBox"":1,""total"":115200,""productId"":""Hzn6DvSXYxLmhtuekqkk""}]","TOKO HALIMAH","Order dari kunjungan:","497200"
"ac4xstWQT0h0L9aSNNhx","K1656","2025-10-11T05:04:46.348Z","4RrFtYEGtIzcVvzYWaMY","[{""qtyBox"":1,""productId"":""jJ0aqMzW8XNZeKsXBWuQ"",""nama"":""2 COLOR"",""total"":92000,""isiPerBox"":40,""hargaPerBox"":92000},{""total"":80000,""productId"":""NOHAYE89jzvVJFKZcLFB"",""hargaPerBox"":80000,""qtyBox"":1,""nama"":""CHOCO MALT"",""isiPerBox"":50},{""isiPerBox"":40,""hargaPerBox"":124800,""total"":124800,""nama"":""FRUITY ROLL"",""productId"":""sKjCtHbEsvTpBhbQOyHB"",""qtyBox"":1},{""total"":96000,""isiPerBox"":40,""productId"":""iegvzVPz0yZbNTHzwcj3"",""qtyBox"":1,""nama"":""FRUIZY BLUEBERRY YOGURT"",""hargaPerBox"":96000},{""nama"":""FRUIZY GRAPE"",""hargaPerBox"":80000,""total"":80000,""productId"":""KtjGECYEwOyqkWM0Iu4E"",""isiPerBox"":50,""qtyBox"":1},{""productId"":""Uu5WSQZmqTLoXc9oxlUj"",""total"":93500,""hargaPerBox"":93500,""qtyBox"":1,""nama"":""MIKI-MIKI"",""isiPerBox"":60},{""nama"":""MOCHI VANILLA"",""hargaPerBox"":92500,""isiPerBox"":40,""productId"":""xJbJEd4mYcSMcB4V4492"",""total"":92500,""qtyBox"":1},{""isiPerBox"":40,""nama"":""SWEET CORN"",""hargaPerBox"":96000,""productId"":""bNkl5FX7SlWzgxLhu2Pw"",""total"":96000,""qtyBox"":1}]","SD IT AL HUSNA PELEMKEREP","Order dari kunjungan:","754800"
"b7mEQjVJH1ukXz1V2XfE","K1367","2025-10-01T05:11:45.912Z","517lFqCrv4ylnAybXBuH","[{""isiPerBox"":50,""qtyBox"":1,""nama"":""JERUK"",""total"":78000,""productId"":""N8oPUfk4JcfNuyfZeRcM"",""hargaPerBox"":78000},{""isiPerBox"":50,""total"":77500,""hargaPerBox"":77500,""qtyBox"":1,""productId"":""Msk1v54GqR6gX6mqxqGS"",""nama"":""NANAS""},{""isiPerBox"":50,""qtyBox"":1,""hargaPerBox"":77500,""nama"":""SEMANGKA"",""total"":77500,""productId"":""k7TnmqAqR1yAmsY042eK""},{""qtyBox"":1,""isiPerBox"":24,""total"":97000,""productId"":""QLk1TKlyQAC1EHOPZ7M6"",""nama"":""SUNDAE CHOCOLATE"",""hargaPerBox"":97000},{""hargaPerBox"":96500,""productId"":""U3qfJlCyL3zOiNLFUFkb"",""nama"":""TARO CRISPY"",""qtyBox"":1,""isiPerBox"":40,""total"":96500}]","ENDANG SRI WAHYUNI","","426500"
"bFyJu4PSXjv07ZqGJMKk","K1502","2025-11-04T08:32:00.000Z","cBXhRkwzErSSQ2yHFz8H","[{""productId"":""R52hO3IOVzVI3PRqPmGP"",""qtyBox"":1,""isiPerBox"":60,""hargaPerBox"":93500,""total"":93500,""nama"":""MIKI-MIKI DOUBLE CHOCO""},{""isiPerBox"":40,""productId"":""y44wV7EqlAwgQKUJj38O"",""nama"":""MILK MELON"",""qtyBox"":1,""hargaPerBox"":95000,""total"":95000},{""isiPerBox"":40,""nama"":""MOCHI PEACH"",""hargaPerBox"":92500,""productId"":""EF26XY2EwO1i35LRXuBv"",""total"":92500,""qtyBox"":1},{""total"":110000,""hargaPerBox"":110000,""productId"":""4ZGi81slpOycqNbJ8lvW"",""isiPerBox"":40,""nama"":""STRAWBERRY CRISPY"",""qtyBox"":1},{""productId"":""QLk1TKlyQAC1EHOPZ7M6"",""hargaPerBox"":97000,""nama"":""SUNDAE CHOCOLATE"",""isiPerBox"":24,""qtyBox"":1,""total"":97000},{""hargaPerBox"":96500,""productId"":""U3qfJlCyL3zOiNLFUFkb"",""qtyBox"":1,""total"":96500,""nama"":""TARO CRISPY"",""isiPerBox"":40}]","TOKO RIZKY OS","Order dari kunjungan: ","584500"
"bGFiR2Ti2ua15vZcgR2K","K1911","2025-11-05T09:54:48.000Z","878SE6zfogSZSvQEzaQC","[{""total"":97500,""nama"":""CHOCOMELT CONE"",""productId"":""bIHGFn5MHtXpqVeM9enF"",""hargaPerBox"":97500,""isiPerBox"":24,""qtyBox"":1},{""hargaPerBox"":93500,""nama"":""MIKI-MIKI"",""isiPerBox"":60,""qtyBox"":1,""total"":93500,""productId"":""Uu5WSQZmqTLoXc9oxlUj""},{""total"":96000,""productId"":""bNkl5FX7SlWzgxLhu2Pw"",""hargaPerBox"":96000,""qtyBox"":1,""nama"":""SWEET CORN"",""isiPerBox"":40}]","TOKO VIANA","","287000"
"bLYoePFDwnjvmLU0bWNS","K0743","2025-11-12T06:14:23.204Z","ZpXCeOmAOnXDVw7mocUq","[{""productId"":""NOHAYE89jzvVJFKZcLFB"",""qtyBox"":1,""nama"":""CHOCO MALT"",""isiPerBox"":50,""total"":80000,""hargaPerBox"":80000},{""nama"":""MIKI-MIKI DOUBLE CHOCO"",""productId"":""R52hO3IOVzVI3PRqPmGP"",""hargaPerBox"":93500,""total"":93500,""isiPerBox"":60,""qtyBox"":1},{""qtyBox"":1,""productId"":""QLk1TKlyQAC1EHOPZ7M6"",""hargaPerBox"":97000,""total"":97000,""nama"":""SUNDAE CHOCOLATE"",""isiPerBox"":24},{""total"":96000,""nama"":""SWEET CORN"",""qtyBox"":1,""isiPerBox"":40,""productId"":""bNkl5FX7SlWzgxLhu2Pw"",""hargaPerBox"":96000},{""isiPerBox"":40,""total"":96500,""qtyBox"":1,""nama"":""TARO CRISPY"",""hargaPerBox"":96500,""productId"":""U3qfJlCyL3zOiNLFUFkb""}]","RESTU","Order dari kunjungan: ","463000"
"bUwX26AVq8tyg6VQGSJI","K0373","2025-09-30T17:00:00.000Z","ImE48v9OEwbSNMRIb16y","[{""productId"":""Uu5WSQZmqTLoXc9oxlUj"",""total"":280500,""qtyBox"":3,""nama"":""MIKI-MIKI"",""isiPerBox"":60,""hargaPerBox"":93500},{""total"":77500,""qtyBox"":1,""productId"":""k7TnmqAqR1yAmsY042eK"",""nama"":""SEMANGKA"",""isiPerBox"":50,""hargaPerBox"":77500},{""qtyBox"":1,""total"":96000,""isiPerBox"":40,""nama"":""SWEET CORN"",""productId"":""bNkl5FX7SlWzgxLhu2Pw"",""hargaPerBox"":96000}]","MADUN","","454000"
"bbvRVTMXFP7pFQsDmEYM","K0936","2025-10-13T03:43:25.016Z","rZ5BOP8Og7Zb2P9x4xE6","[{""qtyBox"":1,""productId"":""jJ0aqMzW8XNZeKsXBWuQ"",""hargaPerBox"":92000,""isiPerBox"":40,""total"":92000,""nama"":""2 COLOR""},{""hargaPerBox"":97000,""qtyBox"":1,""total"":97000,""productId"":""IDeDw8ay7rGfQANXeYLM"",""nama"":""CHOCOLATE STICK"",""isiPerBox"":50},{""isiPerBox"":40,""total"":118500,""hargaPerBox"":118500,""nama"":""CRISPY BALLS COOKIS"",""qtyBox"":1,""productId"":""L0uQuYqgS8Q4smIuyRs4""},{""hargaPerBox"":124800,""nama"":""FRUITY ROLL"",""qtyBox"":1,""productId"":""sKjCtHbEsvTpBhbQOyHB"",""isiPerBox"":40,""total"":124800},{""hargaPerBox"":96000,""qtyBox"":1,""productId"":""iegvzVPz0yZbNTHzwcj3"",""nama"":""FRUIZY BLUEBERRY YOGURT"",""isiPerBox"":40,""total"":96000},{""isiPerBox"":50,""total"":78000,""productId"":""N8oPUfk4JcfNuyfZeRcM"",""nama"":""JERUK"",""qtyBox"":1,""hargaPerBox"":78000},{""nama"":""MIKI-MIKI"",""isiPerBox"":60,""productId"":""Uu5WSQZmqTLoXc9oxlUj"",""total"":93500,""qtyBox"":1,""hargaPerBox"":93500},{""hargaPerBox"":77500,""isiPerBox"":50,""qtyBox"":1,""total"":77500,""nama"":""SEMANGKA"",""productId"":""k7TnmqAqR1yAmsY042eK""},{""hargaPerBox"":97000,""qtyBox"":1,""nama"":""SUNDAE CHOCOLATE"",""productId"":""QLk1TKlyQAC1EHOPZ7M6"",""isiPerBox"":24,""total"":97000},{""qtyBox"":1,""nama"":""SUNDAE STRAWBERRY"",""isiPerBox"":24,""total"":97000,""productId"":""aok5I2XQHFg2m97mC387"",""hargaPerBox"":97000},{""isiPerBox"":40,""total"":96000,""qtyBox"":1,""hargaPerBox"":96000,""productId"":""bNkl5FX7SlWzgxLhu2Pw"",""nama"":""SWEET CORN""}]","RONDHI ARDIYANTO","Order dari kunjungan:","1067300"
"bvaLA0wRbjSIWEGccTVO","K1543","2025-10-11T08:41:21.331Z","ZPG57TQu3HgMHFcjJS94","[{""total"":97500,""hargaPerBox"":97500,""nama"":""CHOCOMELT CONE"",""isiPerBox"":24,""productId"":""bIHGFn5MHtXpqVeM9enF"",""qtyBox"":1},{""qtyBox"":1,""total"":97500,""hargaPerBox"":97500,""productId"":""DoKWCzEByEeYXQFxFinE"",""nama"":""STRAWBERRY CONE"",""isiPerBox"":24},{""productId"":""QLk1TKlyQAC1EHOPZ7M6"",""isiPerBox"":24,""nama"":""SUNDAE CHOCOLATE"",""qtyBox"":1,""hargaPerBox"":97000,""total"":97000},{""productId"":""aok5I2XQHFg2m97mC387"",""qtyBox"":1,""hargaPerBox"":97000,""nama"":""SUNDAE STRAWBERRY"",""total"":97000,""isiPerBox"":24},{""productId"":""bNkl5FX7SlWzgxLhu2Pw"",""qtyBox"":1,""total"":96000,""isiPerBox"":40,""nama"":""SWEET CORN"",""hargaPerBox"":96000}]","NIKMAT SEMBAKO","","485000"
"cADCQ7klmNKhABE1yp49","K1649","2025-10-30T09:33:38.343Z","LrDGivjSfm58oJ7eILXz","[{""qtyBox"":1,""hargaPerBox"":92000,""nama"":""2 COLOR"",""productId"":""jJ0aqMzW8XNZeKsXBWuQ"",""isiPerBox"":40,""total"":92000},{""total"":80000,""isiPerBox"":50,""qtyBox"":1,""hargaPerBox"":80000,""productId"":""NOHAYE89jzvVJFKZcLFB"",""nama"":""CHOCO MALT""},{""productId"":""ETb42XTcLpBbcC1aLhcb"",""isiPerBox"":30,""hargaPerBox"":117000,""total"":117000,""qtyBox"":1,""nama"":""CHOCOLATE CRISPY""},{""productId"":""bIHGFn5MHtXpqVeM9enF"",""total"":97500,""qtyBox"":1,""isiPerBox"":24,""hargaPerBox"":97500,""nama"":""CHOCOMELT CONE""},{""isiPerBox"":40,""productId"":""L0uQuYqgS8Q4smIuyRs4"",""nama"":""CRISPY BALLS COOKIS"",""total"":118500,""hargaPerBox"":118500,""qtyBox"":1},{""qtyBox"":1,""total"":124800,""hargaPerBox"":124800,""nama"":""FRUITY ROLL"",""isiPerBox"":40,""productId"":""sKjCtHbEsvTpBhbQOyHB""},{""qtyBox"":1,""productId"":""KtjGECYEwOyqkWM0Iu4E"",""isiPerBox"":50,""total"":80000,""nama"":""FRUIZY GRAPE"",""hargaPerBox"":80000},{""total"":92500,""productId"":""czThQD5TNzChwlsAr7ds"",""nama"":""MOCHI BANANA"",""hargaPerBox"":92500,""qtyBox"":1,""isiPerBox"":40},{""nama"":""NANAS"",""isiPerBox"":50,""hargaPerBox"":77500,""qtyBox"":1,""productId"":""Msk1v54GqR6gX6mqxqGS"",""total"":77500},{""hargaPerBox"":97500,""qtyBox"":1,""isiPerBox"":24,""productId"":""DoKWCzEByEeYXQFxFinE"",""nama"":""STRAWBERRY CONE"",""total"":97500},{""isiPerBox"":24,""productId"":""QLk1TKlyQAC1EHOPZ7M6"",""hargaPerBox"":97000,""total"":194000,""nama"":""SUNDAE CHOCOLATE"",""qtyBox"":2},{""productId"":""bNkl5FX7SlWzgxLhu2Pw"",""isiPerBox"":40,""nama"":""SWEET CORN"",""total"":96000,""hargaPerBox"":96000,""qtyBox"":1},{""total"":96500,""productId"":""U3qfJlCyL3zOiNLFUFkb"",""hargaPerBox"":96500,""isiPerBox"":40,""nama"":""TARO CRISPY"",""qtyBox"":1},{""nama"":""VANILLA BERRY CONE"",""qtyBox"":1,""total"":115200,""hargaPerBox"":115200,""isiPerBox"":48,""productId"":""Hzn6DvSXYxLmhtuekqkk""}]","WARUNG MADURA AL-AMIN 2","","1479000"
"cEGRn0FMhpMwsfhiY2Mr","K1286","2025-10-06T01:36:46.769Z","MBtynOjLtaD7KngRrvOo","[{""nama"":""CRISPY BALLS COOKIS"",""productId"":""L0uQuYqgS8Q4smIuyRs4"",""hargaPerBox"":118500,""qtyBox"":1,""total"":118500,""isiPerBox"":40},{""qtyBox"":1,""nama"":""FRUIZY BLUEBERRY YOGURT"",""total"":96000,""productId"":""iegvzVPz0yZbNTHzwcj3"",""hargaPerBox"":96000,""isiPerBox"":40},{""nama"":""MOCHI KLEPON"",""total"":94500,""qtyBox"":1,""isiPerBox"":40,""productId"":""bo7uoDBVttrD7nfgPod8"",""hargaPerBox"":94500},{""nama"":""MOCHI VANILLA"",""productId"":""xJbJEd4mYcSMcB4V4492"",""total"":92500,""isiPerBox"":40,""qtyBox"":1,""hargaPerBox"":92500},{""hargaPerBox"":97500,""isiPerBox"":24,""productId"":""DoKWCzEByEeYXQFxFinE"",""total"":97500,""qtyBox"":1,""nama"":""STRAWBERRY CONE""}]","RIYADLUR QURAN","","499000"
"cF0lh0mK9MBwMpA29wLu","K1877","2025-11-07T04:40:42.506Z","UwdRliDTCsIK7mN3UplU","[{""total"":117000,""qtyBox"":1,""productId"":""ETb42XTcLpBbcC1aLhcb"",""hargaPerBox"":117000,""isiPerBox"":30,""nama"":""CHOCOLATE CRISPY""},{""isiPerBox"":24,""total"":97500,""hargaPerBox"":97500,""qtyBox"":1,""productId"":""bIHGFn5MHtXpqVeM9enF"",""nama"":""CHOCOMELT CONE""},{""nama"":""CRISPY BALLS COOKIS"",""total"":118500,""productId"":""L0uQuYqgS8Q4smIuyRs4"",""isiPerBox"":40,""qtyBox"":1,""hargaPerBox"":118500},{""total"":90500,""productId"":""xaB42zjrDkGuzdTP7tpO"",""qtyBox"":1,""hargaPerBox"":90500,""isiPerBox"":30,""nama"":""MANGO SLUSH""},{""productId"":""PnPJnogSXAiytWfTxQWM"",""isiPerBox"":40,""total"":94500,""nama"":""MOCHI MANGO"",""qtyBox"":1,""hargaPerBox"":94500},{""productId"":""Msk1v54GqR6gX6mqxqGS"",""qtyBox"":1,""nama"":""NANAS"",""total"":77500,""hargaPerBox"":77500,""isiPerBox"":50},{""isiPerBox"":50,""total"":77500,""hargaPerBox"":77500,""productId"":""k7TnmqAqR1yAmsY042eK"",""qtyBox"":1,""nama"":""SEMANGKA""},{""hargaPerBox"":97500,""isiPerBox"":24,""total"":97500,""productId"":""DoKWCzEByEeYXQFxFinE"",""qtyBox"":1,""nama"":""STRAWBERRY CONE""},{""productId"":""QLk1TKlyQAC1EHOPZ7M6"",""nama"":""SUNDAE CHOCOLATE"",""isiPerBox"":24,""total"":97000,""qtyBox"":1,""hargaPerBox"":97000},{""nama"":""SWEET CORN"",""total"":96000,""qtyBox"":1,""isiPerBox"":40,""hargaPerBox"":96000,""productId"":""bNkl5FX7SlWzgxLhu2Pw""},{""qtyBox"":1,""hargaPerBox"":115200,""nama"":""VANILLA BERRY CONE"",""productId"":""Hzn6DvSXYxLmhtuekqkk"",""total"":115200,""isiPerBox"":48}]","KANTOR PWI","","1078700"
"cLoR440qN4CO8tjJoWu6","K0467","2025-10-16T05:32:23.073Z","7xXpzkyryOEVARIJWA8V","[{""nama"":""CHOCOLATE CRISPY"",""qtyBox"":1,""productId"":""ETb42XTcLpBbcC1aLhcb"",""total"":117000,""hargaPerBox"":117000,""isiPerBox"":30},{""isiPerBox"":24,""qtyBox"":1,""hargaPerBox"":97500,""total"":97500,""nama"":""CHOCOMELT CONE"",""productId"":""bIHGFn5MHtXpqVeM9enF""},{""isiPerBox"":30,""total"":90500,""nama"":""MANGO SLUSH"",""productId"":""xaB42zjrDkGuzdTP7tpO"",""qtyBox"":1,""hargaPerBox"":90500},{""hargaPerBox"":94500,""total"":94500,""qtyBox"":1,""isiPerBox"":40,""productId"":""PnPJnogSXAiytWfTxQWM"",""nama"":""MOCHI MANGO""},{""nama"":""STRAWBERRY CRISPY"",""productId"":""4ZGi81slpOycqNbJ8lvW"",""qtyBox"":1,""total"":110000,""hargaPerBox"":110000,""isiPerBox"":40},{""qtyBox"":1,""productId"":""aok5I2XQHFg2m97mC387"",""isiPerBox"":24,""total"":97000,""hargaPerBox"":97000,""nama"":""SUNDAE STRAWBERRY""},{""qtyBox"":1,""total"":96000,""productId"":""bNkl5FX7SlWzgxLhu2Pw"",""hargaPerBox"":96000,""isiPerBox"":40,""nama"":""SWEET CORN""}]","SUKATI","Order dari kunjungan: ","702500"
"clmtev4ivreRBtQVxTGw","K1540","2025-10-27T05:39:26.069Z","SXfUg2IX86MSmv6tQUfp","[{""productId"":""BaaVl0Oq2oHnOUy1Cfuw"",""isiPerBox"":40,""hargaPerBox"":110000,""nama"":""COFFE CRISPY"",""total"":110000,""qtyBox"":1},{""qtyBox"":1,""total"":118500,""hargaPerBox"":118500,""productId"":""L0uQuYqgS8Q4smIuyRs4"",""nama"":""CRISPY BALLS COOKIS"",""isiPerBox"":40},{""qtyBox"":1,""total"":97000,""nama"":""SUNDAE CHOCOLATE"",""productId"":""QLk1TKlyQAC1EHOPZ7M6"",""hargaPerBox"":97000,""isiPerBox"":24},{""productId"":""bNkl5FX7SlWzgxLhu2Pw"",""hargaPerBox"":96000,""nama"":""SWEET CORN"",""total"":96000,""isiPerBox"":40,""qtyBox"":1},{""total"":115200,""hargaPerBox"":115200,""isiPerBox"":48,""nama"":""VANILLA BERRY CONE"",""qtyBox"":1,""productId"":""Hzn6DvSXYxLmhtuekqkk""}]","REZEKI LANCAR","Order dari kunjungan: ","536700"
"crfN7Q85dJ51s2AmOK5p","K1154","2025-11-06T06:52:20.336Z","pfBZeBBflEj9cMD0uZa2","[{""productId"":""NOHAYE89jzvVJFKZcLFB"",""qtyBox"":1,""total"":80000,""hargaPerBox"":80000,""isiPerBox"":50,""nama"":""CHOCO MALT""},{""qtyBox"":1,""total"":90500,""isiPerBox"":30,""productId"":""xaB42zjrDkGuzdTP7tpO"",""nama"":""MANGO SLUSH"",""hargaPerBox"":90500},{""productId"":""Uu5WSQZmqTLoXc9oxlUj"",""hargaPerBox"":93500,""nama"":""MIKI-MIKI"",""isiPerBox"":60,""total"":93500,""qtyBox"":1},{""isiPerBox"":40,""productId"":""4ZGi81slpOycqNbJ8lvW"",""qtyBox"":1,""total"":110000,""hargaPerBox"":110000,""nama"":""STRAWBERRY CRISPY""},{""isiPerBox"":24,""total"":97000,""productId"":""QLk1TKlyQAC1EHOPZ7M6"",""hargaPerBox"":97000,""nama"":""SUNDAE CHOCOLATE"",""qtyBox"":1}]","TOKO ALI","Order dari kunjungan: ","471000"
"dOsUBDx3HluaAwFsDMfu","K2014","2025-10-16T06:18:07.544Z","lNRFpK00n4trF3j94v5p","[{""hargaPerBox"":110000,""productId"":""BaaVl0Oq2oHnOUy1Cfuw"",""isiPerBox"":40,""nama"":""COFFE CRISPY"",""total"":110000,""qtyBox"":1},{""hargaPerBox"":118500,""total"":118500,""qtyBox"":1,""productId"":""L0uQuYqgS8Q4smIuyRs4"",""nama"":""CRISPY BALLS COOKIS"",""isiPerBox"":40},{""qtyBox"":1,""nama"":""FRUIZY BLUEBERRY YOGURT"",""total"":96000,""productId"":""iegvzVPz0yZbNTHzwcj3"",""hargaPerBox"":96000,""isiPerBox"":40},{""qtyBox"":1,""nama"":""MANGO SLUSH"",""isiPerBox"":30,""productId"":""xaB42zjrDkGuzdTP7tpO"",""hargaPerBox"":90500,""total"":90500},{""hargaPerBox"":92500,""nama"":""MOCHI BANANA"",""total"":92500,""isiPerBox"":40,""productId"":""czThQD5TNzChwlsAr7ds"",""qtyBox"":1}]","Toko Koss Mart","Order dari kunjungan: ","507500"
"dnbXoMXf5yI9yLJ6Tooe","K2008","2025-10-28T07:30:00.000Z","gHbbLlkgBIfTYKv7O0G6","[{""total"":97500,""hargaPerBox"":97500,""isiPerBox"":24,""productId"":""bIHGFn5MHtXpqVeM9enF"",""qtyBox"":1,""nama"":""CHOCOMELT CONE""},{""hargaPerBox"":80000,""productId"":""KtjGECYEwOyqkWM0Iu4E"",""qtyBox"":1,""total"":80000,""nama"":""FRUIZY GRAPE"",""isiPerBox"":50},{""nama"":""MIKI-MIKI DOUBLE CHOCO"",""productId"":""R52hO3IOVzVI3PRqPmGP"",""isiPerBox"":60,""qtyBox"":1,""total"":93500,""hargaPerBox"":93500},{""hargaPerBox"":96500,""productId"":""U3qfJlCyL3zOiNLFUFkb"",""qtyBox"":1,""isiPerBox"":40,""nama"":""TARO CRISPY"",""total"":96500},{""total"":115200,""productId"":""Hzn6DvSXYxLmhtuekqkk"",""isiPerBox"":48,""nama"":""VANILLA BERRY CONE"",""qtyBox"":1,""hargaPerBox"":115200}]","TOSERBA JIWA MART","Order dari kunjungan:","482700"
"e1ExXTYkadRC1AbMUysz","K0391","2025-11-04T01:06:17.959Z","j5OQBnhs4A8lXEY9aNI4","[{""isiPerBox"":50,""nama"":""CHOCO MALT"",""productId"":""NOHAYE89jzvVJFKZcLFB"",""hargaPerBox"":80000,""qtyBox"":1,""total"":80000},{""total"":118500,""hargaPerBox"":118500,""qtyBox"":1,""nama"":""CRISPY BALLS COOKIS"",""isiPerBox"":40,""productId"":""L0uQuYqgS8Q4smIuyRs4""},{""nama"":""SUNDAE CHOCOLATE"",""total"":97000,""hargaPerBox"":97000,""qtyBox"":1,""isiPerBox"":24,""productId"":""QLk1TKlyQAC1EHOPZ7M6""},{""nama"":""SWEET CORN"",""isiPerBox"":40,""productId"":""bNkl5FX7SlWzgxLhu2Pw"",""total"":96000,""qtyBox"":1,""hargaPerBox"":96000},{""productId"":""U3qfJlCyL3zOiNLFUFkb"",""total"":96500,""nama"":""TARO CRISPY"",""hargaPerBox"":96500,""qtyBox"":1,""isiPerBox"":40}]","ELLA 2 KANTIN MTS BALEKAMBANG","","488000"
"e20HEwEvQyYLRuBfjwfu","K2066","2025-11-02T04:39:21.000Z","WbtoNXx8lwUgS8s1ojLR","[{""total"":77500,""nama"":""SEMANGKA"",""qtyBox"":1,""hargaPerBox"":77500,""isiPerBox"":50,""productId"":""k7TnmqAqR1yAmsY042eK""},{""nama"":""STRAWBERRY CRISPY"",""qtyBox"":1,""total"":110000,""hargaPerBox"":110000,""productId"":""4ZGi81slpOycqNbJ8lvW"",""isiPerBox"":40},{""productId"":""U3qfJlCyL3zOiNLFUFkb"",""isiPerBox"":40,""nama"":""TARO CRISPY"",""total"":96500,""qtyBox"":1,""hargaPerBox"":96500},{""isiPerBox"":48,""nama"":""VANILLA BERRY CONE"",""hargaPerBox"":115200,""qtyBox"":1,""total"":115200,""productId"":""Hzn6DvSXYxLmhtuekqkk""}]","BU ISTIANAH ( MTS URWATIL WATSQO )","","399200"
"e3r6mLEZCTkIIRk2NTm3","K0441","2025-11-15T03:50:42.000Z","2zobAduRXbA1IyykFf5n","[{""qtyBox"":1,""total"":92000,""nama"":""2 COLOR"",""productId"":""jJ0aqMzW8XNZeKsXBWuQ"",""isiPerBox"":40,""hargaPerBox"":92000},{""productId"":""ETb42XTcLpBbcC1aLhcb"",""qtyBox"":1,""total"":117000,""hargaPerBox"":117000,""nama"":""CHOCOLATE CRISPY"",""isiPerBox"":30},{""isiPerBox"":60,""total"":93500,""qtyBox"":1,""nama"":""MIKI-MIKI DOUBLE CHOCO"",""hargaPerBox"":93500,""productId"":""R52hO3IOVzVI3PRqPmGP""},{""isiPerBox"":40,""total"":92500,""hargaPerBox"":92500,""qtyBox"":1,""nama"":""MOCHI VANILLA"",""productId"":""xJbJEd4mYcSMcB4V4492""},{""hargaPerBox"":97500,""isiPerBox"":24,""qtyBox"":1,""nama"":""STRAWBERRY CONE"",""productId"":""DoKWCzEByEeYXQFxFinE"",""total"":97500},{""nama"":""SUNDAE CHOCOLATE"",""qtyBox"":1,""isiPerBox"":24,""productId"":""QLk1TKlyQAC1EHOPZ7M6"",""total"":97000,""hargaPerBox"":97000},{""total"":97000,""productId"":""aok5I2XQHFg2m97mC387"",""nama"":""SUNDAE STRAWBERRY"",""hargaPerBox"":97000,""qtyBox"":1,""isiPerBox"":24}]","MJ CELL","Order dari kunjungan:","686500"
"e8u4ZZlJiUpMOurIGOq9","K1352","2025-10-27T07:51:04.363Z","OBIPITnGgdtvp0zkVSIL","[{""total"":118500,""hargaPerBox"":118500,""nama"":""CRISPY BALLS COOKIS"",""productId"":""L0uQuYqgS8Q4smIuyRs4"",""qtyBox"":1,""isiPerBox"":40},{""qtyBox"":1,""isiPerBox"":50,""nama"":""SEMANGKA"",""productId"":""k7TnmqAqR1yAmsY042eK"",""hargaPerBox"":77500,""total"":77500},{""total"":97000,""hargaPerBox"":97000,""qtyBox"":1,""nama"":""SUNDAE CHOCOLATE"",""isiPerBox"":24,""productId"":""QLk1TKlyQAC1EHOPZ7M6""},{""total"":96000,""nama"":""SWEET CORN"",""qtyBox"":1,""hargaPerBox"":96000,""isiPerBox"":40,""productId"":""bNkl5FX7SlWzgxLhu2Pw""},{""hargaPerBox"":115200,""isiPerBox"":48,""productId"":""Hzn6DvSXYxLmhtuekqkk"",""nama"":""VANILLA BERRY CONE"",""total"":115200,""qtyBox"":1}]","MUSTAQIM","Order dari kunjungan: ","504200"
"ePp6EPgF8K9fuuTljSgp","K2021","2025-10-20T08:43:56.564Z","9uWRqV8KbynkKmi3nulk","[{""nama"":""MIKI-MIKI"",""productId"":""Uu5WSQZmqTLoXc9oxlUj"",""isiPerBox"":60,""hargaPerBox"":93500,""total"":93500,""qtyBox"":1},{""nama"":""SEMANGKA"",""hargaPerBox"":77500,""productId"":""k7TnmqAqR1yAmsY042eK"",""qtyBox"":1,""isiPerBox"":50,""total"":77500},{""productId"":""aok5I2XQHFg2m97mC387"",""isiPerBox"":24,""qtyBox"":1,""total"":97000,""hargaPerBox"":97000,""nama"":""SUNDAE STRAWBERRY""},{""productId"":""bNkl5FX7SlWzgxLhu2Pw"",""hargaPerBox"":96000,""isiPerBox"":40,""nama"":""SWEET CORN"",""qtyBox"":1,""total"":96000}]","WINARNO","","364000"
"eZhAq60EjzwgT72QL1g9","-","2025-10-29T04:28:13.000Z","aR8hwBYkMccoUYlxzjC7","[{""hargaPerBox"":97000,""isiPerBox"":50,""qtyBox"":1,""productId"":""IDeDw8ay7rGfQANXeYLM"",""nama"":""CHOCOLATE STICK (BINGO)"",""total"":97000},{""productId"":""BaaVl0Oq2oHnOUy1Cfuw"",""hargaPerBox"":110000,""nama"":""COFFE CRISPY"",""qtyBox"":1,""isiPerBox"":40,""total"":110000},{""nama"":""CRISPY BALLS ORIGINAL"",""isiPerBox"":30,""hargaPerBox"":118500,""total"":118500,""productId"":""kaxtCMx6rMhQn9EbjJAw"",""qtyBox"":1},{""hargaPerBox"":93500,""productId"":""Uu5WSQZmqTLoXc9oxlUj"",""isiPerBox"":60,""qtyBox"":1,""total"":93500,""nama"":""MIKI-MIKI""},{""hargaPerBox"":93500,""nama"":""MIKI-MIKI DOUBLE CHOCO"",""total"":93500,""isiPerBox"":60,""productId"":""R52hO3IOVzVI3PRqPmGP"",""qtyBox"":1},{""nama"":""MILK MELON"",""productId"":""y44wV7EqlAwgQKUJj38O"",""qtyBox"":1,""total"":95000,""isiPerBox"":40,""hargaPerBox"":95000},{""hargaPerBox"":92500,""productId"":""xJbJEd4mYcSMcB4V4492"",""nama"":""MOCHI VANILLA"",""total"":92500,""qtyBox"":1,""isiPerBox"":40},{""total"":77500,""hargaPerBox"":77500,""productId"":""k7TnmqAqR1yAmsY042eK"",""qtyBox"":1,""nama"":""SEMANGKA"",""isiPerBox"":50},{""isiPerBox"":24,""nama"":""STRAWBERRY CONE"",""hargaPerBox"":97500,""total"":97500,""qtyBox"":1,""productId"":""DoKWCzEByEeYXQFxFinE""},{""nama"":""SUNDAE CHOCOLATE"",""qtyBox"":1,""productId"":""QLk1TKlyQAC1EHOPZ7M6"",""total"":97000,""isiPerBox"":24,""hargaPerBox"":97000},{""nama"":""SWEET CORN"",""qtyBox"":1,""productId"":""bNkl5FX7SlWzgxLhu2Pw"",""isiPerBox"":40,""hargaPerBox"":96000,""total"":96000}]","NICE SWALAYAN","Order dari kunjungan: ","1068000"
"eh8zb7zbhMgZa4ODtF00","K1656","2025-10-23T17:00:00.000Z","4RrFtYEGtIzcVvzYWaMY","[{""productId"":""NOHAYE89jzvVJFKZcLFB"",""nama"":""CHOCO MALT"",""hargaPerBox"":80000,""isiPerBox"":50,""total"":80000,""qtyBox"":1},{""nama"":""FRUITY ROLL"",""hargaPerBox"":124800,""qtyBox"":1,""total"":124800,""productId"":""sKjCtHbEsvTpBhbQOyHB"",""isiPerBox"":40},{""isiPerBox"":40,""productId"":""iegvzVPz0yZbNTHzwcj3"",""total"":192000,""nama"":""FRUIZY BLUEBERRY YOGURT"",""hargaPerBox"":96000,""qtyBox"":2},{""nama"":""MANGO SLUSH"",""hargaPerBox"":90500,""isiPerBox"":30,""productId"":""xaB42zjrDkGuzdTP7tpO"",""total"":90500,""qtyBox"":1},{""nama"":""STRAWBERRY CONE"",""qtyBox"":1,""isiPerBox"":24,""total"":97500,""hargaPerBox"":97500,""productId"":""DoKWCzEByEeYXQFxFinE""},{""productId"":""4ZGi81slpOycqNbJ8lvW"",""nama"":""STRAWBERRY CRISPY"",""hargaPerBox"":110000,""total"":110000,""isiPerBox"":40,""qtyBox"":1}]","SD IT AL HUSNA PELEMKEREP","","694800"
"f11OHCmZ268dj1s2f3WP","K1278","2025-10-07T04:28:35.398Z","O8g9w3lNqdo3pRpC2pwY","[{""productId"":""sKjCtHbEsvTpBhbQOyHB"",""qtyBox"":1,""total"":124800,""hargaPerBox"":124800,""isiPerBox"":40,""nama"":""FRUITY ROLL""},{""qtyBox"":1,""nama"":""SEMANGKA"",""productId"":""k7TnmqAqR1yAmsY042eK"",""isiPerBox"":50,""total"":77500,""hargaPerBox"":77500},{""qtyBox"":1,""nama"":""STRAWBERRY CONE"",""productId"":""DoKWCzEByEeYXQFxFinE"",""hargaPerBox"":97500,""total"":97500,""isiPerBox"":24},{""nama"":""SUNDAE STRAWBERRY"",""productId"":""aok5I2XQHFg2m97mC387"",""qtyBox"":1,""isiPerBox"":24,""total"":97000,""hargaPerBox"":97000},{""hargaPerBox"":96000,""productId"":""bNkl5FX7SlWzgxLhu2Pw"",""total"":96000,""nama"":""SWEET CORN"",""qtyBox"":1,""isiPerBox"":40}]","NUR AFIDAH","Order dari kunjungan: ","492800"
"fEKLoRe0W2yXg8YkY7jC","K0502","2025-11-15T07:25:46.000Z","prsjnt4eZWb4sKtsXAOd","[{""qtyBox"":1,""hargaPerBox"":192000,""total"":192000,""isiPerBox"":27,""nama"":""3 IN 1"",""productId"":""F4qHZUhwkEnkGMWDyqIm""},{""isiPerBox"":50,""productId"":""NOHAYE89jzvVJFKZcLFB"",""qtyBox"":1,""total"":80000,""hargaPerBox"":80000,""nama"":""CHOCO MALT""},{""isiPerBox"":50,""qtyBox"":1,""hargaPerBox"":97000,""total"":97000,""nama"":""CHOCOLATE STICK (BINGO)"",""productId"":""IDeDw8ay7rGfQANXeYLM""},{""productId"":""bIHGFn5MHtXpqVeM9enF"",""isiPerBox"":24,""nama"":""CHOCOMELT CONE"",""hargaPerBox"":97500,""qtyBox"":1,""total"":97500},{""productId"":""BaaVl0Oq2oHnOUy1Cfuw"",""isiPerBox"":40,""qtyBox"":1,""total"":110000,""nama"":""COFFE CRISPY"",""hargaPerBox"":110000},{""hargaPerBox"":93500,""qtyBox"":1,""total"":93500,""isiPerBox"":60,""productId"":""Uu5WSQZmqTLoXc9oxlUj"",""nama"":""MIKI-MIKI""},{""total"":92500,""hargaPerBox"":92500,""nama"":""MOCHI VANILLA"",""isiPerBox"":40,""productId"":""xJbJEd4mYcSMcB4V4492"",""qtyBox"":1},{""productId"":""DoKWCzEByEeYXQFxFinE"",""nama"":""STRAWBERRY CONE"",""total"":97500,""hargaPerBox"":97500,""isiPerBox"":24,""qtyBox"":1},{""nama"":""SUNDAE CHOCOLATE"",""qtyBox"":1,""isiPerBox"":24,""total"":97000,""hargaPerBox"":97000,""productId"":""QLk1TKlyQAC1EHOPZ7M6""},{""nama"":""TARO CRISPY"",""hargaPerBox"":96500,""isiPerBox"":40,""productId"":""U3qfJlCyL3zOiNLFUFkb"",""total"":96500,""qtyBox"":1}]","DEWI","Order dari kunjungan:","1053500"
"fKgDpqgOeCUbM795TmmH","K0392","2025-11-09T06:12:20.000Z","z3pT9BDTtISnQFgCmOtx","[{""qtyBox"":1,""isiPerBox"":40,""hargaPerBox"":92000,""nama"":""2 COLOR"",""total"":92000,""productId"":""jJ0aqMzW8XNZeKsXBWuQ""},{""qtyBox"":1,""hargaPerBox"":80000,""isiPerBox"":50,""nama"":""CHOCO MALT"",""total"":80000,""productId"":""NOHAYE89jzvVJFKZcLFB""},{""total"":1185000,""qtyBox"":10,""nama"":""CRISPY BALLS COOKIS"",""isiPerBox"":40,""productId"":""L0uQuYqgS8Q4smIuyRs4"",""hargaPerBox"":118500},{""nama"":""MOCHI VANILLA"",""productId"":""xJbJEd4mYcSMcB4V4492"",""total"":92500,""qtyBox"":1,""isiPerBox"":40,""hargaPerBox"":92500},{""qtyBox"":1,""hargaPerBox"":96000,""isiPerBox"":40,""nama"":""SWEET CORN"",""productId"":""bNkl5FX7SlWzgxLhu2Pw"",""total"":96000}]","ELLA 3 SMK PUTRI BALEKAMBANG","","1545500"
"fRzWpJjHiCndJSZvoQTO","K1725","2025-10-22T08:17:22.825Z","6pw30ZdwX1mjmVnAvMaL","[{""productId"":""NOHAYE89jzvVJFKZcLFB"",""total"":80000,""nama"":""CHOCO MALT"",""hargaPerBox"":80000,""isiPerBox"":50,""qtyBox"":1},{""productId"":""xaB42zjrDkGuzdTP7tpO"",""nama"":""MANGO SLUSH"",""hargaPerBox"":90500,""isiPerBox"":30,""total"":90500,""qtyBox"":1},{""total"":92500,""qtyBox"":1,""isiPerBox"":40,""productId"":""xJbJEd4mYcSMcB4V4492"",""hargaPerBox"":92500,""nama"":""MOCHI VANILLA""},{""nama"":""TARO CRISPY"",""total"":96500,""isiPerBox"":40,""hargaPerBox"":96500,""productId"":""U3qfJlCyL3zOiNLFUFkb"",""qtyBox"":1}]","TOKO MBAK RINI","","359500"
"fTOqNGl6UdFa17j3D9GZ","K0504","2025-11-08T06:33:57.000Z","97dQ3fc5oJLPHPNSZvPe","[{""hargaPerBox"":97000,""total"":97000,""nama"":""CHOCOLATE STICK (BINGO)"",""productId"":""IDeDw8ay7rGfQANXeYLM"",""qtyBox"":1,""isiPerBox"":50},{""hargaPerBox"":97500,""isiPerBox"":24,""total"":97500,""nama"":""CHOCOMELT CONE"",""qtyBox"":1,""productId"":""bIHGFn5MHtXpqVeM9enF""},{""productId"":""sKjCtHbEsvTpBhbQOyHB"",""isiPerBox"":40,""total"":124800,""nama"":""FRUITY ROLL"",""qtyBox"":1,""hargaPerBox"":124800},{""productId"":""xaB42zjrDkGuzdTP7tpO"",""hargaPerBox"":90500,""total"":90500,""nama"":""MANGO SLUSH"",""qtyBox"":1,""isiPerBox"":30},{""total"":92500,""nama"":""MOCHI VANILLA"",""qtyBox"":1,""isiPerBox"":40,""hargaPerBox"":92500,""productId"":""xJbJEd4mYcSMcB4V4492""},{""qtyBox"":1,""productId"":""DoKWCzEByEeYXQFxFinE"",""isiPerBox"":24,""hargaPerBox"":97500,""total"":97500,""nama"":""STRAWBERRY CONE""},{""productId"":""QLk1TKlyQAC1EHOPZ7M6"",""total"":97000,""qtyBox"":1,""hargaPerBox"":97000,""nama"":""SUNDAE CHOCOLATE"",""isiPerBox"":24},{""nama"":""SWEET CORN"",""total"":192000,""qtyBox"":2,""hargaPerBox"":96000,""isiPerBox"":40,""productId"":""bNkl5FX7SlWzgxLhu2Pw""},{""hargaPerBox"":96500,""nama"":""TARO CRISPY"",""productId"":""U3qfJlCyL3zOiNLFUFkb"",""isiPerBox"":40,""qtyBox"":1,""total"":96500}]","SUMUK CELL","Order dari kunjungan: ","985300"
"gFIeEntmU2LuCDVErFiZ","K1936","2025-10-09T03:46:21.239Z","ZwFykP7rgzkf1aJM6g3n","[{""total"":80000,""nama"":""CHOCO MALT"",""productId"":""NOHAYE89jzvVJFKZcLFB"",""hargaPerBox"":80000,""isiPerBox"":50,""qtyBox"":1},{""hargaPerBox"":118500,""total"":118500,""productId"":""L0uQuYqgS8Q4smIuyRs4"",""nama"":""CRISPY BALLS COOKIS"",""isiPerBox"":40,""qtyBox"":1},{""qtyBox"":1,""nama"":""FRUIZY BLUEBERRY YOGURT"",""total"":96000,""isiPerBox"":40,""productId"":""iegvzVPz0yZbNTHzwcj3"",""hargaPerBox"":96000},{""qtyBox"":1,""nama"":""JERUK"",""isiPerBox"":50,""productId"":""N8oPUfk4JcfNuyfZeRcM"",""hargaPerBox"":78000,""total"":78000}]","TOKO HAPSARI","Order dari kunjungan: ","372500"
"gJOQsV99CNX7sFxH3DtM","K1387","2025-11-07T03:07:18.000Z","8k5mHDdqhzvAFdnkqWei","[{""nama"":""CHOCOLATE CRISPY"",""isiPerBox"":30,""hargaPerBox"":117000,""productId"":""ETb42XTcLpBbcC1aLhcb"",""qtyBox"":1,""total"":117000},{""total"":118500,""productId"":""L0uQuYqgS8Q4smIuyRs4"",""isiPerBox"":40,""nama"":""CRISPY BALLS COOKIS"",""hargaPerBox"":118500,""qtyBox"":1},{""total"":92500,""hargaPerBox"":92500,""isiPerBox"":40,""nama"":""MOCHI VANILLA"",""qtyBox"":1,""productId"":""xJbJEd4mYcSMcB4V4492""},{""productId"":""4ZGi81slpOycqNbJ8lvW"",""qtyBox"":1,""hargaPerBox"":110000,""isiPerBox"":40,""nama"":""STRAWBERRY CRISPY"",""total"":110000},{""qtyBox"":1,""productId"":""QLk1TKlyQAC1EHOPZ7M6"",""nama"":""SUNDAE CHOCOLATE"",""hargaPerBox"":97000,""isiPerBox"":24,""total"":97000},{""isiPerBox"":40,""nama"":""SWEET CORN"",""productId"":""bNkl5FX7SlWzgxLhu2Pw"",""total"":96000,""qtyBox"":1,""hargaPerBox"":96000},{""productId"":""Hzn6DvSXYxLmhtuekqkk"",""qtyBox"":1,""total"":115200,""isiPerBox"":48,""hargaPerBox"":115200,""nama"":""VANILLA BERRY CONE""}]","SMK ISLAM AL HIKMAH MAYONG","Order dari kunjungan: ","746200"
"gQjslpl2EUoSd3NlswkM","K1877","2025-10-17T02:12:45.257Z","UwdRliDTCsIK7mN3UplU","[{""qtyBox"":1,""hargaPerBox"":117000,""productId"":""ETb42XTcLpBbcC1aLhcb"",""isiPerBox"":30,""total"":117000,""nama"":""CHOCOLATE CRISPY""},{""isiPerBox"":24,""productId"":""bIHGFn5MHtXpqVeM9enF"",""hargaPerBox"":97500,""nama"":""CHOCOMELT CONE"",""qtyBox"":1,""total"":97500},{""qtyBox"":1,""nama"":""COFFE CRISPY"",""total"":110000,""isiPerBox"":40,""productId"":""BaaVl0Oq2oHnOUy1Cfuw"",""hargaPerBox"":110000},{""nama"":""MANGO SLUSH"",""total"":90500,""hargaPerBox"":90500,""productId"":""xaB42zjrDkGuzdTP7tpO"",""isiPerBox"":30,""qtyBox"":1},{""nama"":""MILK MELON"",""total"":95000,""isiPerBox"":40,""hargaPerBox"":95000,""qtyBox"":1,""productId"":""y44wV7EqlAwgQKUJj38O""},{""qtyBox"":1,""total"":92500,""productId"":""czThQD5TNzChwlsAr7ds"",""isiPerBox"":40,""hargaPerBox"":92500,""nama"":""MOCHI BANANA""},{""productId"":""DoKWCzEByEeYXQFxFinE"",""nama"":""STRAWBERRY CONE"",""hargaPerBox"":97500,""isiPerBox"":24,""total"":97500,""qtyBox"":1},{""productId"":""4ZGi81slpOycqNbJ8lvW"",""total"":110000,""nama"":""STRAWBERRY CRISPY"",""hargaPerBox"":110000,""qtyBox"":1,""isiPerBox"":40},{""qtyBox"":1,""total"":97000,""hargaPerBox"":97000,""nama"":""SUNDAE CHOCOLATE"",""isiPerBox"":24,""productId"":""QLk1TKlyQAC1EHOPZ7M6""},{""productId"":""aok5I2XQHFg2m97mC387"",""isiPerBox"":24,""hargaPerBox"":97000,""nama"":""SUNDAE STRAWBERRY"",""qtyBox"":1,""total"":97000},{""nama"":""SWEET CORN"",""qtyBox"":1,""isiPerBox"":40,""hargaPerBox"":96000,""total"":96000,""productId"":""bNkl5FX7SlWzgxLhu2Pw""},{""total"":96500,""isiPerBox"":40,""productId"":""U3qfJlCyL3zOiNLFUFkb"",""hargaPerBox"":96500,""qtyBox"":1,""nama"":""TARO CRISPY""}]","KANTOR PWI","","1196500"
"gWzRr7PYzkwcvOBPRTde","K1987","2025-10-07T04:46:21.126Z","CfKdWWsPbcqw3KjtwI29","[{""qtyBox"":1,""total"":92000,""productId"":""jJ0aqMzW8XNZeKsXBWuQ"",""hargaPerBox"":92000,""nama"":""2 COLOR"",""isiPerBox"":40},{""hargaPerBox"":80000,""total"":80000,""isiPerBox"":50,""productId"":""NOHAYE89jzvVJFKZcLFB"",""qtyBox"":1,""nama"":""CHOCO MALT""},{""isiPerBox"":24,""nama"":""CHOCOMELT CONE"",""qtyBox"":1,""productId"":""bIHGFn5MHtXpqVeM9enF"",""total"":97500,""hargaPerBox"":97500},{""total"":118500,""hargaPerBox"":118500,""nama"":""CRISPY BALLS COOKIS"",""isiPerBox"":40,""productId"":""L0uQuYqgS8Q4smIuyRs4"",""qtyBox"":1},{""productId"":""N8oPUfk4JcfNuyfZeRcM"",""total"":78000,""hargaPerBox"":78000,""qtyBox"":1,""isiPerBox"":50,""nama"":""JERUK""},{""total"":97000,""qtyBox"":1,""hargaPerBox"":97000,""nama"":""SUNDAE CHOCOLATE"",""isiPerBox"":24,""productId"":""QLk1TKlyQAC1EHOPZ7M6""},{""productId"":""aok5I2XQHFg2m97mC387"",""nama"":""SUNDAE STRAWBERRY"",""hargaPerBox"":97000,""total"":97000,""qtyBox"":1,""isiPerBox"":24},{""isiPerBox"":40,""nama"":""TARO CRISPY"",""productId"":""U3qfJlCyL3zOiNLFUFkb"",""total"":96500,""hargaPerBox"":96500,""qtyBox"":1}]","NOR AMIN MAHMUD","Order dari kunjungan:","756500"
"gm9zqNbtJ4nnSHr1nbkX","K1911","2025-10-15T04:55:34.513Z","878SE6zfogSZSvQEzaQC","[{""qtyBox"":1,""hargaPerBox"":118500,""nama"":""CRISPY BALLS COOKIS"",""productId"":""L0uQuYqgS8Q4smIuyRs4"",""isiPerBox"":40,""total"":118500},{""productId"":""DoKWCzEByEeYXQFxFinE"",""isiPerBox"":24,""total"":97500,""hargaPerBox"":97500,""nama"":""STRAWBERRY CONE"",""qtyBox"":1},{""total"":97000,""qtyBox"":1,""productId"":""QLk1TKlyQAC1EHOPZ7M6"",""nama"":""SUNDAE CHOCOLATE"",""hargaPerBox"":97000,""isiPerBox"":24},{""isiPerBox"":24,""hargaPerBox"":97000,""nama"":""SUNDAE STRAWBERRY"",""qtyBox"":1,""productId"":""aok5I2XQHFg2m97mC387"",""total"":97000},{""productId"":""bNkl5FX7SlWzgxLhu2Pw"",""isiPerBox"":40,""qtyBox"":1,""hargaPerBox"":96000,""nama"":""SWEET CORN"",""total"":96000},{""qtyBox"":1,""total"":96500,""isiPerBox"":40,""productId"":""U3qfJlCyL3zOiNLFUFkb"",""nama"":""TARO CRISPY"",""hargaPerBox"":96500}]","TOKO VIANA","Order dari kunjungan: ","602500"
"gvZE5elRKF2e5aDAHxV6","K1533","2025-10-13T10:24:42.340Z","615zUNcqDmWisXG92rkP","[{""productId"":""jJ0aqMzW8XNZeKsXBWuQ"",""total"":92000,""isiPerBox"":40,""hargaPerBox"":92000,""qtyBox"":1,""nama"":""2 COLOR""},{""hargaPerBox"":94500,""qtyBox"":1,""productId"":""PnPJnogSXAiytWfTxQWM"",""nama"":""MOCHI MANGO"",""isiPerBox"":40,""total"":94500},{""nama"":""NANAS"",""productId"":""Msk1v54GqR6gX6mqxqGS"",""isiPerBox"":50,""qtyBox"":1,""hargaPerBox"":77500,""total"":77500},{""isiPerBox"":24,""nama"":""SUNDAE STRAWBERRY"",""productId"":""aok5I2XQHFg2m97mC387"",""total"":97000,""hargaPerBox"":97000,""qtyBox"":1},{""nama"":""SWEET CORN"",""hargaPerBox"":96000,""isiPerBox"":40,""total"":192000,""productId"":""bNkl5FX7SlWzgxLhu2Pw"",""qtyBox"":2},{""hargaPerBox"":96500,""isiPerBox"":40,""qtyBox"":1,""productId"":""U3qfJlCyL3zOiNLFUFkb"",""nama"":""TARO CRISPY"",""total"":96500}]","TOKO M ANIQ ALFARUQI","","649500"
"gwth1IFs0ipfhrq9JKzP","K1614","2025-10-10T06:48:57.811Z","UakrWJWMX4JcwWKopZSl","[{""productId"":""NOHAYE89jzvVJFKZcLFB"",""qtyBox"":1,""isiPerBox"":50,""nama"":""CHOCO MALT"",""total"":80000,""hargaPerBox"":80000},{""isiPerBox"":50,""nama"":""JERUK"",""hargaPerBox"":78000,""qtyBox"":1,""total"":78000,""productId"":""N8oPUfk4JcfNuyfZeRcM""},{""total"":93500,""isiPerBox"":60,""nama"":""MIKI-MIKI"",""productId"":""Uu5WSQZmqTLoXc9oxlUj"",""hargaPerBox"":93500,""qtyBox"":1},{""productId"":""aok5I2XQHFg2m97mC387"",""isiPerBox"":24,""total"":97000,""qtyBox"":1,""hargaPerBox"":97000,""nama"":""SUNDAE STRAWBERRY""},{""productId"":""bNkl5FX7SlWzgxLhu2Pw"",""hargaPerBox"":96000,""nama"":""SWEET CORN"",""qtyBox"":1,""isiPerBox"":40,""total"":96000}]","M. FAIZUN","Order dari kunjungan: ","444500"
"gykcBPeMHcOfqdK4RaPq","K1502","2025-11-11T06:44:59.000Z","cBXhRkwzErSSQ2yHFz8H","[{""qtyBox"":1,""productId"":""ETb42XTcLpBbcC1aLhcb"",""nama"":""CHOCOLATE CRISPY"",""hargaPerBox"":117000,""total"":117000,""isiPerBox"":30},{""productId"":""IDeDw8ay7rGfQANXeYLM"",""nama"":""CHOCOLATE STICK (BINGO)"",""hargaPerBox"":97000,""isiPerBox"":50,""total"":97000,""qtyBox"":1},{""total"":97500,""productId"":""bIHGFn5MHtXpqVeM9enF"",""isiPerBox"":24,""qtyBox"":1,""hargaPerBox"":97500,""nama"":""CHOCOMELT CONE""},{""productId"":""k7TnmqAqR1yAmsY042eK"",""nama"":""SEMANGKA"",""isiPerBox"":50,""hargaPerBox"":77500,""total"":77500,""qtyBox"":1},{""productId"":""QLk1TKlyQAC1EHOPZ7M6"",""total"":97000,""nama"":""SUNDAE CHOCOLATE"",""isiPerBox"":24,""hargaPerBox"":97000,""qtyBox"":1},{""hargaPerBox"":97000,""isiPerBox"":24,""nama"":""SUNDAE STRAWBERRY"",""qtyBox"":1,""productId"":""aok5I2XQHFg2m97mC387"",""total"":97000},{""isiPerBox"":40,""hargaPerBox"":96000,""qtyBox"":1,""nama"":""SWEET CORN"",""productId"":""bNkl5FX7SlWzgxLhu2Pw"",""total"":96000}]","TOKO RIZKY OS","Order dari kunjungan: ","679000"
"hChBv04weUAFR5g0MTDg","K1555","2025-10-22T02:03:42.902Z","Al3wNMsqeYtsyijq1Fvh","[{""total"":92000,""qtyBox"":1,""isiPerBox"":40,""productId"":""jJ0aqMzW8XNZeKsXBWuQ"",""hargaPerBox"":92000,""nama"":""2 COLOR""},{""nama"":""CHOCOLATE STICK"",""total"":97000,""qtyBox"":1,""hargaPerBox"":97000,""isiPerBox"":50,""productId"":""IDeDw8ay7rGfQANXeYLM""},{""hargaPerBox"":90500,""productId"":""xaB42zjrDkGuzdTP7tpO"",""total"":90500,""nama"":""MANGO SLUSH"",""isiPerBox"":30,""qtyBox"":1},{""qtyBox"":1,""hargaPerBox"":93500,""total"":93500,""nama"":""MIKI-MIKI DOUBLE CHOCO"",""productId"":""R52hO3IOVzVI3PRqPmGP"",""isiPerBox"":60},{""qtyBox"":1,""total"":92500,""isiPerBox"":40,""nama"":""MOCHI VANILLA"",""hargaPerBox"":92500,""productId"":""xJbJEd4mYcSMcB4V4492""},{""qtyBox"":1,""productId"":""Msk1v54GqR6gX6mqxqGS"",""nama"":""NANAS"",""total"":77500,""hargaPerBox"":77500,""isiPerBox"":50},{""qtyBox"":1,""total"":77500,""hargaPerBox"":77500,""productId"":""k7TnmqAqR1yAmsY042eK"",""isiPerBox"":50,""nama"":""SEMANGKA""},{""isiPerBox"":40,""nama"":""SWEET CORN"",""qtyBox"":1,""hargaPerBox"":96000,""productId"":""bNkl5FX7SlWzgxLhu2Pw"",""total"":96000},{""productId"":""U3qfJlCyL3zOiNLFUFkb"",""qtyBox"":1,""isiPerBox"":40,""total"":96500,""hargaPerBox"":96500,""nama"":""TARO CRISPY""}]","KOPERASI AL-ALAWY","","813000"
"hGJi5CYrMti0rCJIGjox","K1502","2025-10-13T07:44:13.886Z","cBXhRkwzErSSQ2yHFz8H","[{""nama"":""CHOCOLATE STICK"",""qtyBox"":1,""productId"":""IDeDw8ay7rGfQANXeYLM"",""isiPerBox"":50,""hargaPerBox"":97000,""total"":97000},{""hargaPerBox"":97500,""isiPerBox"":24,""qtyBox"":1,""productId"":""bIHGFn5MHtXpqVeM9enF"",""total"":97500,""nama"":""CHOCOMELT CONE""},{""qtyBox"":1,""nama"":""MIKI-MIKI"",""hargaPerBox"":93500,""productId"":""Uu5WSQZmqTLoXc9oxlUj"",""isiPerBox"":60,""total"":93500},{""nama"":""SEMANGKA"",""hargaPerBox"":77500,""isiPerBox"":50,""total"":77500,""productId"":""k7TnmqAqR1yAmsY042eK"",""qtyBox"":1},{""nama"":""SUNDAE CHOCOLATE"",""isiPerBox"":24,""qtyBox"":1,""total"":97000,""hargaPerBox"":97000,""productId"":""QLk1TKlyQAC1EHOPZ7M6""},{""productId"":""bNkl5FX7SlWzgxLhu2Pw"",""qtyBox"":1,""isiPerBox"":40,""nama"":""SWEET CORN"",""total"":96000,""hargaPerBox"":96000}]","TOKO RIZKY OS","Order dari kunjungan: ","558500"
"hb6AgTem0eeqcBPLtHMN","K1656","2025-11-15T02:34:40.304Z","4RrFtYEGtIzcVvzYWaMY","[{""hargaPerBox"":97000,""qtyBox"":1,""nama"":""CHOCOLATE STICK (BINGO)"",""total"":97000,""isiPerBox"":50,""productId"":""IDeDw8ay7rGfQANXeYLM""},{""productId"":""bIHGFn5MHtXpqVeM9enF"",""hargaPerBox"":97500,""total"":97500,""qtyBox"":1,""isiPerBox"":24,""nama"":""CHOCOMELT CONE""},{""isiPerBox"":30,""productId"":""L0uQuYqgS8Q4smIuyRs4"",""nama"":""CRISPY BALLS COOKIS"",""hargaPerBox"":118500,""qtyBox"":1,""total"":118500},{""total"":124800,""qtyBox"":1,""isiPerBox"":40,""hargaPerBox"":124800,""nama"":""FRUITY ROLL"",""productId"":""sKjCtHbEsvTpBhbQOyHB""},{""qtyBox"":1,""productId"":""iegvzVPz0yZbNTHzwcj3"",""isiPerBox"":40,""nama"":""FRUIZY BLUEBERRY YOGURT"",""hargaPerBox"":96000,""total"":96000},{""hargaPerBox"":90500,""nama"":""MANGO SLUSH"",""isiPerBox"":30,""qtyBox"":1,""productId"":""xaB42zjrDkGuzdTP7tpO"",""total"":90500},{""total"":95000,""isiPerBox"":40,""productId"":""y44wV7EqlAwgQKUJj38O"",""nama"":""MILK MELON"",""qtyBox"":1,""hargaPerBox"":95000}]","SD IT AL HUSNA PELEMKEREP","Order dari kunjungan: ","719300"
"hl7qWuIWV0yIAOM5wSWH","K1513","2025-11-06T05:21:54.624Z","X4G4Mm97geyTM8hWkcGe","[{""isiPerBox"":30,""total"":117000,""qtyBox"":1,""productId"":""ETb42XTcLpBbcC1aLhcb"",""hargaPerBox"":117000,""nama"":""CHOCOLATE CRISPY""},{""nama"":""CRISPY BALLS COOKIS"",""productId"":""L0uQuYqgS8Q4smIuyRs4"",""qtyBox"":3,""hargaPerBox"":118500,""total"":355500,""isiPerBox"":40},{""isiPerBox"":60,""productId"":""Uu5WSQZmqTLoXc9oxlUj"",""total"":93500,""qtyBox"":1,""hargaPerBox"":93500,""nama"":""MIKI-MIKI""},{""isiPerBox"":48,""productId"":""Hzn6DvSXYxLmhtuekqkk"",""total"":115200,""hargaPerBox"":115200,""qtyBox"":1,""nama"":""VANILLA BERRY CONE""}]","TOKO INDANAH","Order dari kunjungan: ","681200"
"hmYALq8ls1KgjfLVO5wg","K0390","2025-10-08T06:58:51.085Z","usLxLxZs3KRwiDECcgTd","[{""isiPerBox"":24,""hargaPerBox"":97500,""total"":97500,""productId"":""bIHGFn5MHtXpqVeM9enF"",""nama"":""CHOCOMELT CONE"",""qtyBox"":1},{""nama"":""MIKI-MIKI"",""isiPerBox"":60,""hargaPerBox"":93500,""qtyBox"":1,""productId"":""Uu5WSQZmqTLoXc9oxlUj"",""total"":93500},{""isiPerBox"":40,""productId"":""xJbJEd4mYcSMcB4V4492"",""hargaPerBox"":92500,""nama"":""MOCHI VANILLA"",""qtyBox"":1,""total"":92500},{""qtyBox"":1,""total"":97000,""isiPerBox"":24,""productId"":""QLk1TKlyQAC1EHOPZ7M6"",""nama"":""SUNDAE CHOCOLATE"",""hargaPerBox"":97000},{""total"":96000,""hargaPerBox"":96000,""productId"":""bNkl5FX7SlWzgxLhu2Pw"",""isiPerBox"":40,""nama"":""SWEET CORN"",""qtyBox"":1}]","SUPARNO","","476500"
"hyJj9qQSqv1FnTj24RFN","K1121","2025-11-11T07:31:49.276Z","eLh6QEH4U1yPXyxJUerC","[{""nama"":""CHOCO MALT"",""hargaPerBox"":80000,""qtyBox"":1,""isiPerBox"":50,""total"":80000,""productId"":""NOHAYE89jzvVJFKZcLFB""},{""isiPerBox"":30,""hargaPerBox"":117000,""total"":117000,""productId"":""ETb42XTcLpBbcC1aLhcb"",""qtyBox"":1,""nama"":""CHOCOLATE CRISPY""},{""nama"":""CHOCOMELT CONE"",""hargaPerBox"":97500,""isiPerBox"":24,""qtyBox"":1,""total"":97500,""productId"":""bIHGFn5MHtXpqVeM9enF""},{""productId"":""L0uQuYqgS8Q4smIuyRs4"",""hargaPerBox"":118500,""nama"":""CRISPY BALLS COOKIS"",""total"":118500,""qtyBox"":1,""isiPerBox"":30},{""productId"":""k7TnmqAqR1yAmsY042eK"",""qtyBox"":1,""hargaPerBox"":77500,""isiPerBox"":50,""total"":77500,""nama"":""SEMANGKA""},{""productId"":""bNkl5FX7SlWzgxLhu2Pw"",""nama"":""SWEET CORN"",""isiPerBox"":40,""total"":96000,""hargaPerBox"":96000,""qtyBox"":1}]","MUNAWAROH","Order dari kunjungan: ","586500"
"i6BM227QzTlLN6ve42UX","K0504","2025-10-10T05:59:11.414Z","97dQ3fc5oJLPHPNSZvPe","[{""productId"":""ETb42XTcLpBbcC1aLhcb"",""isiPerBox"":30,""qtyBox"":1,""hargaPerBox"":117000,""total"":117000,""nama"":""CHOCOLATE CRISPY""},{""isiPerBox"":24,""productId"":""bIHGFn5MHtXpqVeM9enF"",""total"":97500,""nama"":""CHOCOMELT CONE"",""qtyBox"":1,""hargaPerBox"":97500},{""nama"":""COFFE CRISPY"",""productId"":""BaaVl0Oq2oHnOUy1Cfuw"",""hargaPerBox"":110000,""isiPerBox"":40,""total"":110000,""qtyBox"":1},{""hargaPerBox"":118500,""isiPerBox"":40,""productId"":""L0uQuYqgS8Q4smIuyRs4"",""qtyBox"":1,""nama"":""CRISPY BALLS COOKIS"",""total"":118500},{""isiPerBox"":40,""qtyBox"":1,""total"":96000,""hargaPerBox"":96000,""nama"":""FRUIZY BLUEBERRY YOGURT"",""productId"":""iegvzVPz0yZbNTHzwcj3""},{""nama"":""MIKI-MIKI DOUBLE CHOCO"",""hargaPerBox"":93500,""isiPerBox"":60,""total"":93500,""productId"":""R52hO3IOVzVI3PRqPmGP"",""qtyBox"":1},{""productId"":""DoKWCzEByEeYXQFxFinE"",""hargaPerBox"":97500,""qtyBox"":1,""nama"":""STRAWBERRY CONE"",""total"":97500,""isiPerBox"":24},{""productId"":""4ZGi81slpOycqNbJ8lvW"",""isiPerBox"":40,""qtyBox"":1,""total"":110000,""hargaPerBox"":110000,""nama"":""STRAWBERRY CRISPY""},{""productId"":""QLk1TKlyQAC1EHOPZ7M6"",""nama"":""SUNDAE CHOCOLATE"",""isiPerBox"":24,""total"":97000,""hargaPerBox"":97000,""qtyBox"":1},{""productId"":""aok5I2XQHFg2m97mC387"",""qtyBox"":1,""hargaPerBox"":97000,""isiPerBox"":24,""total"":97000,""nama"":""SUNDAE STRAWBERRY""},{""hargaPerBox"":96000,""productId"":""bNkl5FX7SlWzgxLhu2Pw"",""nama"":""SWEET CORN"",""total"":96000,""qtyBox"":1,""isiPerBox"":40}]","SUMUK CELL","Order dari kunjungan:","1130000"
"iE2Af7fbhXL1tlgpGpDv","K0441","2025-10-03T05:45:08.695Z","2zobAduRXbA1IyykFf5n","[{""qtyBox"":1,""productId"":""ETb42XTcLpBbcC1aLhcb"",""total"":117000,""isiPerBox"":30,""nama"":""CHOCOLATE CRISPY"",""hargaPerBox"":117000},{""hargaPerBox"":92500,""total"":92500,""qtyBox"":1,""productId"":""xJbJEd4mYcSMcB4V4492"",""isiPerBox"":40,""nama"":""MOCHI VANILLA""},{""nama"":""STRAWBERRY CRISPY"",""productId"":""4ZGi81slpOycqNbJ8lvW"",""isiPerBox"":40,""hargaPerBox"":110000,""total"":110000,""qtyBox"":1},{""productId"":""QLk1TKlyQAC1EHOPZ7M6"",""nama"":""SUNDAE CHOCOLATE"",""hargaPerBox"":97000,""total"":97000,""qtyBox"":1,""isiPerBox"":24},{""isiPerBox"":24,""hargaPerBox"":97000,""productId"":""aok5I2XQHFg2m97mC387"",""qtyBox"":1,""nama"":""SUNDAE STRAWBERRY"",""total"":97000}]","MJ CELL","","513500"
"iXVA4Wvdw0JTOoqqi70D","K1533","2025-10-27T07:04:56.316Z","615zUNcqDmWisXG92rkP","[{""hargaPerBox"":77500,""isiPerBox"":50,""nama"":""NANAS"",""productId"":""Msk1v54GqR6gX6mqxqGS"",""total"":77500,""qtyBox"":1},{""total"":110000,""hargaPerBox"":110000,""qtyBox"":1,""productId"":""4ZGi81slpOycqNbJ8lvW"",""isiPerBox"":40,""nama"":""STRAWBERRY CRISPY""},{""nama"":""SUNDAE CHOCOLATE"",""qtyBox"":1,""productId"":""QLk1TKlyQAC1EHOPZ7M6"",""isiPerBox"":24,""total"":97000,""hargaPerBox"":97000},{""total"":96000,""nama"":""SWEET CORN"",""hargaPerBox"":96000,""isiPerBox"":40,""productId"":""bNkl5FX7SlWzgxLhu2Pw"",""qtyBox"":1},{""isiPerBox"":48,""qtyBox"":2,""total"":230400,""productId"":""Hzn6DvSXYxLmhtuekqkk"",""nama"":""VANILLA BERRY CONE"",""hargaPerBox"":115200}]","TOKO M ANIQ ALFARUQI","","610900"
"ihDMG02LNAPDqwl2SNG8","K1512","2025-11-07T03:28:25.000Z","Wd4tMZL3Gh5AME7jGCqL","[{""qtyBox"":1,""hargaPerBox"":80000,""total"":80000,""productId"":""NOHAYE89jzvVJFKZcLFB"",""nama"":""CHOCO MALT"",""isiPerBox"":50},{""nama"":""CHOCOMELT CONE"",""productId"":""bIHGFn5MHtXpqVeM9enF"",""hargaPerBox"":97500,""qtyBox"":1,""isiPerBox"":24,""total"":97500},{""isiPerBox"":40,""hargaPerBox"":110000,""productId"":""BaaVl0Oq2oHnOUy1Cfuw"",""nama"":""COFFE CRISPY"",""total"":110000,""qtyBox"":1},{""hargaPerBox"":77500,""productId"":""Msk1v54GqR6gX6mqxqGS"",""qtyBox"":1,""nama"":""NANAS"",""total"":77500,""isiPerBox"":50},{""qtyBox"":1,""nama"":""STRAWBERRY CONE"",""isiPerBox"":24,""total"":97500,""hargaPerBox"":97500,""productId"":""DoKWCzEByEeYXQFxFinE""},{""qtyBox"":1,""nama"":""STRAWBERRY CRISPY"",""productId"":""4ZGi81slpOycqNbJ8lvW"",""isiPerBox"":40,""hargaPerBox"":110000,""total"":110000},{""total"":97000,""hargaPerBox"":97000,""qtyBox"":1,""isiPerBox"":24,""productId"":""QLk1TKlyQAC1EHOPZ7M6"",""nama"":""SUNDAE CHOCOLATE""}]","TOKO RENASYA","Order dari kunjungan: ","669500"
"inMJaWD9DwoepPCfJNR7","K0392","2025-09-30T17:00:00.000Z","z3pT9BDTtISnQFgCmOtx","[{""hargaPerBox"":117000,""nama"":""CHOCOLATE CRISPY"",""isiPerBox"":30,""productId"":""ETb42XTcLpBbcC1aLhcb"",""total"":117000,""qtyBox"":1},{""isiPerBox"":24,""total"":97500,""qtyBox"":1,""productId"":""bIHGFn5MHtXpqVeM9enF"",""nama"":""CHOCOMELT CONE"",""hargaPerBox"":97500},{""hargaPerBox"":118500,""nama"":""CRISPY BALLS COOKIS"",""isiPerBox"":40,""total"":592500,""qtyBox"":5,""productId"":""L0uQuYqgS8Q4smIuyRs4""},{""qtyBox"":1,""productId"":""Uu5WSQZmqTLoXc9oxlUj"",""isiPerBox"":60,""total"":93500,""hargaPerBox"":93500,""nama"":""MIKI-MIKI""}]","ELLA 3 SMK PUTRI BALEKAMBANG","","900500"
"iysogpKYgHQFP5QWCYdR","K1899","2025-10-16T08:03:18.480Z","d2fNqoVzXHxTmpY3E8v6","[{""qtyBox"":1,""hargaPerBox"":92000,""total"":92000,""nama"":""2 COLOR"",""productId"":""jJ0aqMzW8XNZeKsXBWuQ"",""isiPerBox"":40},{""qtyBox"":1,""nama"":""CHOCO MALT"",""productId"":""NOHAYE89jzvVJFKZcLFB"",""hargaPerBox"":80000,""total"":80000,""isiPerBox"":50},{""nama"":""CHOCOMELT CONE"",""productId"":""bIHGFn5MHtXpqVeM9enF"",""total"":97500,""hargaPerBox"":97500,""qtyBox"":1,""isiPerBox"":24},{""productId"":""L0uQuYqgS8Q4smIuyRs4"",""total"":118500,""isiPerBox"":40,""nama"":""CRISPY BALLS COOKIS"",""hargaPerBox"":118500,""qtyBox"":1},{""isiPerBox"":60,""productId"":""Uu5WSQZmqTLoXc9oxlUj"",""hargaPerBox"":93500,""qtyBox"":1,""total"":93500,""nama"":""MIKI-MIKI""},{""total"":97500,""hargaPerBox"":97500,""productId"":""DoKWCzEByEeYXQFxFinE"",""qtyBox"":1,""isiPerBox"":24,""nama"":""STRAWBERRY CONE""},{""qtyBox"":1,""isiPerBox"":24,""productId"":""QLk1TKlyQAC1EHOPZ7M6"",""nama"":""SUNDAE CHOCOLATE"",""hargaPerBox"":97000,""total"":97000},{""productId"":""aok5I2XQHFg2m97mC387"",""total"":97000,""hargaPerBox"":97000,""nama"":""SUNDAE STRAWBERRY"",""isiPerBox"":24,""qtyBox"":1},{""isiPerBox"":40,""qtyBox"":1,""total"":96000,""productId"":""bNkl5FX7SlWzgxLhu2Pw"",""nama"":""SWEET CORN"",""hargaPerBox"":96000},{""productId"":""U3qfJlCyL3zOiNLFUFkb"",""qtyBox"":1,""nama"":""TARO CRISPY"",""total"":96500,""isiPerBox"":40,""hargaPerBox"":96500}]","TOKO LISA","Order dari kunjungan: ","965500"
"izqiobJypHtvinriU8kH","K0512","2025-10-03T09:14:11.623Z","jVJBm18ggKRwQ9dO6sPu","[{""hargaPerBox"":97500,""qtyBox"":1,""nama"":""CHOCOMELT CONE"",""productId"":""bIHGFn5MHtXpqVeM9enF"",""total"":97500,""isiPerBox"":24},{""nama"":""CRISPY BALLS COOKIS"",""hargaPerBox"":118500,""total"":118500,""qtyBox"":1,""isiPerBox"":40,""productId"":""L0uQuYqgS8Q4smIuyRs4""},{""nama"":""MIKI-MIKI"",""productId"":""Uu5WSQZmqTLoXc9oxlUj"",""isiPerBox"":60,""hargaPerBox"":93500,""qtyBox"":1,""total"":93500},{""isiPerBox"":24,""qtyBox"":1,""hargaPerBox"":97000,""nama"":""SUNDAE CHOCOLATE"",""total"":97000,""productId"":""QLk1TKlyQAC1EHOPZ7M6""},{""isiPerBox"":40,""total"":96000,""nama"":""SWEET CORN"",""productId"":""bNkl5FX7SlWzgxLhu2Pw"",""qtyBox"":1,""hargaPerBox"":96000}]","MUSYAFAK","","502500"
"j4FGrMP1rST5rIheI8vP","K0743","2025-10-14T05:21:26.100Z","ZpXCeOmAOnXDVw7mocUq","[{""isiPerBox"":40,""qtyBox"":1,""total"":92000,""hargaPerBox"":92000,""nama"":""2 COLOR"",""productId"":""jJ0aqMzW8XNZeKsXBWuQ""},{""total"":117000,""productId"":""ETb42XTcLpBbcC1aLhcb"",""hargaPerBox"":117000,""nama"":""CHOCOLATE CRISPY"",""isiPerBox"":30,""qtyBox"":1},{""isiPerBox"":60,""productId"":""Uu5WSQZmqTLoXc9oxlUj"",""total"":93500,""hargaPerBox"":93500,""qtyBox"":1,""nama"":""MIKI-MIKI""},{""nama"":""SEMANGKA"",""qtyBox"":1,""total"":77500,""isiPerBox"":50,""hargaPerBox"":77500,""productId"":""k7TnmqAqR1yAmsY042eK""},{""productId"":""QLk1TKlyQAC1EHOPZ7M6"",""isiPerBox"":24,""total"":97000,""hargaPerBox"":97000,""nama"":""SUNDAE CHOCOLATE"",""qtyBox"":1}]","RESTU","Order dari kunjungan: ","477000"
"j7BEXdWcBMnBjKOwklWf","K1476","2025-10-09T09:21:16.555Z","YfBQlzNngeGfMuvgAEuJ","[{""hargaPerBox"":93500,""qtyBox"":1,""total"":93500,""nama"":""MIKI-MIKI"",""isiPerBox"":60,""productId"":""Uu5WSQZmqTLoXc9oxlUj""},{""qtyBox"":1,""nama"":""MOCHI MANGO"",""isiPerBox"":40,""hargaPerBox"":94500,""productId"":""PnPJnogSXAiytWfTxQWM"",""total"":94500},{""hargaPerBox"":92500,""total"":92500,""nama"":""MOCHI VANILLA"",""qtyBox"":1,""productId"":""xJbJEd4mYcSMcB4V4492"",""isiPerBox"":40},{""qtyBox"":1,""isiPerBox"":40,""hargaPerBox"":110000,""productId"":""4ZGi81slpOycqNbJ8lvW"",""nama"":""STRAWBERRY CRISPY"",""total"":110000},{""hargaPerBox"":97000,""productId"":""QLk1TKlyQAC1EHOPZ7M6"",""isiPerBox"":24,""total"":97000,""qtyBox"":1,""nama"":""SUNDAE CHOCOLATE""},{""nama"":""SWEET CORN"",""isiPerBox"":40,""productId"":""bNkl5FX7SlWzgxLhu2Pw"",""qtyBox"":1,""hargaPerBox"":96000,""total"":96000}]","BERKAH SHOLAWAT","Order dari kunjungan: ","583500"
"jGRJ4IcNh4i1P1O8qwzI","K2066","2025-11-09T06:20:37.974Z","WbtoNXx8lwUgS8s1ojLR","[{""total"":80000,""hargaPerBox"":80000,""qtyBox"":1,""productId"":""NOHAYE89jzvVJFKZcLFB"",""nama"":""CHOCO MALT"",""isiPerBox"":50},{""productId"":""N8oPUfk4JcfNuyfZeRcM"",""nama"":""JERUK"",""total"":78000,""qtyBox"":1,""hargaPerBox"":78000,""isiPerBox"":50},{""qtyBox"":1,""hargaPerBox"":93500,""productId"":""R52hO3IOVzVI3PRqPmGP"",""total"":93500,""isiPerBox"":60,""nama"":""MIKI-MIKI DOUBLE CHOCO""},{""productId"":""bNkl5FX7SlWzgxLhu2Pw"",""total"":96000,""nama"":""SWEET CORN"",""hargaPerBox"":96000,""isiPerBox"":40,""qtyBox"":1}]","BU ISTIANAH ( MTS URWATIL WATSQO )","","347500"
"jQBTH4XGywAM3cqsDkg5","K0367","2025-11-04T09:10:50.818Z","XiCglP9CSUbM0jrjNHny","[{""nama"":""CHOCOLATE CRISPY"",""hargaPerBox"":117000,""qtyBox"":1,""productId"":""ETb42XTcLpBbcC1aLhcb"",""isiPerBox"":30,""total"":117000},{""hargaPerBox"":97500,""qtyBox"":1,""productId"":""bIHGFn5MHtXpqVeM9enF"",""isiPerBox"":24,""nama"":""CHOCOMELT CONE"",""total"":97500},{""productId"":""4ZGi81slpOycqNbJ8lvW"",""qtyBox"":1,""nama"":""STRAWBERRY CRISPY"",""isiPerBox"":40,""total"":110000,""hargaPerBox"":110000},{""isiPerBox"":24,""productId"":""QLk1TKlyQAC1EHOPZ7M6"",""total"":97000,""nama"":""SUNDAE CHOCOLATE"",""qtyBox"":1,""hargaPerBox"":97000},{""qtyBox"":2,""isiPerBox"":40,""productId"":""bNkl5FX7SlWzgxLhu2Pw"",""total"":192000,""nama"":""SWEET CORN"",""hargaPerBox"":96000}]","TIGA SAUDARA","Order dari kunjungan: ","613500"
"jr7KG48hlXPJGLMDNf3L","K1334","2025-10-29T08:23:30.000Z","xXcBnRjwrKPQNBumnzm6","[{""qtyBox"":1,""total"":80000,""hargaPerBox"":80000,""isiPerBox"":50,""nama"":""CHOCO MALT"",""productId"":""NOHAYE89jzvVJFKZcLFB""},{""hargaPerBox"":97500,""nama"":""CHOCOMELT CONE"",""productId"":""bIHGFn5MHtXpqVeM9enF"",""total"":97500,""isiPerBox"":24,""qtyBox"":1},{""isiPerBox"":30,""qtyBox"":1,""productId"":""xaB42zjrDkGuzdTP7tpO"",""total"":90500,""hargaPerBox"":90500,""nama"":""MANGO SLUSH""},{""nama"":""SUNDAE CHOCOLATE"",""hargaPerBox"":97000,""total"":97000,""isiPerBox"":24,""productId"":""QLk1TKlyQAC1EHOPZ7M6"",""qtyBox"":1},{""nama"":""SWEET CORN"",""hargaPerBox"":96000,""qtyBox"":1,""total"":96000,""isiPerBox"":40,""productId"":""bNkl5FX7SlWzgxLhu2Pw""}]","MASRUKIN","Order dari kunjungan: ","461000"
"jz8DhiVy6yYPCN0cY5uX","K1982","2025-11-02T03:52:52.000Z","rwANC5lfSRpAKV2HzJBj","[{""productId"":""BaaVl0Oq2oHnOUy1Cfuw"",""hargaPerBox"":110000,""isiPerBox"":40,""total"":110000,""nama"":""COFFE CRISPY"",""qtyBox"":1},{""nama"":""CRISPY BALLS ORIGINAL"",""total"":118500,""isiPerBox"":30,""productId"":""kaxtCMx6rMhQn9EbjJAw"",""qtyBox"":1,""hargaPerBox"":118500},{""total"":95000,""hargaPerBox"":95000,""nama"":""MILK MELON"",""isiPerBox"":40,""qtyBox"":1,""productId"":""y44wV7EqlAwgQKUJj38O""},{""isiPerBox"":50,""nama"":""NANAS"",""qtyBox"":1,""hargaPerBox"":77500,""productId"":""Msk1v54GqR6gX6mqxqGS"",""total"":77500},{""nama"":""SEMANGKA"",""qtyBox"":1,""productId"":""k7TnmqAqR1yAmsY042eK"",""total"":77500,""hargaPerBox"":77500,""isiPerBox"":50},{""qtyBox"":2,""hargaPerBox"":97000,""productId"":""QLk1TKlyQAC1EHOPZ7M6"",""isiPerBox"":24,""total"":194000,""nama"":""SUNDAE CHOCOLATE""},{""hargaPerBox"":96000,""total"":96000,""productId"":""bNkl5FX7SlWzgxLhu2Pw"",""qtyBox"":1,""isiPerBox"":40,""nama"":""SWEET CORN""},{""nama"":""VANILLA BERRY CONE"",""hargaPerBox"":115200,""isiPerBox"":48,""total"":115200,""qtyBox"":1,""productId"":""Hzn6DvSXYxLmhtuekqkk""}]","NUR YONO","Order dari kunjungan:","883700"
"kWG5niBHJnKxXu6IyIMF","K1513","2025-10-08T08:18:41.131Z","X4G4Mm97geyTM8hWkcGe","[{""total"":97500,""hargaPerBox"":97500,""nama"":""CHOCOMELT CONE"",""isiPerBox"":24,""productId"":""bIHGFn5MHtXpqVeM9enF"",""qtyBox"":1},{""productId"":""L0uQuYqgS8Q4smIuyRs4"",""hargaPerBox"":118500,""qtyBox"":1,""total"":118500,""isiPerBox"":40,""nama"":""CRISPY BALLS COOKIS""},{""nama"":""FRUIZY BLUEBERRY YOGURT"",""qtyBox"":1,""hargaPerBox"":96000,""productId"":""iegvzVPz0yZbNTHzwcj3"",""total"":96000,""isiPerBox"":40},{""productId"":""4ZGi81slpOycqNbJ8lvW"",""hargaPerBox"":110000,""qtyBox"":1,""nama"":""STRAWBERRY CRISPY"",""total"":110000,""isiPerBox"":40},{""nama"":""SUNDAE CHOCOLATE"",""isiPerBox"":24,""productId"":""QLk1TKlyQAC1EHOPZ7M6"",""total"":97000,""qtyBox"":1,""hargaPerBox"":97000},{""hargaPerBox"":96000,""qtyBox"":1,""nama"":""SWEET CORN"",""total"":96000,""isiPerBox"":40,""productId"":""bNkl5FX7SlWzgxLhu2Pw""}]","TOKO INDANAH","Order dari kunjungan: ","615000"
"keMlD5JFYYLtS4JOSv9x","K1179","2025-10-29T07:50:50.000Z","NbD8s7PxFM7LcFShRs3Q","[{""isiPerBox"":50,""nama"":""CHOCO MALT"",""total"":80000,""hargaPerBox"":80000,""productId"":""NOHAYE89jzvVJFKZcLFB"",""qtyBox"":1},{""productId"":""IDeDw8ay7rGfQANXeYLM"",""nama"":""CHOCOLATE STICK (BINGO)"",""hargaPerBox"":97000,""qtyBox"":1,""total"":97000,""isiPerBox"":50},{""productId"":""bIHGFn5MHtXpqVeM9enF"",""qtyBox"":1,""hargaPerBox"":97500,""nama"":""CHOCOMELT CONE"",""total"":97500,""isiPerBox"":24},{""qtyBox"":1,""productId"":""iegvzVPz0yZbNTHzwcj3"",""isiPerBox"":40,""nama"":""FRUIZY BLUEBERRY YOGURT"",""total"":96000,""hargaPerBox"":96000},{""isiPerBox"":40,""total"":94500,""qtyBox"":1,""nama"":""MOCHI MANGO"",""productId"":""PnPJnogSXAiytWfTxQWM"",""hargaPerBox"":94500},{""nama"":""SEMANGKA"",""hargaPerBox"":77500,""total"":77500,""qtyBox"":1,""productId"":""k7TnmqAqR1yAmsY042eK"",""isiPerBox"":50},{""total"":97500,""isiPerBox"":24,""nama"":""STRAWBERRY CONE"",""productId"":""DoKWCzEByEeYXQFxFinE"",""qtyBox"":1,""hargaPerBox"":97500},{""qtyBox"":1,""hargaPerBox"":97000,""isiPerBox"":24,""nama"":""SUNDAE CHOCOLATE"",""productId"":""QLk1TKlyQAC1EHOPZ7M6"",""total"":97000},{""nama"":""SWEET CORN"",""productId"":""bNkl5FX7SlWzgxLhu2Pw"",""isiPerBox"":40,""total"":96000,""hargaPerBox"":96000,""qtyBox"":1},{""hargaPerBox"":96500,""nama"":""TARO CRISPY"",""total"":96500,""qtyBox"":1,""isiPerBox"":40,""productId"":""U3qfJlCyL3zOiNLFUFkb""}]","TOKO ANDI","","929500"
"kf7M02pZfDPEOP84QLei","K1854","2025-10-02T03:57:22.544Z","0nchyPCKCX7ahDdo6icy","[{""total"":97500,""hargaPerBox"":97500,""productId"":""bIHGFn5MHtXpqVeM9enF"",""isiPerBox"":24,""nama"":""CHOCOMELT CONE"",""qtyBox"":1},{""isiPerBox"":40,""total"":97000,""productId"":""sKjCtHbEsvTpBhbQOyHB"",""nama"":""FRUITY ROLL"",""qtyBox"":1,""hargaPerBox"":97000},{""isiPerBox"":40,""productId"":""PnPJnogSXAiytWfTxQWM"",""total"":94500,""hargaPerBox"":94500,""qtyBox"":1,""nama"":""MOCHI MANGO""},{""hargaPerBox"":97000,""qtyBox"":1,""isiPerBox"":24,""productId"":""QLk1TKlyQAC1EHOPZ7M6"",""total"":97000,""nama"":""SUNDAE CHOCOLATE""},{""total"":97000,""hargaPerBox"":97000,""productId"":""aok5I2XQHFg2m97mC387"",""isiPerBox"":24,""qtyBox"":1,""nama"":""SUNDAE STRAWBERRY""}]","SEJAHTERA FROZEN FOOD","","483000"
"lB211BK6IydtbPGcBVwN","K1298","2025-10-09T09:02:55.196Z","LjHKUWJDhaxyFOLArIdi","[{""isiPerBox"":40,""hargaPerBox"":110000,""productId"":""BaaVl0Oq2oHnOUy1Cfuw"",""qtyBox"":1,""nama"":""COFFE CRISPY"",""total"":110000},{""productId"":""y44wV7EqlAwgQKUJj38O"",""isiPerBox"":40,""hargaPerBox"":95000,""qtyBox"":1,""total"":95000,""nama"":""MILK MELON""},{""nama"":""STRAWBERRY CRISPY"",""productId"":""4ZGi81slpOycqNbJ8lvW"",""hargaPerBox"":110000,""total"":110000,""isiPerBox"":40,""qtyBox"":1},{""qtyBox"":1,""isiPerBox"":24,""productId"":""QLk1TKlyQAC1EHOPZ7M6"",""hargaPerBox"":97000,""total"":97000,""nama"":""SUNDAE CHOCOLATE""},{""qtyBox"":1,""productId"":""aok5I2XQHFg2m97mC387"",""isiPerBox"":24,""total"":97000,""nama"":""SUNDAE STRAWBERRY"",""hargaPerBox"":97000}]","SAMI JF MART","Order dari kunjungan: ","509000"
"lNKFHNCq0upR4j0doh0C","K1154","2025-10-01T09:46:18.825Z","pfBZeBBflEj9cMD0uZa2","[{""qtyBox"":1,""productId"":""ETb42XTcLpBbcC1aLhcb"",""isiPerBox"":30,""total"":117000,""hargaPerBox"":117000,""nama"":""CHOCOLATE CRISPY""},{""hargaPerBox"":77500,""productId"":""Msk1v54GqR6gX6mqxqGS"",""isiPerBox"":50,""nama"":""NANAS"",""qtyBox"":1,""total"":77500},{""nama"":""SUNDAE CHOCOLATE"",""productId"":""QLk1TKlyQAC1EHOPZ7M6"",""hargaPerBox"":97000,""total"":97000,""qtyBox"":1,""isiPerBox"":24},{""total"":192000,""hargaPerBox"":96000,""productId"":""bNkl5FX7SlWzgxLhu2Pw"",""qtyBox"":2,""isiPerBox"":40,""nama"":""SWEET CORN""}]","TOKO ALI","","483500"
"lykMGaZZct8eM05kl7VD","K1409","2025-10-09T10:42:21.747Z","Hfn7DH6eAWCVrAkmczwl","[{""qtyBox"":1,""hargaPerBox"":97500,""isiPerBox"":24,""total"":97500,""productId"":""bIHGFn5MHtXpqVeM9enF"",""nama"":""CHOCOMELT CONE""},{""hargaPerBox"":97500,""productId"":""DoKWCzEByEeYXQFxFinE"",""total"":97500,""nama"":""STRAWBERRY CONE"",""qtyBox"":1,""isiPerBox"":24},{""total"":110000,""hargaPerBox"":110000,""productId"":""4ZGi81slpOycqNbJ8lvW"",""qtyBox"":1,""nama"":""STRAWBERRY CRISPY"",""isiPerBox"":40},{""nama"":""SUNDAE CHOCOLATE"",""hargaPerBox"":97000,""qtyBox"":1,""total"":97000,""isiPerBox"":24,""productId"":""QLk1TKlyQAC1EHOPZ7M6""},{""nama"":""SUNDAE STRAWBERRY"",""isiPerBox"":24,""total"":97000,""hargaPerBox"":97000,""qtyBox"":1,""productId"":""aok5I2XQHFg2m97mC387""}]","TOKO BINTANI MART","","499000"
"lytubk5pZgn4sL4gsGmb","K0991","2025-10-11T08:45:34.967Z","e3G6RcX2g2UHxpjV4Pem","[{""productId"":""L0uQuYqgS8Q4smIuyRs4"",""nama"":""CRISPY BALLS COOKIS"",""isiPerBox"":40,""qtyBox"":1,""hargaPerBox"":118500,""total"":118500},{""nama"":""FRUITY ROLL"",""isiPerBox"":40,""qtyBox"":1,""hargaPerBox"":124800,""total"":124800,""productId"":""sKjCtHbEsvTpBhbQOyHB""},{""productId"":""iegvzVPz0yZbNTHzwcj3"",""qtyBox"":1,""hargaPerBox"":96000,""isiPerBox"":40,""nama"":""FRUIZY BLUEBERRY YOGURT"",""total"":96000},{""qtyBox"":1,""hargaPerBox"":94500,""productId"":""PnPJnogSXAiytWfTxQWM"",""nama"":""MOCHI MANGO"",""isiPerBox"":40,""total"":94500},{""total"":96000,""nama"":""SWEET CORN"",""hargaPerBox"":96000,""qtyBox"":1,""isiPerBox"":40,""productId"":""bNkl5FX7SlWzgxLhu2Pw""}]","PONPES MAYONG/ AL ISHOM","","529800"
"m7buJenuzbO6pVkxtGqC","K1500","2025-11-13T06:20:31.957Z","VktFHlWljj8CqZVnsjtM","[{""total"":93500,""productId"":""Uu5WSQZmqTLoXc9oxlUj"",""hargaPerBox"":93500,""isiPerBox"":60,""nama"":""MIKI-MIKI"",""qtyBox"":1},{""isiPerBox"":60,""qtyBox"":1,""hargaPerBox"":93500,""productId"":""R52hO3IOVzVI3PRqPmGP"",""total"":93500,""nama"":""MIKI-MIKI DOUBLE CHOCO""},{""productId"":""y44wV7EqlAwgQKUJj38O"",""qtyBox"":1,""isiPerBox"":40,""hargaPerBox"":95000,""total"":95000,""nama"":""MILK MELON""},{""productId"":""k7TnmqAqR1yAmsY042eK"",""isiPerBox"":50,""total"":77500,""qtyBox"":1,""nama"":""SEMANGKA"",""hargaPerBox"":77500},{""total"":97000,""hargaPerBox"":97000,""nama"":""SUNDAE CHOCOLATE"",""isiPerBox"":24,""productId"":""QLk1TKlyQAC1EHOPZ7M6"",""qtyBox"":1},{""hargaPerBox"":96000,""productId"":""bNkl5FX7SlWzgxLhu2Pw"",""isiPerBox"":40,""nama"":""SWEET CORN"",""total"":96000,""qtyBox"":1}]","TOKO SHERLY","","552500"
"mBjlUPJRlX37eE6iFt1m","K1911","2025-10-29T05:30:49.000Z","878SE6zfogSZSvQEzaQC","[{""nama"":""CHOCO MALT"",""total"":80000,""hargaPerBox"":80000,""isiPerBox"":50,""productId"":""NOHAYE89jzvVJFKZcLFB"",""qtyBox"":1},{""isiPerBox"":50,""qtyBox"":1,""nama"":""CHOCOLATE STICK (BINGO)"",""hargaPerBox"":97000,""productId"":""IDeDw8ay7rGfQANXeYLM"",""total"":97000},{""nama"":""CHOCOMELT CONE"",""total"":97500,""productId"":""bIHGFn5MHtXpqVeM9enF"",""qtyBox"":1,""hargaPerBox"":97500,""isiPerBox"":24},{""nama"":""CRISPY BALLS COOKIS"",""hargaPerBox"":118500,""isiPerBox"":40,""total"":118500,""productId"":""L0uQuYqgS8Q4smIuyRs4"",""qtyBox"":1},{""nama"":""MANGO SLUSH"",""total"":90500,""qtyBox"":1,""isiPerBox"":30,""productId"":""xaB42zjrDkGuzdTP7tpO"",""hargaPerBox"":90500},{""qtyBox"":1,""nama"":""MOCHI VANILLA"",""total"":92500,""productId"":""xJbJEd4mYcSMcB4V4492"",""hargaPerBox"":92500,""isiPerBox"":40},{""nama"":""SEMANGKA"",""total"":77500,""productId"":""k7TnmqAqR1yAmsY042eK"",""hargaPerBox"":77500,""isiPerBox"":50,""qtyBox"":1},{""hargaPerBox"":97000,""total"":97000,""productId"":""QLk1TKlyQAC1EHOPZ7M6"",""isiPerBox"":24,""nama"":""SUNDAE CHOCOLATE"",""qtyBox"":1},{""hargaPerBox"":96000,""total"":96000,""isiPerBox"":40,""nama"":""SWEET CORN"",""qtyBox"":1,""productId"":""bNkl5FX7SlWzgxLhu2Pw""},{""nama"":""VANILLA BERRY CONE"",""total"":115200,""hargaPerBox"":115200,""qtyBox"":1,""isiPerBox"":48,""productId"":""Hzn6DvSXYxLmhtuekqkk""}]","TOKO VIANA","","961700"
"mJH0J5iueAt5yI0d55Fm","K0676","2025-10-16T08:38:40.609Z","W5T0mkGuUhrS8Xv4nxtZ","[{""hargaPerBox"":97500,""productId"":""bIHGFn5MHtXpqVeM9enF"",""total"":97500,""qtyBox"":1,""isiPerBox"":24,""nama"":""CHOCOMELT CONE""},{""total"":93500,""nama"":""MIKI-MIKI"",""isiPerBox"":60,""hargaPerBox"":93500,""qtyBox"":1,""productId"":""Uu5WSQZmqTLoXc9oxlUj""},{""total"":97500,""productId"":""DoKWCzEByEeYXQFxFinE"",""hargaPerBox"":97500,""nama"":""STRAWBERRY CONE"",""isiPerBox"":24,""qtyBox"":1},{""hargaPerBox"":97000,""isiPerBox"":24,""total"":97000,""qtyBox"":1,""productId"":""QLk1TKlyQAC1EHOPZ7M6"",""nama"":""SUNDAE CHOCOLATE""},{""hargaPerBox"":97000,""qtyBox"":1,""isiPerBox"":24,""nama"":""SUNDAE STRAWBERRY"",""total"":97000,""productId"":""aok5I2XQHFg2m97mC387""},{""productId"":""bNkl5FX7SlWzgxLhu2Pw"",""total"":96000,""hargaPerBox"":96000,""qtyBox"":1,""isiPerBox"":40,""nama"":""SWEET CORN""},{""qtyBox"":1,""isiPerBox"":40,""hargaPerBox"":96500,""total"":96500,""productId"":""U3qfJlCyL3zOiNLFUFkb"",""nama"":""TARO CRISPY""}]","SUDARTO","","675000"
"mOK8HrO1Zrvo2zXaJklK","K2014","2025-10-09T07:28:00.062Z","lNRFpK00n4trF3j94v5p","[{""hargaPerBox"":92000,""qtyBox"":1,""isiPerBox"":40,""total"":92000,""nama"":""2 COLOR"",""productId"":""jJ0aqMzW8XNZeKsXBWuQ""},{""total"":192000,""productId"":""F4qHZUhwkEnkGMWDyqIm"",""isiPerBox"":27,""qtyBox"":1,""nama"":""3 IN 1"",""hargaPerBox"":192000},{""nama"":""CHOCOMELT CONE"",""total"":97500,""hargaPerBox"":97500,""productId"":""bIHGFn5MHtXpqVeM9enF"",""qtyBox"":1,""isiPerBox"":24},{""nama"":""MILK MELON"",""qtyBox"":1,""isiPerBox"":40,""total"":95000,""productId"":""y44wV7EqlAwgQKUJj38O"",""hargaPerBox"":95000},{""total"":77500,""hargaPerBox"":77500,""productId"":""Msk1v54GqR6gX6mqxqGS"",""nama"":""NANAS"",""isiPerBox"":50,""qtyBox"":1},{""hargaPerBox"":97500,""nama"":""STRAWBERRY CONE"",""productId"":""DoKWCzEByEeYXQFxFinE"",""qtyBox"":1,""isiPerBox"":24,""total"":97500},{""hargaPerBox"":110000,""total"":110000,""productId"":""4ZGi81slpOycqNbJ8lvW"",""isiPerBox"":40,""qtyBox"":1,""nama"":""STRAWBERRY CRISPY""},{""productId"":""QLk1TKlyQAC1EHOPZ7M6"",""isiPerBox"":24,""total"":97000,""qtyBox"":1,""nama"":""SUNDAE CHOCOLATE"",""hargaPerBox"":97000}]","Toko Koss Mart","","858500"
"mZpk04ef6SuVxakW72VK","K0392","2025-10-07T09:59:49.447Z","z3pT9BDTtISnQFgCmOtx","[{""isiPerBox"":40,""productId"":""jJ0aqMzW8XNZeKsXBWuQ"",""total"":92000,""qtyBox"":1,""hargaPerBox"":92000,""nama"":""2 COLOR""},{""productId"":""NOHAYE89jzvVJFKZcLFB"",""qtyBox"":1,""total"":80000,""nama"":""CHOCO MALT"",""hargaPerBox"":80000,""isiPerBox"":50},{""hargaPerBox"":117000,""qtyBox"":1,""nama"":""CHOCOLATE CRISPY"",""total"":117000,""productId"":""ETb42XTcLpBbcC1aLhcb"",""isiPerBox"":30},{""productId"":""IDeDw8ay7rGfQANXeYLM"",""qtyBox"":1,""hargaPerBox"":97000,""isiPerBox"":50,""total"":97000,""nama"":""CHOCOLATE STICK""},{""hargaPerBox"":110000,""productId"":""BaaVl0Oq2oHnOUy1Cfuw"",""total"":110000,""nama"":""COFFE CRISPY"",""isiPerBox"":40,""qtyBox"":1},{""qtyBox"":1,""total"":118500,""nama"":""CRISPY BALLS COOKIS"",""productId"":""L0uQuYqgS8Q4smIuyRs4"",""isiPerBox"":40,""hargaPerBox"":118500},{""qtyBox"":1,""total"":124800,""isiPerBox"":40,""hargaPerBox"":124800,""productId"":""sKjCtHbEsvTpBhbQOyHB"",""nama"":""FRUITY ROLL""},{""hargaPerBox"":96000,""productId"":""iegvzVPz0yZbNTHzwcj3"",""total"":96000,""nama"":""FRUIZY BLUEBERRY YOGURT"",""qtyBox"":1,""isiPerBox"":40},{""qtyBox"":1,""isiPerBox"":50,""hargaPerBox"":78000,""productId"":""N8oPUfk4JcfNuyfZeRcM"",""nama"":""JERUK"",""total"":78000},{""productId"":""Msk1v54GqR6gX6mqxqGS"",""hargaPerBox"":77500,""nama"":""NANAS"",""isiPerBox"":50,""total"":77500,""qtyBox"":1},{""total"":77500,""productId"":""k7TnmqAqR1yAmsY042eK"",""isiPerBox"":50,""nama"":""SEMANGKA"",""hargaPerBox"":77500,""qtyBox"":1},{""qtyBox"":1,""total"":110000,""nama"":""STRAWBERRY CRISPY"",""hargaPerBox"":110000,""productId"":""4ZGi81slpOycqNbJ8lvW"",""isiPerBox"":40},{""hargaPerBox"":97000,""isiPerBox"":24,""total"":97000,""productId"":""QLk1TKlyQAC1EHOPZ7M6"",""nama"":""SUNDAE CHOCOLATE"",""qtyBox"":1},{""total"":97000,""nama"":""SUNDAE STRAWBERRY"",""hargaPerBox"":97000,""qtyBox"":1,""isiPerBox"":24,""productId"":""aok5I2XQHFg2m97mC387""},{""nama"":""SWEET CORN"",""isiPerBox"":40,""hargaPerBox"":96000,""productId"":""bNkl5FX7SlWzgxLhu2Pw"",""total"":96000,""qtyBox"":1},{""productId"":""U3qfJlCyL3zOiNLFUFkb"",""qtyBox"":1,""total"":96500,""hargaPerBox"":96500,""nama"":""TARO CRISPY"",""isiPerBox"":40}]","ELLA 3 SMK PUTRI BALEKAMBANG","Order dari kunjungan: ","1564800"
"mfL0T14HMidFNZFeBQSZ","K1352","2025-11-11T06:48:42.388Z","OBIPITnGgdtvp0zkVSIL","[{""nama"":""CHOCOLATE CRISPY"",""hargaPerBox"":117000,""productId"":""ETb42XTcLpBbcC1aLhcb"",""qtyBox"":1,""total"":117000,""isiPerBox"":30},{""total"":118500,""isiPerBox"":30,""hargaPerBox"":118500,""productId"":""L0uQuYqgS8Q4smIuyRs4"",""qtyBox"":1,""nama"":""CRISPY BALLS COOKIS""},{""qtyBox"":1,""productId"":""xaB42zjrDkGuzdTP7tpO"",""nama"":""MANGO SLUSH"",""hargaPerBox"":90500,""isiPerBox"":30,""total"":90500},{""total"":97000,""hargaPerBox"":97000,""productId"":""aok5I2XQHFg2m97mC387"",""nama"":""SUNDAE STRAWBERRY"",""qtyBox"":1,""isiPerBox"":24},{""qtyBox"":1,""productId"":""bNkl5FX7SlWzgxLhu2Pw"",""total"":96000,""nama"":""SWEET CORN"",""hargaPerBox"":96000,""isiPerBox"":40},{""total"":96500,""qtyBox"":1,""nama"":""TARO CRISPY"",""isiPerBox"":40,""hargaPerBox"":96500,""productId"":""U3qfJlCyL3zOiNLFUFkb""}]","MUSTAQIM","Order dari kunjungan: ","615500"
"n6AwPPzFpG8ImrnVKIrU","K1899","2025-11-14T04:54:21.352Z","d2fNqoVzXHxTmpY3E8v6","[{""isiPerBox"":40,""productId"":""BaaVl0Oq2oHnOUy1Cfuw"",""hargaPerBox"":110000,""total"":110000,""qtyBox"":1,""nama"":""COFFE CRISPY""},{""hargaPerBox"":77500,""isiPerBox"":50,""nama"":""NANAS"",""productId"":""Msk1v54GqR6gX6mqxqGS"",""total"":77500,""qtyBox"":1},{""total"":77500,""nama"":""SEMANGKA"",""qtyBox"":1,""isiPerBox"":50,""hargaPerBox"":77500,""productId"":""k7TnmqAqR1yAmsY042eK""},{""hargaPerBox"":96000,""nama"":""SWEET CORN"",""productId"":""bNkl5FX7SlWzgxLhu2Pw"",""isiPerBox"":40,""qtyBox"":1,""total"":96000},{""hargaPerBox"":96500,""productId"":""U3qfJlCyL3zOiNLFUFkb"",""isiPerBox"":40,""nama"":""TARO CRISPY"",""qtyBox"":1,""total"":96500}]","TOKO LISA","Order dari kunjungan: ","457500"
"nNpspFSu1pA3MbYSHNtO","K1121","2025-10-13T05:56:38.754Z","eLh6QEH4U1yPXyxJUerC","[{""total"":80000,""nama"":""CHOCO MALT"",""hargaPerBox"":80000,""qtyBox"":1,""isiPerBox"":50,""productId"":""NOHAYE89jzvVJFKZcLFB""},{""productId"":""N8oPUfk4JcfNuyfZeRcM"",""qtyBox"":1,""isiPerBox"":50,""total"":78000,""hargaPerBox"":78000,""nama"":""JERUK""},{""isiPerBox"":40,""total"":92500,""productId"":""xJbJEd4mYcSMcB4V4492"",""hargaPerBox"":92500,""nama"":""MOCHI VANILLA"",""qtyBox"":1},{""nama"":""NANAS"",""isiPerBox"":50,""total"":77500,""qtyBox"":1,""hargaPerBox"":77500,""productId"":""Msk1v54GqR6gX6mqxqGS""},{""nama"":""SEMANGKA"",""qtyBox"":1,""isiPerBox"":50,""hargaPerBox"":77500,""total"":77500,""productId"":""k7TnmqAqR1yAmsY042eK""},{""nama"":""SWEET CORN"",""total"":96000,""qtyBox"":1,""hargaPerBox"":96000,""isiPerBox"":40,""productId"":""bNkl5FX7SlWzgxLhu2Pw""},{""isiPerBox"":40,""total"":96500,""hargaPerBox"":96500,""nama"":""TARO CRISPY"",""qtyBox"":1,""productId"":""U3qfJlCyL3zOiNLFUFkb""}]","MUNAWAROH","Order dari kunjungan:","598000"
"ngCfSbhan2qHVKZblI94","K0721","2025-11-09T07:22:49.000Z","B432NajzpIiYQHMjsajM","[{""productId"":""iegvzVPz0yZbNTHzwcj3"",""total"":96000,""nama"":""FRUIZY BLUEBERRY YOGURT"",""isiPerBox"":40,""hargaPerBox"":96000,""qtyBox"":1},{""nama"":""MANGO SLUSH"",""qtyBox"":1,""total"":90500,""hargaPerBox"":90500,""productId"":""xaB42zjrDkGuzdTP7tpO"",""isiPerBox"":30},{""productId"":""aok5I2XQHFg2m97mC387"",""isiPerBox"":24,""nama"":""SUNDAE STRAWBERRY"",""hargaPerBox"":97000,""qtyBox"":1,""total"":97000},{""total"":96000,""qtyBox"":1,""isiPerBox"":40,""hargaPerBox"":96000,""nama"":""SWEET CORN"",""productId"":""bNkl5FX7SlWzgxLhu2Pw""},{""nama"":""TARO CRISPY"",""hargaPerBox"":96500,""qtyBox"":1,""productId"":""U3qfJlCyL3zOiNLFUFkb"",""isiPerBox"":40,""total"":96500}]","ALIYA CELL","Order dari kunjungan: ","476000"
"nkIiLFWPqtE1yZINMarc","K0485","2025-10-18T04:02:14.654Z","Sd6g46vJ9IKhkDW5DXlf","[{""productId"":""NOHAYE89jzvVJFKZcLFB"",""isiPerBox"":50,""nama"":""CHOCO MALT"",""qtyBox"":1,""total"":80000,""hargaPerBox"":80000},{""isiPerBox"":30,""hargaPerBox"":117000,""productId"":""ETb42XTcLpBbcC1aLhcb"",""total"":117000,""nama"":""CHOCOLATE CRISPY"",""qtyBox"":1},{""qtyBox"":1,""isiPerBox"":50,""hargaPerBox"":97000,""nama"":""CHOCOLATE STICK"",""total"":97000,""productId"":""IDeDw8ay7rGfQANXeYLM""},{""nama"":""CHOCOMELT CONE"",""productId"":""bIHGFn5MHtXpqVeM9enF"",""isiPerBox"":24,""hargaPerBox"":97500,""qtyBox"":1,""total"":97500},{""nama"":""JERUK"",""total"":78000,""productId"":""N8oPUfk4JcfNuyfZeRcM"",""hargaPerBox"":78000,""isiPerBox"":50,""qtyBox"":1},{""qtyBox"":1,""nama"":""MIKI-MIKI DOUBLE CHOCO"",""isiPerBox"":60,""hargaPerBox"":93500,""productId"":""R52hO3IOVzVI3PRqPmGP"",""total"":93500},{""nama"":""MOCHI BANANA"",""total"":92500,""productId"":""czThQD5TNzChwlsAr7ds"",""isiPerBox"":40,""hargaPerBox"":92500,""qtyBox"":1},{""hargaPerBox"":94500,""total"":94500,""nama"":""MOCHI MANGO"",""qtyBox"":1,""isiPerBox"":40,""productId"":""PnPJnogSXAiytWfTxQWM""},{""productId"":""DoKWCzEByEeYXQFxFinE"",""qtyBox"":1,""isiPerBox"":24,""nama"":""STRAWBERRY CONE"",""hargaPerBox"":97500,""total"":97500},{""productId"":""QLk1TKlyQAC1EHOPZ7M6"",""isiPerBox"":24,""nama"":""SUNDAE CHOCOLATE"",""qtyBox"":1,""total"":97000,""hargaPerBox"":97000},{""nama"":""SWEET CORN"",""hargaPerBox"":96000,""total"":96000,""qtyBox"":1,""isiPerBox"":40,""productId"":""bNkl5FX7SlWzgxLhu2Pw""}]","MBAK IS","Order dari kunjungan: ","1040500"
"o1qynpb8DI5eNvkD19Sx","K1658","2025-10-15T03:20:11.901Z","aKeHRY72jQ8R7GmJIMNH","[{""isiPerBox"":50,""productId"":""NOHAYE89jzvVJFKZcLFB"",""hargaPerBox"":80000,""qtyBox"":2,""nama"":""CHOCO MALT"",""total"":160000},{""hargaPerBox"":118500,""isiPerBox"":40,""nama"":""CRISPY BALLS COOKIS"",""total"":118500,""productId"":""L0uQuYqgS8Q4smIuyRs4"",""qtyBox"":1},{""productId"":""QLk1TKlyQAC1EHOPZ7M6"",""total"":97000,""isiPerBox"":24,""qtyBox"":1,""hargaPerBox"":97000,""nama"":""SUNDAE CHOCOLATE""},{""qtyBox"":1,""nama"":""SWEET CORN"",""productId"":""bNkl5FX7SlWzgxLhu2Pw"",""isiPerBox"":40,""total"":96000,""hargaPerBox"":96000}]","SD IT AL ANWAR","","471500"
"o30luQAi68i9S8ahfxVQ","K1498","2025-10-20T10:27:03.318Z","7l4t8ictEySaPyXnKMDa","[{""productId"":""NOHAYE89jzvVJFKZcLFB"",""isiPerBox"":50,""total"":80000,""qtyBox"":1,""hargaPerBox"":80000,""nama"":""CHOCO MALT""},{""total"":78000,""productId"":""N8oPUfk4JcfNuyfZeRcM"",""nama"":""JERUK"",""hargaPerBox"":78000,""qtyBox"":1,""isiPerBox"":50},{""hargaPerBox"":93500,""isiPerBox"":60,""qtyBox"":1,""nama"":""MIKI-MIKI DOUBLE CHOCO"",""productId"":""R52hO3IOVzVI3PRqPmGP"",""total"":93500},{""isiPerBox"":50,""nama"":""NANAS"",""qtyBox"":1,""hargaPerBox"":77500,""total"":77500,""productId"":""Msk1v54GqR6gX6mqxqGS""},{""productId"":""k7TnmqAqR1yAmsY042eK"",""isiPerBox"":50,""hargaPerBox"":77500,""total"":77500,""qtyBox"":1,""nama"":""SEMANGKA""}]","RATU WALI","","406500"
"o7ob9BbpS1GDEui4rs6r","K0532","2025-10-11T09:45:29.965Z","f2Z73egCvMj4PXs56DKE","[{""total"":117000,""qtyBox"":1,""hargaPerBox"":117000,""nama"":""CHOCOLATE CRISPY"",""productId"":""ETb42XTcLpBbcC1aLhcb"",""isiPerBox"":30},{""isiPerBox"":24,""nama"":""CHOCOMELT CONE"",""qtyBox"":1,""total"":97500,""hargaPerBox"":97500,""productId"":""bIHGFn5MHtXpqVeM9enF""},{""qtyBox"":1,""isiPerBox"":40,""hargaPerBox"":118500,""nama"":""CRISPY BALLS COOKIS"",""productId"":""L0uQuYqgS8Q4smIuyRs4"",""total"":118500},{""qtyBox"":1,""hargaPerBox"":77500,""total"":77500,""isiPerBox"":50,""productId"":""Msk1v54GqR6gX6mqxqGS"",""nama"":""NANAS""},{""hargaPerBox"":77500,""total"":77500,""nama"":""SEMANGKA"",""qtyBox"":1,""isiPerBox"":50,""productId"":""k7TnmqAqR1yAmsY042eK""},{""productId"":""QLk1TKlyQAC1EHOPZ7M6"",""total"":97000,""nama"":""SUNDAE CHOCOLATE"",""hargaPerBox"":97000,""qtyBox"":1,""isiPerBox"":24},{""isiPerBox"":24,""hargaPerBox"":97000,""total"":97000,""qtyBox"":1,""nama"":""SUNDAE STRAWBERRY"",""productId"":""aok5I2XQHFg2m97mC387""},{""total"":96000,""productId"":""bNkl5FX7SlWzgxLhu2Pw"",""qtyBox"":1,""hargaPerBox"":96000,""nama"":""SWEET CORN"",""isiPerBox"":40},{""isiPerBox"":40,""hargaPerBox"":96500,""nama"":""TARO CRISPY"",""total"":96500,""productId"":""U3qfJlCyL3zOiNLFUFkb"",""qtyBox"":1}]","ENDANG RISTIYOWATI","","874500"
"oDFM6JfcandEyN4U1Ga7","K2021","2025-10-10T09:05:07.797Z","9uWRqV8KbynkKmi3nulk","[{""qtyBox"":1,""total"":80000,""nama"":""CHOCO MALT"",""hargaPerBox"":80000,""productId"":""NOHAYE89jzvVJFKZcLFB"",""isiPerBox"":50},{""isiPerBox"":40,""nama"":""CRISPY BALLS COOKIS"",""qtyBox"":2,""productId"":""L0uQuYqgS8Q4smIuyRs4"",""hargaPerBox"":118500,""total"":237000}]","WINARNO","Order dari kunjungan:","317000"
"oNMmmGOSDUTSKgSygizF","K1366","2025-11-13T03:53:19.845Z","bEH9JBG9XfbqU2R8PKNC","[{""qtyBox"":1,""productId"":""jJ0aqMzW8XNZeKsXBWuQ"",""nama"":""2 COLOR"",""isiPerBox"":40,""total"":92000,""hargaPerBox"":92000},{""nama"":""3 IN 1"",""isiPerBox"":27,""total"":192000,""qtyBox"":1,""productId"":""F4qHZUhwkEnkGMWDyqIm"",""hargaPerBox"":192000},{""productId"":""NOHAYE89jzvVJFKZcLFB"",""hargaPerBox"":80000,""isiPerBox"":50,""total"":80000,""nama"":""CHOCO MALT"",""qtyBox"":1},{""qtyBox"":1,""hargaPerBox"":97500,""isiPerBox"":24,""total"":97500,""nama"":""CHOCOMELT CONE"",""productId"":""bIHGFn5MHtXpqVeM9enF""},{""nama"":""CRISPY BALLS COOKIS"",""total"":118500,""hargaPerBox"":118500,""qtyBox"":1,""productId"":""L0uQuYqgS8Q4smIuyRs4"",""isiPerBox"":30},{""productId"":""QLk1TKlyQAC1EHOPZ7M6"",""hargaPerBox"":97000,""isiPerBox"":24,""nama"":""SUNDAE CHOCOLATE"",""total"":97000,""qtyBox"":1},{""isiPerBox"":40,""total"":96500,""nama"":""TARO CRISPY"",""productId"":""U3qfJlCyL3zOiNLFUFkb"",""qtyBox"":1,""hargaPerBox"":96500}]","MUNTATIAH","","773500"
"ohBFpMKoku6a7b2DeUYz","K1923","2025-10-23T17:00:00.000Z","kHooCaS0ksQrVzljSVVi","[{""productId"":""F4qHZUhwkEnkGMWDyqIm"",""total"":192000,""qtyBox"":1,""hargaPerBox"":192000,""nama"":""3 IN 1"",""isiPerBox"":27},{""nama"":""JERUK"",""productId"":""N8oPUfk4JcfNuyfZeRcM"",""total"":78000,""hargaPerBox"":78000,""qtyBox"":1,""isiPerBox"":50},{""qtyBox"":1,""isiPerBox"":30,""hargaPerBox"":90500,""nama"":""MANGO SLUSH"",""productId"":""xaB42zjrDkGuzdTP7tpO"",""total"":90500},{""hargaPerBox"":77500,""total"":77500,""nama"":""NANAS"",""qtyBox"":1,""productId"":""Msk1v54GqR6gX6mqxqGS"",""isiPerBox"":50},{""productId"":""k7TnmqAqR1yAmsY042eK"",""isiPerBox"":50,""nama"":""SEMANGKA"",""qtyBox"":1,""hargaPerBox"":77500,""total"":77500},{""isiPerBox"":24,""total"":97500,""qtyBox"":1,""productId"":""DoKWCzEByEeYXQFxFinE"",""hargaPerBox"":97500,""nama"":""STRAWBERRY CONE""},{""qtyBox"":1,""nama"":""TARO CRISPY"",""productId"":""U3qfJlCyL3zOiNLFUFkb"",""total"":96500,""hargaPerBox"":96500,""isiPerBox"":40}]","WAKHIDATUS SHOLEKHAH","","709500"
"onVABy76JZfE7xo2D8T6","K0742","2025-10-29T08:43:23.199Z","ICWLSSwzVvanVCAZdUih","[{""qtyBox"":1,""nama"":""CHOCO MALT"",""isiPerBox"":50,""productId"":""NOHAYE89jzvVJFKZcLFB"",""hargaPerBox"":80000,""total"":80000},{""nama"":""CHOCOLATE STICK (BINGO)"",""productId"":""IDeDw8ay7rGfQANXeYLM"",""hargaPerBox"":97000,""qtyBox"":1,""total"":97000,""isiPerBox"":50},{""nama"":""SEMANGKA"",""qtyBox"":1,""isiPerBox"":50,""productId"":""k7TnmqAqR1yAmsY042eK"",""hargaPerBox"":77500,""total"":77500},{""qtyBox"":1,""hargaPerBox"":97000,""nama"":""SUNDAE CHOCOLATE"",""productId"":""QLk1TKlyQAC1EHOPZ7M6"",""isiPerBox"":24,""total"":97000},{""qtyBox"":1,""nama"":""VANILLA BERRY CONE"",""isiPerBox"":48,""hargaPerBox"":115200,""productId"":""Hzn6DvSXYxLmhtuekqkk"",""total"":115200}]","KUSRIYAH","Order dari kunjungan: ","466700"
"pgsJf4HpalvqUQWFEbmx","K0511","2025-11-08T04:37:55.059Z","ewv2xw7GgJtJXR8nPfQw","[{""productId"":""bIHGFn5MHtXpqVeM9enF"",""hargaPerBox"":97500,""total"":97500,""nama"":""CHOCOMELT CONE"",""qtyBox"":1,""isiPerBox"":24},{""nama"":""FRUIZY BLUEBERRY YOGURT"",""productId"":""iegvzVPz0yZbNTHzwcj3"",""qtyBox"":1,""hargaPerBox"":96000,""total"":96000,""isiPerBox"":40},{""productId"":""KtjGECYEwOyqkWM0Iu4E"",""qtyBox"":1,""isiPerBox"":50,""total"":80000,""nama"":""FRUIZY GRAPE"",""hargaPerBox"":80000},{""qtyBox"":1,""hargaPerBox"":97500,""nama"":""STRAWBERRY CONE"",""productId"":""DoKWCzEByEeYXQFxFinE"",""total"":97500,""isiPerBox"":24},{""productId"":""QLk1TKlyQAC1EHOPZ7M6"",""qtyBox"":1,""total"":97000,""nama"":""SUNDAE CHOCOLATE"",""hargaPerBox"":97000,""isiPerBox"":24}]","STICOM","Order dari kunjungan: ","468000"
"pnUScM46FfpbpDYBouy1","K1571","2025-11-08T06:54:06.000Z","42f4rMSZhOHXH6oYOXMn","[{""isiPerBox"":30,""hargaPerBox"":117000,""productId"":""ETb42XTcLpBbcC1aLhcb"",""qtyBox"":1,""total"":117000,""nama"":""CHOCOLATE CRISPY""},{""isiPerBox"":40,""productId"":""BaaVl0Oq2oHnOUy1Cfuw"",""total"":110000,""qtyBox"":1,""hargaPerBox"":110000,""nama"":""COFFE CRISPY""},{""hargaPerBox"":118500,""isiPerBox"":40,""total"":118500,""qtyBox"":1,""nama"":""CRISPY BALLS COOKIS"",""productId"":""L0uQuYqgS8Q4smIuyRs4""},{""productId"":""aok5I2XQHFg2m97mC387"",""total"":97000,""nama"":""SUNDAE STRAWBERRY"",""hargaPerBox"":97000,""qtyBox"":1,""isiPerBox"":24},{""qtyBox"":1,""hargaPerBox"":96500,""nama"":""TARO CRISPY"",""isiPerBox"":40,""total"":96500,""productId"":""U3qfJlCyL3zOiNLFUFkb""}]","TOKO KOBER","Order dari kunjungan:","539000"
"q0IKu3MpI1GWYQeXWBoS","K1534","2025-11-02T07:44:15.660Z","HsBqJ8NfGtWtPy4dtOUp","[{""productId"":""BaaVl0Oq2oHnOUy1Cfuw"",""total"":110000,""isiPerBox"":40,""hargaPerBox"":110000,""qtyBox"":1,""nama"":""COFFE CRISPY""},{""hargaPerBox"":77500,""total"":77500,""nama"":""NANAS"",""productId"":""Msk1v54GqR6gX6mqxqGS"",""isiPerBox"":50,""qtyBox"":1},{""total"":77500,""hargaPerBox"":77500,""productId"":""k7TnmqAqR1yAmsY042eK"",""qtyBox"":1,""nama"":""SEMANGKA"",""isiPerBox"":50},{""hargaPerBox"":97000,""isiPerBox"":24,""productId"":""QLk1TKlyQAC1EHOPZ7M6"",""nama"":""SUNDAE CHOCOLATE"",""total"":97000,""qtyBox"":1},{""hargaPerBox"":96500,""nama"":""TARO CRISPY"",""qtyBox"":1,""productId"":""U3qfJlCyL3zOiNLFUFkb"",""total"":96500,""isiPerBox"":40}]","TRANSIT MART 2","","458500"
"q0j3msrqME9vQTkAHFtE","K0391","2025-09-30T17:00:00.000Z","j5OQBnhs4A8lXEY9aNI4","[{""hargaPerBox"":97000,""total"":97000,""isiPerBox"":50,""qtyBox"":1,""nama"":""CHOCOLATE STICK"",""productId"":""IDeDw8ay7rGfQANXeYLM""},{""isiPerBox"":40,""hargaPerBox"":118500,""productId"":""L0uQuYqgS8Q4smIuyRs4"",""nama"":""CRISPY BALLS COOKIS"",""total"":118500,""qtyBox"":1},{""qtyBox"":1,""total"":118500,""productId"":""kaxtCMx6rMhQn9EbjJAw"",""nama"":""CRISPY BALLS ORIGINAL"",""isiPerBox"":30,""hargaPerBox"":118500},{""qtyBox"":1,""hargaPerBox"":97000,""isiPerBox"":24,""total"":97000,""productId"":""QLk1TKlyQAC1EHOPZ7M6"",""nama"":""SUNDAE CHOCOLATE""},{""total"":96000,""nama"":""SWEET CORN"",""qtyBox"":1,""hargaPerBox"":96000,""isiPerBox"":40,""productId"":""bNkl5FX7SlWzgxLhu2Pw""}]","ELLA 2 KANTIN MTS BALEKAMBANG","","527000"
"qFl6RL0ELs1LfoAHinot","K0441","2025-10-17T06:46:33.773Z","2zobAduRXbA1IyykFf5n","[{""productId"":""jJ0aqMzW8XNZeKsXBWuQ"",""nama"":""2 COLOR"",""hargaPerBox"":92000,""isiPerBox"":40,""qtyBox"":1,""total"":92000},{""productId"":""L0uQuYqgS8Q4smIuyRs4"",""nama"":""CRISPY BALLS COOKIS"",""qtyBox"":1,""total"":118500,""isiPerBox"":40,""hargaPerBox"":118500},{""nama"":""MANGO SLUSH"",""isiPerBox"":30,""hargaPerBox"":90500,""productId"":""xaB42zjrDkGuzdTP7tpO"",""total"":90500,""qtyBox"":1},{""nama"":""MIKI-MIKI"",""productId"":""Uu5WSQZmqTLoXc9oxlUj"",""hargaPerBox"":93500,""qtyBox"":1,""total"":93500,""isiPerBox"":60},{""hargaPerBox"":96500,""total"":96500,""productId"":""U3qfJlCyL3zOiNLFUFkb"",""nama"":""TARO CRISPY"",""isiPerBox"":40,""qtyBox"":1}]","MJ CELL","Order dari kunjungan: ","491000"
"qdEJoWcXBGmSOQUiToUr","K0502","2025-10-31T17:00:00.000Z","prsjnt4eZWb4sKtsXAOd","[{""isiPerBox"":27,""total"":192000,""hargaPerBox"":192000,""nama"":""3 IN 1"",""qtyBox"":1,""productId"":""F4qHZUhwkEnkGMWDyqIm""},{""hargaPerBox"":117000,""isiPerBox"":30,""productId"":""ETb42XTcLpBbcC1aLhcb"",""nama"":""CHOCOLATE CRISPY"",""total"":117000,""qtyBox"":1},{""isiPerBox"":24,""qtyBox"":1,""productId"":""bIHGFn5MHtXpqVeM9enF"",""nama"":""CHOCOMELT CONE"",""total"":97500,""hargaPerBox"":97500},{""hargaPerBox"":77500,""isiPerBox"":50,""total"":77500,""qtyBox"":1,""productId"":""k7TnmqAqR1yAmsY042eK"",""nama"":""SEMANGKA""},{""productId"":""QLk1TKlyQAC1EHOPZ7M6"",""hargaPerBox"":97000,""total"":97000,""nama"":""SUNDAE CHOCOLATE"",""qtyBox"":1,""isiPerBox"":24},{""hargaPerBox"":96000,""productId"":""bNkl5FX7SlWzgxLhu2Pw"",""qtyBox"":1,""total"":96000,""nama"":""SWEET CORN"",""isiPerBox"":40},{""qtyBox"":1,""isiPerBox"":48,""total"":115200,""productId"":""Hzn6DvSXYxLmhtuekqkk"",""hargaPerBox"":115200,""nama"":""VANILLA BERRY CONE""}]","DEWI","Order dari kunjungan:","792200"
"qewIVXgicPpMyYO8I6FZ","K1512","2025-10-09T03:29:54.389Z","Wd4tMZL3Gh5AME7jGCqL","[{""nama"":""COFFE CRISPY"",""productId"":""BaaVl0Oq2oHnOUy1Cfuw"",""qtyBox"":1,""hargaPerBox"":110000,""isiPerBox"":40,""total"":110000},{""hargaPerBox"":118500,""isiPerBox"":40,""qtyBox"":1,""total"":118500,""nama"":""CRISPY BALLS COOKIS"",""productId"":""L0uQuYqgS8Q4smIuyRs4""},{""hargaPerBox"":97000,""total"":97000,""qtyBox"":1,""productId"":""QLk1TKlyQAC1EHOPZ7M6"",""isiPerBox"":24,""nama"":""SUNDAE CHOCOLATE""}]","TOKO RENASYA","","325500"
"qmqEu8kh0xuDORaVij5E","K0352","2025-11-11T08:53:31.304Z","P3S3LmNnq4sCQ7YUieWO","[{""total"":80000,""hargaPerBox"":80000,""productId"":""NOHAYE89jzvVJFKZcLFB"",""qtyBox"":1,""isiPerBox"":50,""nama"":""CHOCO MALT""},{""hargaPerBox"":97000,""qtyBox"":1,""total"":97000,""productId"":""IDeDw8ay7rGfQANXeYLM"",""isiPerBox"":50,""nama"":""CHOCOLATE STICK (BINGO)""},{""isiPerBox"":24,""qtyBox"":1,""hargaPerBox"":97500,""productId"":""bIHGFn5MHtXpqVeM9enF"",""nama"":""CHOCOMELT CONE"",""total"":97500},{""productId"":""Uu5WSQZmqTLoXc9oxlUj"",""isiPerBox"":60,""qtyBox"":1,""total"":93500,""nama"":""MIKI-MIKI"",""hargaPerBox"":93500},{""hargaPerBox"":95000,""nama"":""MILK MELON"",""isiPerBox"":40,""productId"":""y44wV7EqlAwgQKUJj38O"",""qtyBox"":1,""total"":95000},{""total"":77500,""productId"":""k7TnmqAqR1yAmsY042eK"",""qtyBox"":1,""isiPerBox"":50,""nama"":""SEMANGKA"",""hargaPerBox"":77500},{""nama"":""STRAWBERRY CONE"",""qtyBox"":1,""isiPerBox"":24,""hargaPerBox"":97500,""productId"":""DoKWCzEByEeYXQFxFinE"",""total"":97500},{""total"":110000,""productId"":""4ZGi81slpOycqNbJ8lvW"",""nama"":""STRAWBERRY CRISPY"",""hargaPerBox"":110000,""qtyBox"":1,""isiPerBox"":40},{""productId"":""aok5I2XQHFg2m97mC387"",""nama"":""SUNDAE STRAWBERRY"",""total"":97000,""qtyBox"":1,""isiPerBox"":24,""hargaPerBox"":97000},{""total"":192000,""hargaPerBox"":96000,""nama"":""SWEET CORN"",""qtyBox"":2,""isiPerBox"":40,""productId"":""bNkl5FX7SlWzgxLhu2Pw""},{""productId"":""U3qfJlCyL3zOiNLFUFkb"",""total"":96500,""hargaPerBox"":96500,""nama"":""TARO CRISPY"",""qtyBox"":1,""isiPerBox"":40}]","APOTEK PANCUR","Order dari kunjungan: ","1133500"
"qnDQ5HUsG5mrFLxxMQhA","K1498","2025-10-18T05:46:37.755Z","7l4t8ictEySaPyXnKMDa","[{""total"":80000,""hargaPerBox"":80000,""qtyBox"":1,""nama"":""CHOCO MALT"",""productId"":""NOHAYE89jzvVJFKZcLFB"",""isiPerBox"":50},{""isiPerBox"":50,""hargaPerBox"":78000,""productId"":""N8oPUfk4JcfNuyfZeRcM"",""nama"":""JERUK"",""qtyBox"":1,""total"":78000},{""isiPerBox"":60,""productId"":""R52hO3IOVzVI3PRqPmGP"",""nama"":""MIKI-MIKI DOUBLE CHOCO"",""qtyBox"":1,""hargaPerBox"":93500,""total"":93500},{""isiPerBox"":50,""total"":77500,""hargaPerBox"":77500,""productId"":""Msk1v54GqR6gX6mqxqGS"",""qtyBox"":1,""nama"":""NANAS""},{""hargaPerBox"":77500,""isiPerBox"":50,""qtyBox"":1,""nama"":""SEMANGKA"",""productId"":""k7TnmqAqR1yAmsY042eK"",""total"":77500}]","RATU WALI","Order dari kunjungan:","406500"
"qtKM26Sc0wUh9O1Gyaet","K1286","2025-10-25T04:26:27.331Z","MBtynOjLtaD7KngRrvOo","[{""total"":118500,""isiPerBox"":40,""nama"":""CRISPY BALLS COOKIS"",""productId"":""L0uQuYqgS8Q4smIuyRs4"",""hargaPerBox"":118500,""qtyBox"":1},{""productId"":""sKjCtHbEsvTpBhbQOyHB"",""hargaPerBox"":124800,""total"":124800,""nama"":""FRUITY ROLL"",""isiPerBox"":40,""qtyBox"":1},{""total"":78000,""productId"":""N8oPUfk4JcfNuyfZeRcM"",""isiPerBox"":50,""hargaPerBox"":78000,""qtyBox"":1,""nama"":""JERUK""},{""qtyBox"":1,""total"":77500,""productId"":""Msk1v54GqR6gX6mqxqGS"",""isiPerBox"":50,""nama"":""NANAS"",""hargaPerBox"":77500},{""nama"":""SWEET CORN"",""qtyBox"":1,""total"":96000,""hargaPerBox"":96000,""productId"":""bNkl5FX7SlWzgxLhu2Pw"",""isiPerBox"":40}]","RIYADLUL QUR'AN","","494800"
"r6bayaTvnkocMEjaErP0","K0379","2025-10-15T08:46:41.277Z","xp0ZRBc7iUKQ0VDFMW5Y","[{""nama"":""CHOCOMELT CONE"",""hargaPerBox"":97500,""total"":97500,""qtyBox"":1,""isiPerBox"":24,""productId"":""bIHGFn5MHtXpqVeM9enF""},{""nama"":""FRUIZY BLUEBERRY YOGURT"",""productId"":""iegvzVPz0yZbNTHzwcj3"",""total"":96000,""isiPerBox"":40,""hargaPerBox"":96000,""qtyBox"":1},{""nama"":""STRAWBERRY CONE"",""total"":97500,""hargaPerBox"":97500,""isiPerBox"":24,""productId"":""DoKWCzEByEeYXQFxFinE"",""qtyBox"":1},{""isiPerBox"":24,""productId"":""QLk1TKlyQAC1EHOPZ7M6"",""total"":97000,""hargaPerBox"":97000,""qtyBox"":1,""nama"":""SUNDAE CHOCOLATE""},{""nama"":""SUNDAE STRAWBERRY"",""total"":97000,""qtyBox"":1,""hargaPerBox"":97000,""isiPerBox"":24,""productId"":""aok5I2XQHFg2m97mC387""}]","MBAK YUYUN","","485000"
"rHdwjSRfQAiK6FtMw89q","K0742","2025-10-01T07:01:22.605Z","ICWLSSwzVvanVCAZdUih","[{""qtyBox"":1,""total"":92000,""hargaPerBox"":92000,""productId"":""jJ0aqMzW8XNZeKsXBWuQ"",""isiPerBox"":40,""nama"":""2 COLOR""},{""productId"":""bo7uoDBVttrD7nfgPod8"",""isiPerBox"":40,""hargaPerBox"":94500,""qtyBox"":1,""total"":94500,""nama"":""MOCHI KLEPON""},{""nama"":""MOCHI VANILLA"",""qtyBox"":1,""productId"":""xJbJEd4mYcSMcB4V4492"",""total"":92500,""isiPerBox"":40,""hargaPerBox"":92500},{""hargaPerBox"":97000,""productId"":""QLk1TKlyQAC1EHOPZ7M6"",""isiPerBox"":24,""total"":97000,""qtyBox"":1,""nama"":""SUNDAE CHOCOLATE""},{""productId"":""U3qfJlCyL3zOiNLFUFkb"",""qtyBox"":1,""nama"":""TARO CRISPY"",""total"":96500,""hargaPerBox"":96500,""isiPerBox"":40}]","KUSRIYAH","","472500"
"rQTvhz84dKFGWCceafTN","K1387","2025-10-09T03:00:46.530Z","8k5mHDdqhzvAFdnkqWei","[{""qtyBox"":1,""productId"":""jJ0aqMzW8XNZeKsXBWuQ"",""isiPerBox"":40,""hargaPerBox"":92000,""nama"":""2 COLOR"",""total"":92000},{""nama"":""CHOCO MALT"",""isiPerBox"":50,""qtyBox"":1,""hargaPerBox"":80000,""productId"":""NOHAYE89jzvVJFKZcLFB"",""total"":80000},{""isiPerBox"":40,""qtyBox"":1,""productId"":""iegvzVPz0yZbNTHzwcj3"",""hargaPerBox"":96000,""nama"":""FRUIZY BLUEBERRY YOGURT"",""total"":96000},{""qtyBox"":1,""isiPerBox"":50,""productId"":""KtjGECYEwOyqkWM0Iu4E"",""hargaPerBox"":80000,""total"":80000,""nama"":""FRUIZY GRAPE""},{""nama"":""SWEET CORN"",""isiPerBox"":40,""hargaPerBox"":96000,""productId"":""bNkl5FX7SlWzgxLhu2Pw"",""qtyBox"":1,""total"":96000}]","SMK ISLAM AL HIKMAH MAYONG","","444000"
"rVoxxyVtWsUczsBhA3yy","K0504","2025-11-15T06:26:33.000Z","97dQ3fc5oJLPHPNSZvPe","[{""qtyBox"":1,""isiPerBox"":24,""productId"":""bIHGFn5MHtXpqVeM9enF"",""hargaPerBox"":97500,""total"":97500,""nama"":""CHOCOMELT CONE""},{""productId"":""iegvzVPz0yZbNTHzwcj3"",""nama"":""FRUIZY BLUEBERRY YOGURT"",""total"":96000,""hargaPerBox"":96000,""qtyBox"":1,""isiPerBox"":40},{""nama"":""MIKI-MIKI"",""hargaPerBox"":93500,""total"":93500,""isiPerBox"":60,""productId"":""Uu5WSQZmqTLoXc9oxlUj"",""qtyBox"":1},{""isiPerBox"":60,""nama"":""MIKI-MIKI DOUBLE CHOCO"",""productId"":""R52hO3IOVzVI3PRqPmGP"",""qtyBox"":1,""hargaPerBox"":93500,""total"":93500},{""hargaPerBox"":92500,""productId"":""czThQD5TNzChwlsAr7ds"",""qtyBox"":1,""nama"":""MOCHI BANANA"",""total"":92500,""isiPerBox"":40},{""qtyBox"":1,""hargaPerBox"":77500,""isiPerBox"":50,""nama"":""NANAS"",""total"":77500,""productId"":""Msk1v54GqR6gX6mqxqGS""},{""nama"":""SUNDAE CHOCOLATE"",""total"":97000,""qtyBox"":1,""hargaPerBox"":97000,""isiPerBox"":24,""productId"":""QLk1TKlyQAC1EHOPZ7M6""},{""hargaPerBox"":97000,""qtyBox"":1,""isiPerBox"":24,""total"":97000,""productId"":""aok5I2XQHFg2m97mC387"",""nama"":""SUNDAE STRAWBERRY""}]","SUMUK CELL","Order dari kunjungan:","744500"
"rtI40iF8IMuhAylJhh7P","K1528","2025-11-05T08:44:25.009Z","uyiOKpYICdUeSfb42aOn","[{""productId"":""jJ0aqMzW8XNZeKsXBWuQ"",""hargaPerBox"":92000,""isiPerBox"":40,""qtyBox"":1,""nama"":""2 COLOR"",""total"":92000},{""productId"":""xaB42zjrDkGuzdTP7tpO"",""qtyBox"":1,""hargaPerBox"":90500,""isiPerBox"":30,""nama"":""MANGO SLUSH"",""total"":90500},{""total"":95000,""nama"":""MILK MELON"",""isiPerBox"":40,""qtyBox"":1,""hargaPerBox"":95000,""productId"":""y44wV7EqlAwgQKUJj38O""},{""hargaPerBox"":77500,""nama"":""NANAS"",""isiPerBox"":50,""productId"":""Msk1v54GqR6gX6mqxqGS"",""total"":77500,""qtyBox"":1},{""qtyBox"":1,""isiPerBox"":50,""hargaPerBox"":77500,""nama"":""SEMANGKA"",""total"":77500,""productId"":""k7TnmqAqR1yAmsY042eK""}]","TOKO SOCHIBATUL MUNAWAROH","","432500"
"rthH20uxaGUHWdwYhqbx","K1969","2025-10-06T03:32:40.852Z","IQtU1AxfLTPqglkim04O","[{""qtyBox"":1,""nama"":""CHOCO MALT"",""hargaPerBox"":80000,""total"":80000,""isiPerBox"":50,""productId"":""NOHAYE89jzvVJFKZcLFB""},{""total"":97500,""isiPerBox"":24,""productId"":""bIHGFn5MHtXpqVeM9enF"",""hargaPerBox"":97500,""qtyBox"":1,""nama"":""CHOCOMELT CONE""},{""nama"":""STRAWBERRY CRISPY"",""total"":110000,""hargaPerBox"":110000,""qtyBox"":1,""isiPerBox"":40,""productId"":""4ZGi81slpOycqNbJ8lvW""},{""nama"":""SUNDAE CHOCOLATE"",""total"":97000,""isiPerBox"":24,""hargaPerBox"":97000,""productId"":""QLk1TKlyQAC1EHOPZ7M6"",""qtyBox"":1},{""isiPerBox"":40,""nama"":""SWEET CORN"",""total"":96000,""qtyBox"":1,""hargaPerBox"":96000,""productId"":""bNkl5FX7SlWzgxLhu2Pw""},{""nama"":""TARO CRISPY"",""qtyBox"":1,""isiPerBox"":40,""total"":96500,""productId"":""U3qfJlCyL3zOiNLFUFkb"",""hargaPerBox"":96500}]","TOKO ANUGERAH","Order dari kunjungan: ","577000"
"sRQZ6G82g2I8Xztgi7E4","K1367","2025-10-29T09:23:04.000Z","517lFqCrv4ylnAybXBuH","[{""isiPerBox"":40,""qtyBox"":1,""hargaPerBox"":92000,""nama"":""2 COLOR"",""productId"":""jJ0aqMzW8XNZeKsXBWuQ"",""total"":92000},{""productId"":""NOHAYE89jzvVJFKZcLFB"",""total"":80000,""nama"":""CHOCO MALT"",""isiPerBox"":50,""hargaPerBox"":80000,""qtyBox"":1},{""qtyBox"":1,""nama"":""CRISPY BALLS COOKIS"",""productId"":""L0uQuYqgS8Q4smIuyRs4"",""hargaPerBox"":118500,""total"":118500,""isiPerBox"":40},{""total"":97000,""qtyBox"":1,""isiPerBox"":24,""nama"":""SUNDAE CHOCOLATE"",""hargaPerBox"":97000,""productId"":""QLk1TKlyQAC1EHOPZ7M6""},{""isiPerBox"":40,""nama"":""SWEET CORN"",""qtyBox"":1,""total"":96000,""productId"":""bNkl5FX7SlWzgxLhu2Pw"",""hargaPerBox"":96000}]","ENDANG SRI WAHYUNI","","483500"
"sYmLXMfU7mIvwcKzxdLE","K1315","2025-10-30T05:03:14.810Z","t2gz4up7sN675kePt6Oc","[{""isiPerBox"":50,""total"":78000,""qtyBox"":1,""productId"":""N8oPUfk4JcfNuyfZeRcM"",""hargaPerBox"":78000,""nama"":""JERUK""},{""hargaPerBox"":77500,""nama"":""NANAS"",""total"":77500,""qtyBox"":1,""productId"":""Msk1v54GqR6gX6mqxqGS"",""isiPerBox"":50},{""nama"":""SEMANGKA"",""hargaPerBox"":77500,""productId"":""k7TnmqAqR1yAmsY042eK"",""qtyBox"":1,""total"":77500,""isiPerBox"":50},{""isiPerBox"":24,""hargaPerBox"":97000,""total"":97000,""productId"":""QLk1TKlyQAC1EHOPZ7M6"",""nama"":""SUNDAE CHOCOLATE"",""qtyBox"":1},{""total"":96000,""qtyBox"":1,""nama"":""SWEET CORN"",""productId"":""bNkl5FX7SlWzgxLhu2Pw"",""hargaPerBox"":96000,""isiPerBox"":40}]","ABDUL MUJIB","","426000"
"sw3oHPFykZwDwDz16XZA","K1502","2025-10-06T08:00:05.807Z","cBXhRkwzErSSQ2yHFz8H","[{""isiPerBox"":40,""productId"":""jJ0aqMzW8XNZeKsXBWuQ"",""total"":92000,""nama"":""2 COLOR"",""qtyBox"":1,""hargaPerBox"":92000},{""total"":117000,""nama"":""CHOCOLATE CRISPY"",""hargaPerBox"":117000,""productId"":""ETb42XTcLpBbcC1aLhcb"",""qtyBox"":1,""isiPerBox"":30},{""productId"":""xJbJEd4mYcSMcB4V4492"",""nama"":""MOCHI VANILLA"",""qtyBox"":1,""total"":92500,""isiPerBox"":40,""hargaPerBox"":92500},{""hargaPerBox"":97500,""total"":97500,""productId"":""DoKWCzEByEeYXQFxFinE"",""nama"":""STRAWBERRY CONE"",""isiPerBox"":24,""qtyBox"":1},{""total"":97000,""nama"":""SUNDAE CHOCOLATE"",""hargaPerBox"":97000,""productId"":""QLk1TKlyQAC1EHOPZ7M6"",""qtyBox"":1,""isiPerBox"":24},{""qtyBox"":1,""productId"":""aok5I2XQHFg2m97mC387"",""hargaPerBox"":97000,""nama"":""SUNDAE STRAWBERRY"",""total"":97000,""isiPerBox"":24},{""total"":96000,""nama"":""SWEET CORN"",""productId"":""bNkl5FX7SlWzgxLhu2Pw"",""isiPerBox"":40,""qtyBox"":1,""hargaPerBox"":96000}]","TOKO RIZKY OS","Order dari kunjungan: ","689000"
"t42aGjLlPnTTiQIuFYII","K1759","2025-11-15T09:05:58.266Z","dFJRnjEcCGZjVJ3vtZTF","[{""total"":92000,""productId"":""jJ0aqMzW8XNZeKsXBWuQ"",""isiPerBox"":40,""nama"":""2 COLOR"",""qtyBox"":1,""hargaPerBox"":92000},{""total"":97000,""isiPerBox"":50,""qtyBox"":1,""nama"":""CHOCOLATE STICK (BINGO)"",""productId"":""IDeDw8ay7rGfQANXeYLM"",""hargaPerBox"":97000},{""total"":118500,""nama"":""CRISPY BALLS COOKIS"",""qtyBox"":1,""productId"":""L0uQuYqgS8Q4smIuyRs4"",""isiPerBox"":30,""hargaPerBox"":118500},{""total"":96000,""hargaPerBox"":96000,""qtyBox"":1,""isiPerBox"":40,""nama"":""FRUIZY BLUEBERRY YOGURT"",""productId"":""iegvzVPz0yZbNTHzwcj3""},{""hargaPerBox"":96000,""nama"":""SWEET CORN"",""productId"":""bNkl5FX7SlWzgxLhu2Pw"",""qtyBox"":1,""isiPerBox"":40,""total"":96000}]","SD IT AL HUSNA 2","","499500"
"tBCQcMqnUs3YtKgyfkCt","K1334","2025-10-14T06:57:34.833Z","xXcBnRjwrKPQNBumnzm6","[{""isiPerBox"":40,""qtyBox"":1,""total"":92000,""productId"":""jJ0aqMzW8XNZeKsXBWuQ"",""hargaPerBox"":92000,""nama"":""2 COLOR""},{""hargaPerBox"":118500,""productId"":""L0uQuYqgS8Q4smIuyRs4"",""isiPerBox"":40,""nama"":""CRISPY BALLS COOKIS"",""qtyBox"":1,""total"":118500},{""total"":96000,""nama"":""FRUIZY BLUEBERRY YOGURT"",""hargaPerBox"":96000,""qtyBox"":1,""productId"":""iegvzVPz0yZbNTHzwcj3"",""isiPerBox"":40},{""isiPerBox"":60,""qtyBox"":2,""nama"":""MIKI-MIKI"",""productId"":""Uu5WSQZmqTLoXc9oxlUj"",""hargaPerBox"":93500,""total"":187000},{""qtyBox"":1,""isiPerBox"":40,""hargaPerBox"":96000,""nama"":""SWEET CORN"",""productId"":""bNkl5FX7SlWzgxLhu2Pw"",""total"":96000}]","MASRUKIN","Order dari kunjungan:","589500"
"tCLJmkEE4stPvNrNgJdk","K1278","2025-10-21T00:17:24.191Z","O8g9w3lNqdo3pRpC2pwY","[{""qtyBox"":1,""isiPerBox"":40,""nama"":""CRISPY BALLS COOKIS"",""productId"":""L0uQuYqgS8Q4smIuyRs4"",""total"":118500,""hargaPerBox"":118500},{""qtyBox"":1,""nama"":""FRUIZY GRAPE"",""total"":80000,""hargaPerBox"":80000,""productId"":""KtjGECYEwOyqkWM0Iu4E"",""isiPerBox"":50},{""total"":77500,""productId"":""Msk1v54GqR6gX6mqxqGS"",""hargaPerBox"":77500,""qtyBox"":1,""isiPerBox"":50,""nama"":""NANAS""},{""productId"":""QLk1TKlyQAC1EHOPZ7M6"",""nama"":""SUNDAE CHOCOLATE"",""qtyBox"":1,""isiPerBox"":24,""hargaPerBox"":97000,""total"":97000},{""isiPerBox"":40,""qtyBox"":1,""nama"":""TARO CRISPY"",""hargaPerBox"":96500,""total"":96500,""productId"":""U3qfJlCyL3zOiNLFUFkb""}]","NUR AFIDAH","","469500"
"tN8RKRaDLcRadVDhCAyn","K1787","2025-10-20T04:27:38.000Z","nhuEhSvTkbCX7F1rYyfg","[{""qtyBox"":1,""isiPerBox"":50,""productId"":""NOHAYE89jzvVJFKZcLFB"",""nama"":""CHOCO MALT"",""hargaPerBox"":80000,""total"":80000},{""total"":110000,""qtyBox"":1,""hargaPerBox"":110000,""nama"":""COFFE CRISPY"",""isiPerBox"":40,""productId"":""BaaVl0Oq2oHnOUy1Cfuw""},{""isiPerBox"":50,""nama"":""SEMANGKA"",""productId"":""k7TnmqAqR1yAmsY042eK"",""total"":77500,""qtyBox"":1,""hargaPerBox"":77500},{""isiPerBox"":40,""nama"":""TARO CRISPY"",""total"":96500,""hargaPerBox"":96500,""qtyBox"":1,""productId"":""U3qfJlCyL3zOiNLFUFkb""}]","SD 3 BUNGU","","364000"
"tPVObbDHLx5QCGYyIjW0","K1502","2025-10-27T08:51:49.000Z","cBXhRkwzErSSQ2yHFz8H","[{""productId"":""NOHAYE89jzvVJFKZcLFB"",""nama"":""CHOCO MALT"",""qtyBox"":1,""total"":80000,""isiPerBox"":50,""hargaPerBox"":80000},{""qtyBox"":1,""total"":93500,""isiPerBox"":60,""hargaPerBox"":93500,""productId"":""Uu5WSQZmqTLoXc9oxlUj"",""nama"":""MIKI-MIKI""},{""isiPerBox"":40,""total"":94500,""qtyBox"":1,""hargaPerBox"":94500,""productId"":""PnPJnogSXAiytWfTxQWM"",""nama"":""MOCHI MANGO""},{""hargaPerBox"":77500,""nama"":""NANAS"",""productId"":""Msk1v54GqR6gX6mqxqGS"",""isiPerBox"":50,""total"":77500,""qtyBox"":1},{""nama"":""SUNDAE CHOCOLATE"",""hargaPerBox"":97000,""isiPerBox"":24,""productId"":""QLk1TKlyQAC1EHOPZ7M6"",""total"":97000,""qtyBox"":1},{""productId"":""bNkl5FX7SlWzgxLhu2Pw"",""total"":96000,""isiPerBox"":40,""qtyBox"":1,""nama"":""SWEET CORN"",""hargaPerBox"":96000},{""productId"":""Hzn6DvSXYxLmhtuekqkk"",""isiPerBox"":48,""total"":115200,""nama"":""VANILLA BERRY CONE"",""qtyBox"":1,""hargaPerBox"":115200}]","TOKO RIZKY OS","","653700"
"tZKSWUTwklQKCfmJMH4U","K2014","2025-10-30T05:04:39.429Z","lNRFpK00n4trF3j94v5p","[{""productId"":""NOHAYE89jzvVJFKZcLFB"",""hargaPerBox"":80000,""nama"":""CHOCO MALT"",""total"":80000,""qtyBox"":1,""isiPerBox"":50},{""nama"":""CHOCOLATE CRISPY"",""qtyBox"":1,""hargaPerBox"":117000,""total"":117000,""isiPerBox"":30,""productId"":""ETb42XTcLpBbcC1aLhcb""},{""isiPerBox"":24,""total"":97500,""qtyBox"":1,""nama"":""CHOCOMELT CONE"",""hargaPerBox"":97500,""productId"":""bIHGFn5MHtXpqVeM9enF""},{""total"":118500,""nama"":""CRISPY BALLS ORIGINAL"",""productId"":""kaxtCMx6rMhQn9EbjJAw"",""hargaPerBox"":118500,""isiPerBox"":30,""qtyBox"":1},{""total"":97000,""nama"":""SUNDAE CHOCOLATE"",""isiPerBox"":24,""qtyBox"":1,""hargaPerBox"":97000,""productId"":""QLk1TKlyQAC1EHOPZ7M6""},{""total"":96500,""nama"":""TARO CRISPY"",""productId"":""U3qfJlCyL3zOiNLFUFkb"",""hargaPerBox"":96500,""qtyBox"":1,""isiPerBox"":40},{""total"":115200,""productId"":""Hzn6DvSXYxLmhtuekqkk"",""isiPerBox"":48,""qtyBox"":1,""hargaPerBox"":115200,""nama"":""VANILLA BERRY CONE""}]","Toko Koss Mart","Order dari kunjungan: ","721700"
"u1Z2myzEycXzz5GU6nQY","K1987","2025-10-21T05:21:36.893Z","CfKdWWsPbcqw3KjtwI29","[{""productId"":""Uu5WSQZmqTLoXc9oxlUj"",""nama"":""MIKI-MIKI"",""qtyBox"":1,""total"":93500,""hargaPerBox"":93500,""isiPerBox"":60},{""isiPerBox"":60,""hargaPerBox"":93500,""qtyBox"":1,""total"":93500,""nama"":""MIKI-MIKI DOUBLE CHOCO"",""productId"":""R52hO3IOVzVI3PRqPmGP""},{""productId"":""k7TnmqAqR1yAmsY042eK"",""total"":77500,""nama"":""SEMANGKA"",""hargaPerBox"":77500,""qtyBox"":1,""isiPerBox"":50},{""isiPerBox"":24,""hargaPerBox"":97000,""productId"":""QLk1TKlyQAC1EHOPZ7M6"",""nama"":""SUNDAE CHOCOLATE"",""qtyBox"":1,""total"":97000},{""nama"":""SWEET CORN"",""productId"":""bNkl5FX7SlWzgxLhu2Pw"",""hargaPerBox"":96000,""isiPerBox"":40,""total"":96000,""qtyBox"":1}]","NOR AMIN MAHMUD","Order dari kunjungan:","457500"
"u4ge060uhC1x5vjMv8Yl","K0378","2025-10-14T06:31:04.665Z","aYAbEMlBicLREQd8m70C","[{""qtyBox"":1,""nama"":""CHOCO MALT"",""isiPerBox"":50,""productId"":""NOHAYE89jzvVJFKZcLFB"",""total"":80000,""hargaPerBox"":80000},{""nama"":""CHOCOLATE STICK"",""qtyBox"":1,""isiPerBox"":50,""total"":97000,""productId"":""IDeDw8ay7rGfQANXeYLM"",""hargaPerBox"":97000},{""hargaPerBox"":124800,""isiPerBox"":40,""total"":124800,""productId"":""sKjCtHbEsvTpBhbQOyHB"",""nama"":""FRUITY ROLL"",""qtyBox"":1},{""hargaPerBox"":93500,""isiPerBox"":60,""productId"":""Uu5WSQZmqTLoXc9oxlUj"",""nama"":""MIKI-MIKI"",""total"":93500,""qtyBox"":1},{""isiPerBox"":40,""qtyBox"":1,""productId"":""y44wV7EqlAwgQKUJj38O"",""nama"":""MILK MELON"",""total"":95000,""hargaPerBox"":95000},{""total"":96000,""nama"":""SWEET CORN"",""isiPerBox"":40,""hargaPerBox"":96000,""qtyBox"":1,""productId"":""bNkl5FX7SlWzgxLhu2Pw""}]","MARYATI","Order dari kunjungan:","586300"
"u4tzYLDIuuAWMbganh9d","K1656","2025-11-08T03:01:22.421Z","4RrFtYEGtIzcVvzYWaMY","[{""qtyBox"":1,""isiPerBox"":40,""productId"":""L0uQuYqgS8Q4smIuyRs4"",""hargaPerBox"":118500,""nama"":""CRISPY BALLS COOKIS"",""total"":118500},{""hargaPerBox"":96000,""total"":96000,""productId"":""iegvzVPz0yZbNTHzwcj3"",""isiPerBox"":40,""qtyBox"":1,""nama"":""FRUIZY BLUEBERRY YOGURT""},{""productId"":""4ZGi81slpOycqNbJ8lvW"",""total"":110000,""isiPerBox"":40,""hargaPerBox"":110000,""nama"":""STRAWBERRY CRISPY"",""qtyBox"":1},{""qtyBox"":1,""total"":96000,""productId"":""bNkl5FX7SlWzgxLhu2Pw"",""isiPerBox"":40,""nama"":""SWEET CORN"",""hargaPerBox"":96000},{""qtyBox"":1,""hargaPerBox"":115200,""nama"":""VANILLA BERRY CONE"",""isiPerBox"":48,""total"":115200,""productId"":""Hzn6DvSXYxLmhtuekqkk""}]","SD IT AL HUSNA PELEMKEREP","Order dari kunjungan: ","535700"
"uAO0fn3Ikl8d0eGWi6Ph","K1987","2025-09-30T17:00:00.000Z","CfKdWWsPbcqw3KjtwI29","[{""nama"":""CRISPY BALLS COOKIS"",""hargaPerBox"":118500,""isiPerBox"":40,""total"":118500,""productId"":""L0uQuYqgS8Q4smIuyRs4"",""qtyBox"":1},{""nama"":""MIKI-MIKI"",""qtyBox"":1,""hargaPerBox"":93500,""isiPerBox"":60,""total"":93500,""productId"":""Uu5WSQZmqTLoXc9oxlUj""},{""total"":94500,""isiPerBox"":40,""hargaPerBox"":94500,""nama"":""MOCHI KLEPON"",""qtyBox"":1,""productId"":""bo7uoDBVttrD7nfgPod8""},{""qtyBox"":1,""isiPerBox"":24,""hargaPerBox"":97000,""total"":97000,""productId"":""QLk1TKlyQAC1EHOPZ7M6"",""nama"":""SUNDAE CHOCOLATE""},{""total"":96000,""hargaPerBox"":96000,""productId"":""bNkl5FX7SlWzgxLhu2Pw"",""nama"":""SWEET CORN"",""qtyBox"":1,""isiPerBox"":40}]","NOR AMIN MAHMUD","","499500"
"uHCoZm7UrnL8HDmK9zgl","K1367","2025-11-13T08:58:02.329Z","517lFqCrv4ylnAybXBuH","[{""productId"":""IDeDw8ay7rGfQANXeYLM"",""total"":97000,""qtyBox"":1,""nama"":""CHOCOLATE STICK (BINGO)"",""isiPerBox"":50,""hargaPerBox"":97000},{""productId"":""iegvzVPz0yZbNTHzwcj3"",""qtyBox"":1,""total"":96000,""nama"":""FRUIZY BLUEBERRY YOGURT"",""hargaPerBox"":96000,""isiPerBox"":40},{""hargaPerBox"":93500,""qtyBox"":1,""total"":93500,""isiPerBox"":60,""productId"":""Uu5WSQZmqTLoXc9oxlUj"",""nama"":""MIKI-MIKI""},{""isiPerBox"":24,""total"":97000,""productId"":""aok5I2XQHFg2m97mC387"",""nama"":""SUNDAE STRAWBERRY"",""hargaPerBox"":97000,""qtyBox"":1},{""total"":96000,""productId"":""bNkl5FX7SlWzgxLhu2Pw"",""isiPerBox"":40,""qtyBox"":1,""nama"":""SWEET CORN"",""hargaPerBox"":96000}]","ENDANG SRI WAHYUNI","Order dari kunjungan: ","479500"
"uRIrD65PtCIkMpfhwIm3","K1649","2025-10-10T03:11:32.253Z","LrDGivjSfm58oJ7eILXz","[{""isiPerBox"":40,""nama"":""FRUIZY BLUEBERRY YOGURT"",""total"":96000,""hargaPerBox"":96000,""qtyBox"":1,""productId"":""iegvzVPz0yZbNTHzwcj3""},{""productId"":""Msk1v54GqR6gX6mqxqGS"",""isiPerBox"":50,""total"":77500,""hargaPerBox"":77500,""qtyBox"":1,""nama"":""NANAS""},{""isiPerBox"":24,""total"":97000,""nama"":""SUNDAE CHOCOLATE"",""qtyBox"":1,""hargaPerBox"":97000,""productId"":""QLk1TKlyQAC1EHOPZ7M6""},{""isiPerBox"":24,""nama"":""SUNDAE STRAWBERRY"",""productId"":""aok5I2XQHFg2m97mC387"",""hargaPerBox"":97000,""total"":97000,""qtyBox"":1},{""qtyBox"":1,""nama"":""SWEET CORN"",""total"":96000,""hargaPerBox"":96000,""isiPerBox"":40,""productId"":""bNkl5FX7SlWzgxLhu2Pw""}]","WARUNG MADURA AL-AMIN 2","Order dari kunjungan: ","463500"
"uU4QNDwTqPeYSCGLxbYt","K1118","2025-10-07T03:58:08.243Z","1pS2Vw8a9fu0UurNB4v7","[{""hargaPerBox"":117000,""total"":117000,""productId"":""ETb42XTcLpBbcC1aLhcb"",""qtyBox"":1,""isiPerBox"":30,""nama"":""CHOCOLATE CRISPY""},{""nama"":""COFFE CRISPY"",""qtyBox"":1,""productId"":""BaaVl0Oq2oHnOUy1Cfuw"",""isiPerBox"":40,""hargaPerBox"":110000,""total"":110000},{""productId"":""sKjCtHbEsvTpBhbQOyHB"",""qtyBox"":1,""hargaPerBox"":124800,""nama"":""FRUITY ROLL"",""total"":124800,""isiPerBox"":40},{""nama"":""JERUK"",""qtyBox"":1,""isiPerBox"":50,""productId"":""N8oPUfk4JcfNuyfZeRcM"",""total"":78000,""hargaPerBox"":78000},{""isiPerBox"":24,""hargaPerBox"":97000,""nama"":""SUNDAE CHOCOLATE"",""qtyBox"":1,""total"":97000,""productId"":""QLk1TKlyQAC1EHOPZ7M6""}]","ILMA JAYA","Order dari kunjungan: ","526800"
"uoOssGuCNmUCdX2GKmmh","K1982","2025-10-18T04:41:15.169Z","rwANC5lfSRpAKV2HzJBj","[{""total"":92000,""productId"":""jJ0aqMzW8XNZeKsXBWuQ"",""isiPerBox"":40,""qtyBox"":1,""hargaPerBox"":92000,""nama"":""2 COLOR""},{""isiPerBox"":50,""productId"":""IDeDw8ay7rGfQANXeYLM"",""qtyBox"":1,""nama"":""CHOCOLATE STICK"",""total"":97000,""hargaPerBox"":97000},{""nama"":""CRISPY BALLS ORIGINAL"",""total"":118500,""qtyBox"":1,""productId"":""kaxtCMx6rMhQn9EbjJAw"",""hargaPerBox"":118500,""isiPerBox"":30},{""nama"":""JERUK"",""hargaPerBox"":78000,""isiPerBox"":50,""qtyBox"":1,""productId"":""N8oPUfk4JcfNuyfZeRcM"",""total"":78000},{""nama"":""MIKI-MIKI DOUBLE CHOCO"",""qtyBox"":1,""isiPerBox"":60,""total"":93500,""hargaPerBox"":93500,""productId"":""R52hO3IOVzVI3PRqPmGP""},{""isiPerBox"":24,""hargaPerBox"":97000,""productId"":""QLk1TKlyQAC1EHOPZ7M6"",""qtyBox"":1,""nama"":""SUNDAE CHOCOLATE"",""total"":97000}]","NUR YONO","Order dari kunjungan:","576000"
"usoa20J3k5aFtTmq1nPA","K0467","2025-11-14T04:07:50.766Z","7xXpzkyryOEVARIJWA8V","[{""qtyBox"":1,""isiPerBox"":30,""nama"":""CHOCOLATE CRISPY"",""total"":117000,""hargaPerBox"":117000,""productId"":""ETb42XTcLpBbcC1aLhcb""},{""qtyBox"":1,""hargaPerBox"":110000,""productId"":""BaaVl0Oq2oHnOUy1Cfuw"",""total"":110000,""isiPerBox"":40,""nama"":""COFFE CRISPY""},{""total"":118500,""productId"":""kaxtCMx6rMhQn9EbjJAw"",""nama"":""CRISPY BALLS ORIGINAL"",""hargaPerBox"":118500,""qtyBox"":1,""isiPerBox"":30},{""productId"":""4ZGi81slpOycqNbJ8lvW"",""isiPerBox"":40,""qtyBox"":1,""nama"":""STRAWBERRY CRISPY"",""total"":110000,""hargaPerBox"":110000},{""qtyBox"":1,""isiPerBox"":24,""hargaPerBox"":97000,""total"":97000,""productId"":""QLk1TKlyQAC1EHOPZ7M6"",""nama"":""SUNDAE CHOCOLATE""}]","SUKATI","","552500"
"vLwLhooszyE3Ytpkh17o","K0441","2025-11-01T07:39:02.000Z","2zobAduRXbA1IyykFf5n","[{""hargaPerBox"":117000,""isiPerBox"":30,""total"":117000,""qtyBox"":1,""productId"":""ETb42XTcLpBbcC1aLhcb"",""nama"":""CHOCOLATE CRISPY""},{""productId"":""4ZGi81slpOycqNbJ8lvW"",""nama"":""STRAWBERRY CRISPY"",""qtyBox"":1,""isiPerBox"":40,""total"":110000,""hargaPerBox"":110000},{""qtyBox"":1,""productId"":""QLk1TKlyQAC1EHOPZ7M6"",""nama"":""SUNDAE CHOCOLATE"",""hargaPerBox"":97000,""isiPerBox"":24,""total"":97000},{""qtyBox"":1,""hargaPerBox"":96000,""isiPerBox"":40,""nama"":""SWEET CORN"",""productId"":""bNkl5FX7SlWzgxLhu2Pw"",""total"":96000},{""hargaPerBox"":96500,""qtyBox"":1,""productId"":""U3qfJlCyL3zOiNLFUFkb"",""nama"":""TARO CRISPY"",""isiPerBox"":40,""total"":96500},{""qtyBox"":1,""isiPerBox"":48,""hargaPerBox"":115200,""productId"":""Hzn6DvSXYxLmhtuekqkk"",""total"":115200,""nama"":""VANILLA BERRY CONE""}]","MJ CELL","Order dari kunjungan:","631700"
"vNhnytmUt6CTdFJtmqTS","K1366","2025-10-22T04:02:21.312Z","bEH9JBG9XfbqU2R8PKNC","[{""isiPerBox"":50,""total"":97000,""productId"":""IDeDw8ay7rGfQANXeYLM"",""hargaPerBox"":97000,""nama"":""CHOCOLATE STICK"",""qtyBox"":1},{""nama"":""COFFE CRISPY"",""total"":110000,""productId"":""BaaVl0Oq2oHnOUy1Cfuw"",""hargaPerBox"":110000,""qtyBox"":1,""isiPerBox"":40},{""total"":80000,""isiPerBox"":50,""nama"":""FRUIZY GRAPE"",""qtyBox"":1,""productId"":""KtjGECYEwOyqkWM0Iu4E"",""hargaPerBox"":80000},{""total"":78000,""nama"":""JERUK"",""hargaPerBox"":78000,""productId"":""N8oPUfk4JcfNuyfZeRcM"",""isiPerBox"":50,""qtyBox"":1},{""hargaPerBox"":92500,""nama"":""MOCHI PEACH"",""total"":92500,""productId"":""EF26XY2EwO1i35LRXuBv"",""qtyBox"":1,""isiPerBox"":40},{""isiPerBox"":24,""nama"":""SUNDAE CHOCOLATE"",""hargaPerBox"":97000,""qtyBox"":1,""total"":97000,""productId"":""QLk1TKlyQAC1EHOPZ7M6""},{""hargaPerBox"":97000,""total"":97000,""productId"":""aok5I2XQHFg2m97mC387"",""isiPerBox"":24,""qtyBox"":1,""nama"":""SUNDAE STRAWBERRY""},{""isiPerBox"":40,""hargaPerBox"":96000,""productId"":""bNkl5FX7SlWzgxLhu2Pw"",""qtyBox"":1,""nama"":""SWEET CORN"",""total"":96000}]","MUNTATIAH","Order dari kunjungan: ","747500"
"vVox2pm7J1bFihQcHmDZ","K1982","2025-11-09T04:46:05.000Z","rwANC5lfSRpAKV2HzJBj","[{""total"":117000,""isiPerBox"":30,""productId"":""ETb42XTcLpBbcC1aLhcb"",""nama"":""CHOCOLATE CRISPY"",""qtyBox"":1,""hargaPerBox"":117000},{""productId"":""L0uQuYqgS8Q4smIuyRs4"",""hargaPerBox"":118500,""isiPerBox"":40,""nama"":""CRISPY BALLS COOKIS"",""total"":118500,""qtyBox"":1},{""total"":97500,""productId"":""DoKWCzEByEeYXQFxFinE"",""qtyBox"":1,""nama"":""STRAWBERRY CONE"",""isiPerBox"":24,""hargaPerBox"":97500},{""isiPerBox"":40,""hargaPerBox"":110000,""nama"":""STRAWBERRY CRISPY"",""qtyBox"":1,""productId"":""4ZGi81slpOycqNbJ8lvW"",""total"":110000},{""productId"":""aok5I2XQHFg2m97mC387"",""hargaPerBox"":97000,""nama"":""SUNDAE STRAWBERRY"",""total"":97000,""qtyBox"":1,""isiPerBox"":24}]","NUR YONO","Order dari kunjungan:","540000"
"viofsWvUwpDvG1CyomFS","K1877","2025-10-06T02:10:25.404Z","UwdRliDTCsIK7mN3UplU","[{""productId"":""ETb42XTcLpBbcC1aLhcb"",""qtyBox"":1,""nama"":""CHOCOLATE CRISPY"",""isiPerBox"":30,""hargaPerBox"":117000,""total"":117000},{""total"":97500,""qtyBox"":1,""hargaPerBox"":97500,""nama"":""CHOCOMELT CONE"",""isiPerBox"":24,""productId"":""bIHGFn5MHtXpqVeM9enF""},{""productId"":""N8oPUfk4JcfNuyfZeRcM"",""qtyBox"":1,""total"":78000,""hargaPerBox"":78000,""nama"":""JERUK"",""isiPerBox"":50},{""qtyBox"":1,""productId"":""y44wV7EqlAwgQKUJj38O"",""nama"":""MILK MELON"",""total"":95000,""hargaPerBox"":95000,""isiPerBox"":40},{""hargaPerBox"":94500,""total"":94500,""nama"":""MOCHI KLEPON"",""productId"":""bo7uoDBVttrD7nfgPod8"",""isiPerBox"":40,""qtyBox"":1},{""nama"":""MOCHI MANGO"",""hargaPerBox"":94500,""productId"":""PnPJnogSXAiytWfTxQWM"",""isiPerBox"":40,""qtyBox"":1,""total"":94500},{""productId"":""Msk1v54GqR6gX6mqxqGS"",""isiPerBox"":50,""qtyBox"":1,""total"":77500,""nama"":""NANAS"",""hargaPerBox"":77500},{""qtyBox"":1,""productId"":""k7TnmqAqR1yAmsY042eK"",""nama"":""SEMANGKA"",""isiPerBox"":50,""hargaPerBox"":77500,""total"":77500},{""total"":97500,""productId"":""DoKWCzEByEeYXQFxFinE"",""nama"":""STRAWBERRY CONE"",""hargaPerBox"":97500,""isiPerBox"":24,""qtyBox"":1},{""hargaPerBox"":110000,""qtyBox"":1,""productId"":""4ZGi81slpOycqNbJ8lvW"",""isiPerBox"":40,""total"":110000,""nama"":""STRAWBERRY CRISPY""},{""qtyBox"":1,""productId"":""QLk1TKlyQAC1EHOPZ7M6"",""hargaPerBox"":97000,""nama"":""SUNDAE CHOCOLATE"",""isiPerBox"":24,""total"":97000},{""hargaPerBox"":97000,""nama"":""SUNDAE STRAWBERRY"",""productId"":""aok5I2XQHFg2m97mC387"",""isiPerBox"":24,""total"":97000,""qtyBox"":1}]","KANTOR PWI","","1133000"
"vj5uOpJWuNGjRRRJAGrO","K1121","2025-10-27T06:34:37.000Z","eLh6QEH4U1yPXyxJUerC","[{""isiPerBox"":40,""productId"":""jJ0aqMzW8XNZeKsXBWuQ"",""hargaPerBox"":92000,""nama"":""2 COLOR"",""qtyBox"":1,""total"":92000},{""total"":90500,""hargaPerBox"":90500,""nama"":""MANGO SLUSH"",""productId"":""xaB42zjrDkGuzdTP7tpO"",""qtyBox"":1,""isiPerBox"":30},{""hargaPerBox"":93500,""qtyBox"":1,""nama"":""MIKI-MIKI"",""total"":93500,""isiPerBox"":60,""productId"":""Uu5WSQZmqTLoXc9oxlUj""},{""nama"":""SUNDAE CHOCOLATE"",""hargaPerBox"":97000,""total"":97000,""productId"":""QLk1TKlyQAC1EHOPZ7M6"",""isiPerBox"":24,""qtyBox"":1},{""total"":96000,""nama"":""SWEET CORN"",""productId"":""bNkl5FX7SlWzgxLhu2Pw"",""hargaPerBox"":96000,""qtyBox"":1,""isiPerBox"":40},{""isiPerBox"":48,""total"":115200,""nama"":""VANILLA BERRY CONE"",""productId"":""Hzn6DvSXYxLmhtuekqkk"",""hargaPerBox"":115200,""qtyBox"":1}]","MUNAWAROH","Order dari kunjungan:","584200"
"voecC6j7E1139bYxeFpT","K1409","2025-10-11T08:52:03.880Z","Hfn7DH6eAWCVrAkmczwl","[{""qtyBox"":1,""isiPerBox"":40,""productId"":""sKjCtHbEsvTpBhbQOyHB"",""total"":124800,""hargaPerBox"":124800,""nama"":""FRUITY ROLL""},{""hargaPerBox"":96000,""nama"":""FRUIZY BLUEBERRY YOGURT"",""total"":96000,""qtyBox"":1,""isiPerBox"":40,""productId"":""iegvzVPz0yZbNTHzwcj3""},{""productId"":""N8oPUfk4JcfNuyfZeRcM"",""total"":78000,""hargaPerBox"":78000,""isiPerBox"":50,""nama"":""JERUK"",""qtyBox"":1},{""nama"":""NANAS"",""total"":77500,""qtyBox"":1,""hargaPerBox"":77500,""productId"":""Msk1v54GqR6gX6mqxqGS"",""isiPerBox"":50},{""productId"":""k7TnmqAqR1yAmsY042eK"",""nama"":""SEMANGKA"",""isiPerBox"":50,""qtyBox"":1,""total"":77500,""hargaPerBox"":77500},{""total"":96000,""isiPerBox"":40,""productId"":""bNkl5FX7SlWzgxLhu2Pw"",""qtyBox"":1,""hargaPerBox"":96000,""nama"":""SWEET CORN""}]","TOKO BINTANI MART","","549800"
"w64Kk1KURvPHd0rjIyeF","K1128","2025-10-27T06:05:33.759Z","4m6k3Lx6PkBmmkEOUFc1","[{""hargaPerBox"":92000,""isiPerBox"":40,""total"":92000,""qtyBox"":1,""nama"":""2 COLOR"",""productId"":""jJ0aqMzW8XNZeKsXBWuQ""},{""qtyBox"":1,""nama"":""CHOCO MALT"",""total"":80000,""hargaPerBox"":80000,""productId"":""NOHAYE89jzvVJFKZcLFB"",""isiPerBox"":50},{""total"":80000,""qtyBox"":1,""productId"":""KtjGECYEwOyqkWM0Iu4E"",""isiPerBox"":50,""nama"":""FRUIZY GRAPE"",""hargaPerBox"":80000},{""qtyBox"":1,""hargaPerBox"":93500,""nama"":""MIKI-MIKI"",""productId"":""Uu5WSQZmqTLoXc9oxlUj"",""total"":93500,""isiPerBox"":60},{""nama"":""VANILLA BERRY CONE"",""qtyBox"":1,""hargaPerBox"":115200,""total"":115200,""productId"":""Hzn6DvSXYxLmhtuekqkk"",""isiPerBox"":48}]","AISYA","Order dari kunjungan: ","460700"
"w8V5P8zjnJa08fYjGoJn","K0502","2025-10-23T17:00:00.000Z","prsjnt4eZWb4sKtsXAOd","[{""isiPerBox"":30,""total"":118500,""nama"":""CRISPY BALLS ORIGINAL"",""hargaPerBox"":118500,""productId"":""kaxtCMx6rMhQn9EbjJAw"",""qtyBox"":1},{""productId"":""sKjCtHbEsvTpBhbQOyHB"",""hargaPerBox"":124800,""qtyBox"":1,""isiPerBox"":40,""total"":124800,""nama"":""FRUITY ROLL""},{""total"":94500,""qtyBox"":1,""productId"":""PnPJnogSXAiytWfTxQWM"",""isiPerBox"":40,""nama"":""MOCHI MANGO"",""hargaPerBox"":94500},{""nama"":""SUNDAE CHOCOLATE"",""isiPerBox"":24,""productId"":""QLk1TKlyQAC1EHOPZ7M6"",""total"":97000,""qtyBox"":1,""hargaPerBox"":97000},{""total"":97000,""productId"":""aok5I2XQHFg2m97mC387"",""hargaPerBox"":97000,""isiPerBox"":24,""qtyBox"":1,""nama"":""SUNDAE STRAWBERRY""}]","DEWI","","531800"
"wQL4MH0vMg3qsZiDeRf3","K1916","2025-10-22T02:04:18.262Z","tdeA3VNFi7t8G3VWRUm6","[{""productId"":""bIHGFn5MHtXpqVeM9enF"",""nama"":""CHOCOMELT CONE"",""isiPerBox"":24,""qtyBox"":1,""hargaPerBox"":97500,""total"":97500},{""isiPerBox"":40,""nama"":""CRISPY BALLS COOKIS"",""productId"":""L0uQuYqgS8Q4smIuyRs4"",""hargaPerBox"":118500,""total"":118500,""qtyBox"":1},{""nama"":""FRUIZY GRAPE"",""total"":80000,""isiPerBox"":50,""hargaPerBox"":80000,""qtyBox"":1,""productId"":""KtjGECYEwOyqkWM0Iu4E""},{""hargaPerBox"":97000,""nama"":""SUNDAE STRAWBERRY"",""total"":97000,""qtyBox"":1,""isiPerBox"":24,""productId"":""aok5I2XQHFg2m97mC387""},{""nama"":""SWEET CORN"",""productId"":""bNkl5FX7SlWzgxLhu2Pw"",""total"":96000,""isiPerBox"":40,""hargaPerBox"":96000,""qtyBox"":1}]","TOKO SAUDARA","","489000"
"wseMkrdXSXP2Wi1tchpy","K1323","2025-10-27T04:36:39.817Z","R1Nb2wQKva33PYzOOokI","[{""total"":97500,""nama"":""CHOCOMELT CONE"",""isiPerBox"":24,""productId"":""bIHGFn5MHtXpqVeM9enF"",""hargaPerBox"":97500,""qtyBox"":1},{""total"":118500,""productId"":""L0uQuYqgS8Q4smIuyRs4"",""nama"":""CRISPY BALLS COOKIS"",""qtyBox"":1,""isiPerBox"":40,""hargaPerBox"":118500},{""hargaPerBox"":77500,""productId"":""k7TnmqAqR1yAmsY042eK"",""total"":77500,""nama"":""SEMANGKA"",""isiPerBox"":50,""qtyBox"":1},{""qtyBox"":1,""total"":97000,""hargaPerBox"":97000,""isiPerBox"":24,""nama"":""SUNDAE CHOCOLATE"",""productId"":""QLk1TKlyQAC1EHOPZ7M6""},{""nama"":""SWEET CORN"",""qtyBox"":1,""total"":96000,""hargaPerBox"":96000,""productId"":""bNkl5FX7SlWzgxLhu2Pw"",""isiPerBox"":40}]","TOKO PAK MUL","Order dari kunjungan: ","486500"
"x40fvTLUdOYPsr1mo7hU","K0375","2025-11-12T03:34:49.673Z","6XnHlhaup6RQesAHfOFv","[{""total"":80000,""qtyBox"":1,""nama"":""CHOCO MALT"",""isiPerBox"":50,""hargaPerBox"":80000,""productId"":""NOHAYE89jzvVJFKZcLFB""},{""productId"":""IDeDw8ay7rGfQANXeYLM"",""hargaPerBox"":97000,""qtyBox"":1,""total"":97000,""nama"":""CHOCOLATE STICK (BINGO)"",""isiPerBox"":50},{""total"":118500,""qtyBox"":1,""productId"":""kaxtCMx6rMhQn9EbjJAw"",""nama"":""CRISPY BALLS ORIGINAL"",""hargaPerBox"":118500,""isiPerBox"":30},{""total"":92500,""isiPerBox"":40,""hargaPerBox"":92500,""productId"":""xJbJEd4mYcSMcB4V4492"",""qtyBox"":1,""nama"":""MOCHI VANILLA""},{""productId"":""bNkl5FX7SlWzgxLhu2Pw"",""total"":96000,""qtyBox"":1,""nama"":""SWEET CORN"",""isiPerBox"":40,""hargaPerBox"":96000},{""total"":96500,""hargaPerBox"":96500,""nama"":""TARO CRISPY"",""isiPerBox"":40,""qtyBox"":1,""productId"":""U3qfJlCyL3zOiNLFUFkb""}]","AL-FALAH","Order dari kunjungan: ","580500"
"xFVcxQuysHlFa2UwXM9F","K1586","2025-10-01T05:36:09.319Z","Un8CXZKfqVE45zerIgis","[{""productId"":""bIHGFn5MHtXpqVeM9enF"",""qtyBox"":1,""hargaPerBox"":97500,""total"":97500,""nama"":""CHOCOMELT CONE"",""isiPerBox"":24},{""hargaPerBox"":118500,""productId"":""L0uQuYqgS8Q4smIuyRs4"",""qtyBox"":1,""isiPerBox"":40,""nama"":""CRISPY BALLS COOKIS"",""total"":118500},{""hargaPerBox"":118500,""productId"":""kaxtCMx6rMhQn9EbjJAw"",""total"":118500,""qtyBox"":1,""nama"":""CRISPY BALLS ORIGINAL"",""isiPerBox"":30},{""nama"":""FRUITY ROLL"",""qtyBox"":1,""total"":97000,""hargaPerBox"":97000,""productId"":""sKjCtHbEsvTpBhbQOyHB"",""isiPerBox"":40},{""nama"":""SWEET CORN"",""total"":96000,""qtyBox"":1,""productId"":""bNkl5FX7SlWzgxLhu2Pw"",""hargaPerBox"":96000,""isiPerBox"":40}]","TOKO WAHYUDI","","527500"
"xL800LfAy9Y6AKn0YLjU","K1409","2025-11-06T10:37:10.079Z","Hfn7DH6eAWCVrAkmczwl","[{""isiPerBox"":30,""hargaPerBox"":117000,""productId"":""ETb42XTcLpBbcC1aLhcb"",""total"":117000,""nama"":""CHOCOLATE CRISPY"",""qtyBox"":1},{""productId"":""Msk1v54GqR6gX6mqxqGS"",""hargaPerBox"":77500,""isiPerBox"":50,""total"":77500,""nama"":""NANAS"",""qtyBox"":1},{""total"":97500,""qtyBox"":1,""isiPerBox"":24,""hargaPerBox"":97500,""nama"":""STRAWBERRY CONE"",""productId"":""DoKWCzEByEeYXQFxFinE""},{""isiPerBox"":24,""qtyBox"":1,""nama"":""SUNDAE CHOCOLATE"",""productId"":""QLk1TKlyQAC1EHOPZ7M6"",""total"":97000,""hargaPerBox"":97000},{""isiPerBox"":40,""hargaPerBox"":96000,""productId"":""bNkl5FX7SlWzgxLhu2Pw"",""total"":96000,""qtyBox"":1,""nama"":""SWEET CORN""},{""productId"":""U3qfJlCyL3zOiNLFUFkb"",""hargaPerBox"":96500,""total"":96500,""isiPerBox"":40,""qtyBox"":1,""nama"":""TARO CRISPY""},{""nama"":""VANILLA BERRY CONE"",""isiPerBox"":48,""productId"":""Hzn6DvSXYxLmhtuekqkk"",""qtyBox"":1,""hargaPerBox"":115200,""total"":115200}]","TOKO BINTANI MART","","696700"
"xLV6DUmDSBPlgNNzigtb","K2014","2025-11-14T04:50:44.924Z","lNRFpK00n4trF3j94v5p","[{""nama"":""3 IN 1"",""total"":192000,""qtyBox"":1,""isiPerBox"":27,""hargaPerBox"":192000,""productId"":""F4qHZUhwkEnkGMWDyqIm""},{""qtyBox"":1,""nama"":""CHOCOMELT CONE"",""productId"":""bIHGFn5MHtXpqVeM9enF"",""hargaPerBox"":97500,""total"":97500,""isiPerBox"":24},{""total"":118500,""isiPerBox"":30,""hargaPerBox"":118500,""productId"":""L0uQuYqgS8Q4smIuyRs4"",""nama"":""CRISPY BALLS COOKIS"",""qtyBox"":1},{""productId"":""QLk1TKlyQAC1EHOPZ7M6"",""qtyBox"":1,""nama"":""SUNDAE CHOCOLATE"",""isiPerBox"":24,""total"":97000,""hargaPerBox"":97000},{""hargaPerBox"":97000,""productId"":""aok5I2XQHFg2m97mC387"",""isiPerBox"":24,""total"":97000,""qtyBox"":1,""nama"":""SUNDAE STRAWBERRY""}]","Toko Koss Mart","Order dari kunjungan: ","602000"
"xRUS62XgfroA4Vn8Wdyr","K1982","2025-10-04T04:42:48.424Z","rwANC5lfSRpAKV2HzJBj","[{""hargaPerBox"":117000,""isiPerBox"":30,""productId"":""ETb42XTcLpBbcC1aLhcb"",""total"":117000,""qtyBox"":1,""nama"":""CHOCOLATE CRISPY""},{""total"":110000,""productId"":""BaaVl0Oq2oHnOUy1Cfuw"",""qtyBox"":1,""nama"":""COFFE CRISPY"",""hargaPerBox"":110000,""isiPerBox"":40},{""productId"":""iegvzVPz0yZbNTHzwcj3"",""total"":96000,""nama"":""FRUIZY BLUEBERRY YOGURT"",""isiPerBox"":40,""hargaPerBox"":96000,""qtyBox"":1},{""productId"":""k7TnmqAqR1yAmsY042eK"",""qtyBox"":1,""hargaPerBox"":77500,""total"":77500,""isiPerBox"":50,""nama"":""SEMANGKA""},{""qtyBox"":1,""productId"":""4ZGi81slpOycqNbJ8lvW"",""hargaPerBox"":110000,""nama"":""STRAWBERRY CRISPY"",""isiPerBox"":40,""total"":110000},{""nama"":""SWEET CORN"",""isiPerBox"":40,""qtyBox"":1,""hargaPerBox"":96000,""productId"":""bNkl5FX7SlWzgxLhu2Pw"",""total"":96000}]","NUR YONO","","606500"
"xXIbF2zHS2HBXWpV2BXU","K1352","2025-10-20T06:59:17.018Z","OBIPITnGgdtvp0zkVSIL","[{""qtyBox"":1,""productId"":""NOHAYE89jzvVJFKZcLFB"",""nama"":""CHOCO MALT"",""total"":80000,""hargaPerBox"":80000,""isiPerBox"":50},{""qtyBox"":1,""productId"":""bIHGFn5MHtXpqVeM9enF"",""isiPerBox"":24,""total"":97500,""nama"":""CHOCOMELT CONE"",""hargaPerBox"":97500},{""total"":97000,""productId"":""QLk1TKlyQAC1EHOPZ7M6"",""hargaPerBox"":97000,""isiPerBox"":24,""qtyBox"":1,""nama"":""SUNDAE CHOCOLATE""},{""nama"":""SWEET CORN"",""productId"":""bNkl5FX7SlWzgxLhu2Pw"",""isiPerBox"":40,""qtyBox"":1,""total"":96000,""hargaPerBox"":96000},{""total"":96500,""nama"":""TARO CRISPY"",""productId"":""U3qfJlCyL3zOiNLFUFkb"",""isiPerBox"":40,""qtyBox"":1,""hargaPerBox"":96500}]","MUSTAQIM","Order dari kunjungan: ","467000"
"xglpUd8Zz3ba37KYRSnd","K1197","2025-10-29T04:56:24.000Z","hWaUvcWJzlPMr3hZZqH7","[{""qtyBox"":1,""nama"":""CHOCO MALT"",""isiPerBox"":50,""total"":80000,""hargaPerBox"":80000,""productId"":""NOHAYE89jzvVJFKZcLFB""},{""qtyBox"":1,""hargaPerBox"":93500,""isiPerBox"":60,""total"":93500,""productId"":""Uu5WSQZmqTLoXc9oxlUj"",""nama"":""MIKI-MIKI""},{""productId"":""R52hO3IOVzVI3PRqPmGP"",""total"":93500,""nama"":""MIKI-MIKI DOUBLE CHOCO"",""hargaPerBox"":93500,""qtyBox"":1,""isiPerBox"":60},{""qtyBox"":1,""hargaPerBox"":92500,""productId"":""czThQD5TNzChwlsAr7ds"",""isiPerBox"":40,""total"":92500,""nama"":""MOCHI BANANA""},{""total"":92500,""isiPerBox"":40,""hargaPerBox"":92500,""qtyBox"":1,""nama"":""MOCHI VANILLA"",""productId"":""xJbJEd4mYcSMcB4V4492""},{""hargaPerBox"":115200,""qtyBox"":1,""isiPerBox"":48,""nama"":""VANILLA BERRY CONE"",""total"":115200,""productId"":""Hzn6DvSXYxLmhtuekqkk""}]","LINAWATI SMU MUH 2","Order dari kunjungan:","567200"
"xjioBwtBEHoIdzEZUwpZ","K0532","2025-10-23T17:00:00.000Z","f2Z73egCvMj4PXs56DKE","[{""isiPerBox"":40,""qtyBox"":1,""hargaPerBox"":110000,""total"":110000,""productId"":""BaaVl0Oq2oHnOUy1Cfuw"",""nama"":""COFFE CRISPY""},{""productId"":""sKjCtHbEsvTpBhbQOyHB"",""total"":124800,""isiPerBox"":40,""hargaPerBox"":124800,""qtyBox"":1,""nama"":""FRUITY ROLL""},{""nama"":""MANGO SLUSH"",""qtyBox"":1,""hargaPerBox"":90500,""productId"":""xaB42zjrDkGuzdTP7tpO"",""isiPerBox"":30,""total"":90500},{""hargaPerBox"":93500,""isiPerBox"":60,""qtyBox"":1,""productId"":""Uu5WSQZmqTLoXc9oxlUj"",""nama"":""MIKI-MIKI"",""total"":93500},{""total"":92500,""nama"":""MOCHI VANILLA"",""productId"":""xJbJEd4mYcSMcB4V4492"",""isiPerBox"":40,""qtyBox"":1,""hargaPerBox"":92500},{""productId"":""Msk1v54GqR6gX6mqxqGS"",""nama"":""NANAS"",""qtyBox"":1,""hargaPerBox"":77500,""total"":77500,""isiPerBox"":50},{""total"":97500,""nama"":""STRAWBERRY CONE"",""qtyBox"":1,""productId"":""DoKWCzEByEeYXQFxFinE"",""hargaPerBox"":97500,""isiPerBox"":24},{""qtyBox"":1,""isiPerBox"":40,""productId"":""4ZGi81slpOycqNbJ8lvW"",""nama"":""STRAWBERRY CRISPY"",""hargaPerBox"":110000,""total"":110000},{""productId"":""QLk1TKlyQAC1EHOPZ7M6"",""qtyBox"":1,""isiPerBox"":24,""total"":97000,""hargaPerBox"":97000,""nama"":""SUNDAE CHOCOLATE""},{""isiPerBox"":40,""productId"":""bNkl5FX7SlWzgxLhu2Pw"",""nama"":""SWEET CORN"",""qtyBox"":1,""hargaPerBox"":96000,""total"":96000}]","ENDANG RISTIYOWATI","","989300"
"xvSzav0kRrkmgrn2BFhI","K0504","2025-10-23T17:00:00.000Z","97dQ3fc5oJLPHPNSZvPe","[{""productId"":""bIHGFn5MHtXpqVeM9enF"",""isiPerBox"":24,""hargaPerBox"":97500,""nama"":""CHOCOMELT CONE"",""qtyBox"":1,""total"":97500},{""hargaPerBox"":118500,""nama"":""CRISPY BALLS COOKIS"",""qtyBox"":1,""productId"":""L0uQuYqgS8Q4smIuyRs4"",""isiPerBox"":40,""total"":118500},{""nama"":""MIKI-MIKI DOUBLE CHOCO"",""isiPerBox"":60,""hargaPerBox"":93500,""qtyBox"":1,""productId"":""R52hO3IOVzVI3PRqPmGP"",""total"":93500},{""isiPerBox"":40,""productId"":""xJbJEd4mYcSMcB4V4492"",""nama"":""MOCHI VANILLA"",""qtyBox"":1,""hargaPerBox"":92500,""total"":92500},{""nama"":""SEMANGKA"",""hargaPerBox"":77500,""qtyBox"":1,""total"":77500,""productId"":""k7TnmqAqR1yAmsY042eK"",""isiPerBox"":50},{""productId"":""DoKWCzEByEeYXQFxFinE"",""qtyBox"":1,""nama"":""STRAWBERRY CONE"",""hargaPerBox"":97500,""total"":97500,""isiPerBox"":24},{""total"":97000,""hargaPerBox"":97000,""nama"":""SUNDAE CHOCOLATE"",""isiPerBox"":24,""productId"":""QLk1TKlyQAC1EHOPZ7M6"",""qtyBox"":1}]","SUMUK CELL","","674000"
"yqF3EXIOuLMj9DZ0VW92","K1118","2025-10-21T04:22:57.447Z","1pS2Vw8a9fu0UurNB4v7","[{""total"":97000,""qtyBox"":1,""nama"":""CHOCOLATE STICK"",""isiPerBox"":50,""hargaPerBox"":97000,""productId"":""IDeDw8ay7rGfQANXeYLM""},{""productId"":""bIHGFn5MHtXpqVeM9enF"",""total"":97500,""hargaPerBox"":97500,""qtyBox"":1,""nama"":""CHOCOMELT CONE"",""isiPerBox"":24},{""nama"":""MANGO SLUSH"",""productId"":""xaB42zjrDkGuzdTP7tpO"",""qtyBox"":1,""hargaPerBox"":90500,""total"":90500,""isiPerBox"":30},{""productId"":""y44wV7EqlAwgQKUJj38O"",""hargaPerBox"":95000,""total"":95000,""qtyBox"":1,""nama"":""MILK MELON"",""isiPerBox"":40},{""total"":97000,""productId"":""aok5I2XQHFg2m97mC387"",""hargaPerBox"":97000,""nama"":""SUNDAE STRAWBERRY"",""isiPerBox"":24,""qtyBox"":1},{""nama"":""SWEET CORN"",""qtyBox"":2,""productId"":""bNkl5FX7SlWzgxLhu2Pw"",""isiPerBox"":40,""total"":192000,""hargaPerBox"":96000}]","ILMA JAYA","Order dari kunjungan: ","669000"
"yxbhq1cEVgG5KDeb6Aqa","K1528","2025-10-08T07:23:07.083Z","uyiOKpYICdUeSfb42aOn","[{""total"":96000,""productId"":""iegvzVPz0yZbNTHzwcj3"",""qtyBox"":1,""isiPerBox"":40,""nama"":""FRUIZY BLUEBERRY YOGURT"",""hargaPerBox"":96000},{""qtyBox"":1,""nama"":""MIKI-MIKI"",""total"":93500,""isiPerBox"":60,""productId"":""Uu5WSQZmqTLoXc9oxlUj"",""hargaPerBox"":93500},{""productId"":""k7TnmqAqR1yAmsY042eK"",""hargaPerBox"":77500,""qtyBox"":1,""isiPerBox"":50,""nama"":""SEMANGKA"",""total"":77500},{""hargaPerBox"":110000,""total"":110000,""nama"":""STRAWBERRY CRISPY"",""qtyBox"":1,""productId"":""4ZGi81slpOycqNbJ8lvW"",""isiPerBox"":40},{""total"":97000,""qtyBox"":1,""hargaPerBox"":97000,""isiPerBox"":24,""nama"":""SUNDAE CHOCOLATE"",""productId"":""QLk1TKlyQAC1EHOPZ7M6""},{""isiPerBox"":40,""productId"":""bNkl5FX7SlWzgxLhu2Pw"",""hargaPerBox"":96000,""qtyBox"":1,""total"":96000,""nama"":""SWEET CORN""}]","TOKO SOCHIBATUL MUNAWAROH","","570000"
"yyxFcVz98Lvm8I4rn9aE","K1759","2025-10-17T03:12:52.677Z","dFJRnjEcCGZjVJ3vtZTF","[{""productId"":""L0uQuYqgS8Q4smIuyRs4"",""nama"":""CRISPY BALLS COOKIS"",""hargaPerBox"":118500,""total"":118500,""isiPerBox"":40,""qtyBox"":1},{""total"":90500,""isiPerBox"":30,""hargaPerBox"":90500,""nama"":""MANGO SLUSH"",""productId"":""xaB42zjrDkGuzdTP7tpO"",""qtyBox"":1},{""isiPerBox"":60,""qtyBox"":1,""productId"":""Uu5WSQZmqTLoXc9oxlUj"",""total"":93500,""nama"":""MIKI-MIKI"",""hargaPerBox"":93500},{""productId"":""R52hO3IOVzVI3PRqPmGP"",""isiPerBox"":60,""nama"":""MIKI-MIKI DOUBLE CHOCO"",""total"":93500,""hargaPerBox"":93500,""qtyBox"":1},{""qtyBox"":1,""nama"":""SEMANGKA"",""hargaPerBox"":77500,""total"":77500,""productId"":""k7TnmqAqR1yAmsY042eK"",""isiPerBox"":50},{""qtyBox"":1,""hargaPerBox"":96000,""isiPerBox"":40,""productId"":""bNkl5FX7SlWzgxLhu2Pw"",""nama"":""SWEET CORN"",""total"":96000},{""qtyBox"":1,""productId"":""U3qfJlCyL3zOiNLFUFkb"",""hargaPerBox"":96500,""nama"":""TARO CRISPY"",""total"":96500,""isiPerBox"":40}]","SD IT AL HUSNA 2","","666000"
"z0mHOrFyHBdrLu3KL1Dg","K2008","2025-11-12T08:43:32.000Z","gHbbLlkgBIfTYKv7O0G6","[{""nama"":""3 IN 1"",""productId"":""F4qHZUhwkEnkGMWDyqIm"",""isiPerBox"":27,""hargaPerBox"":192000,""qtyBox"":1,""total"":192000},{""nama"":""CHOCO MALT"",""hargaPerBox"":80000,""total"":80000,""isiPerBox"":50,""qtyBox"":1,""productId"":""NOHAYE89jzvVJFKZcLFB""},{""qtyBox"":1,""hargaPerBox"":117000,""productId"":""ETb42XTcLpBbcC1aLhcb"",""isiPerBox"":30,""total"":117000,""nama"":""CHOCOLATE CRISPY""},{""nama"":""CRISPY BALLS COOKIS"",""isiPerBox"":30,""hargaPerBox"":118500,""qtyBox"":1,""productId"":""L0uQuYqgS8Q4smIuyRs4"",""total"":118500},{""productId"":""xJbJEd4mYcSMcB4V4492"",""total"":92500,""hargaPerBox"":92500,""nama"":""MOCHI VANILLA"",""isiPerBox"":40,""qtyBox"":1},{""hargaPerBox"":97000,""nama"":""SUNDAE CHOCOLATE"",""total"":97000,""qtyBox"":1,""productId"":""QLk1TKlyQAC1EHOPZ7M6"",""isiPerBox"":24},{""productId"":""aok5I2XQHFg2m97mC387"",""total"":97000,""hargaPerBox"":97000,""qtyBox"":1,""nama"":""SUNDAE STRAWBERRY"",""isiPerBox"":24},{""total"":96000,""nama"":""SWEET CORN"",""isiPerBox"":40,""qtyBox"":1,""productId"":""bNkl5FX7SlWzgxLhu2Pw"",""hargaPerBox"":96000}]","TOSERBA JIWA MART","Order dari kunjungan: ","890000"
"zFOhRDEZW8SxBdheetpG","K1658","2025-10-23T17:00:00.000Z","aKeHRY72jQ8R7GmJIMNH","[{""isiPerBox"":50,""productId"":""NOHAYE89jzvVJFKZcLFB"",""hargaPerBox"":80000,""nama"":""CHOCO MALT"",""total"":80000,""qtyBox"":1},{""nama"":""CRISPY BALLS COOKIS"",""total"":118500,""hargaPerBox"":118500,""productId"":""L0uQuYqgS8Q4smIuyRs4"",""qtyBox"":1,""isiPerBox"":40},{""qtyBox"":1,""hargaPerBox"":78000,""isiPerBox"":50,""productId"":""N8oPUfk4JcfNuyfZeRcM"",""nama"":""JERUK"",""total"":78000},{""hargaPerBox"":96000,""total"":96000,""nama"":""SWEET CORN"",""qtyBox"":1,""isiPerBox"":40,""productId"":""bNkl5FX7SlWzgxLhu2Pw""},{""qtyBox"":1,""isiPerBox"":40,""hargaPerBox"":96500,""nama"":""TARO CRISPY"",""productId"":""U3qfJlCyL3zOiNLFUFkb"",""total"":96500}]","SD IT AL ANWAR","","469000"
"zTjeJh9PpeCFcjOshvXP","K2066","2025-10-13T01:08:42.243Z","WbtoNXx8lwUgS8s1ojLR","[{""nama"":""CHOCOMELT CONE"",""qtyBox"":1,""hargaPerBox"":97500,""isiPerBox"":24,""total"":97500,""productId"":""bIHGFn5MHtXpqVeM9enF""},{""nama"":""CRISPY BALLS COOKIS"",""total"":118500,""productId"":""L0uQuYqgS8Q4smIuyRs4"",""hargaPerBox"":118500,""isiPerBox"":40,""qtyBox"":1},{""qtyBox"":1,""total"":96500,""hargaPerBox"":96500,""nama"":""TARO CRISPY"",""isiPerBox"":40,""productId"":""U3qfJlCyL3zOiNLFUFkb""}]","BU ISTIANAH ( MTS URWATIL WATSQO )","","312500"
"zUmAFs00yWkE3EmGr9zi","K1658","2025-11-04T01:05:04.881Z","aKeHRY72jQ8R7GmJIMNH","[{""isiPerBox"":50,""qtyBox"":1,""hargaPerBox"":80000,""total"":80000,""productId"":""NOHAYE89jzvVJFKZcLFB"",""nama"":""CHOCO MALT""},{""qtyBox"":1,""isiPerBox"":40,""hargaPerBox"":118500,""productId"":""L0uQuYqgS8Q4smIuyRs4"",""nama"":""CRISPY BALLS COOKIS"",""total"":118500},{""total"":78000,""nama"":""JERUK"",""hargaPerBox"":78000,""isiPerBox"":50,""qtyBox"":1,""productId"":""N8oPUfk4JcfNuyfZeRcM""},{""total"":96000,""nama"":""SWEET CORN"",""hargaPerBox"":96000,""productId"":""bNkl5FX7SlWzgxLhu2Pw"",""qtyBox"":1,""isiPerBox"":40},{""qtyBox"":1,""total"":96500,""productId"":""U3qfJlCyL3zOiNLFUFkb"",""hargaPerBox"":96500,""isiPerBox"":40,""nama"":""TARO CRISPY""}]","SD IT AL ANWAR","","469000"
"zVRavJwAD6UsomXZTJpR","K1018","2025-10-16T07:20:18.290Z","QHP3VKx7Xl66YirpJdsY","[{""hargaPerBox"":117000,""qtyBox"":1,""isiPerBox"":30,""total"":117000,""productId"":""ETb42XTcLpBbcC1aLhcb"",""nama"":""CHOCOLATE CRISPY""},{""hargaPerBox"":97500,""nama"":""CHOCOMELT CONE"",""isiPerBox"":24,""qtyBox"":1,""productId"":""bIHGFn5MHtXpqVeM9enF"",""total"":97500},{""productId"":""N8oPUfk4JcfNuyfZeRcM"",""qtyBox"":1,""hargaPerBox"":78000,""isiPerBox"":50,""nama"":""JERUK"",""total"":78000},{""total"":110000,""qtyBox"":1,""productId"":""4ZGi81slpOycqNbJ8lvW"",""nama"":""STRAWBERRY CRISPY"",""isiPerBox"":40,""hargaPerBox"":110000},{""hargaPerBox"":97000,""nama"":""SUNDAE CHOCOLATE"",""isiPerBox"":24,""productId"":""QLk1TKlyQAC1EHOPZ7M6"",""total"":97000,""qtyBox"":1},{""nama"":""SUNDAE STRAWBERRY"",""hargaPerBox"":97000,""isiPerBox"":24,""total"":97000,""productId"":""aok5I2XQHFg2m97mC387"",""qtyBox"":1}]","YANI 2","Order dari kunjungan: ","596500"
"zarPi5jfBvBqm1a4Hpfe","K1409","2025-11-09T08:42:28.000Z","Hfn7DH6eAWCVrAkmczwl","[{""hargaPerBox"":78000,""isiPerBox"":50,""total"":78000,""productId"":""N8oPUfk4JcfNuyfZeRcM"",""nama"":""JERUK"",""qtyBox"":1},{""hargaPerBox"":93500,""nama"":""MIKI-MIKI"",""qtyBox"":1,""productId"":""Uu5WSQZmqTLoXc9oxlUj"",""total"":93500,""isiPerBox"":60},{""total"":93500,""nama"":""MIKI-MIKI DOUBLE CHOCO"",""hargaPerBox"":93500,""qtyBox"":1,""productId"":""R52hO3IOVzVI3PRqPmGP"",""isiPerBox"":60},{""isiPerBox"":40,""qtyBox"":1,""total"":92500,""productId"":""xJbJEd4mYcSMcB4V4492"",""nama"":""MOCHI VANILLA"",""hargaPerBox"":92500},{""isiPerBox"":24,""nama"":""SUNDAE STRAWBERRY"",""total"":97000,""qtyBox"":1,""hargaPerBox"":97000,""productId"":""aok5I2XQHFg2m97mC387""},{""productId"":""bNkl5FX7SlWzgxLhu2Pw"",""hargaPerBox"":96000,""qtyBox"":1,""isiPerBox"":40,""total"":96000,""nama"":""SWEET CORN""}]","TOKO BINTANI MART","","550500"
"zhKAOqDc2BKx3iHQ0oqa","K0502","2025-10-10T04:19:53.565Z","prsjnt4eZWb4sKtsXAOd","[{""qtyBox"":1,""hargaPerBox"":92000,""productId"":""jJ0aqMzW8XNZeKsXBWuQ"",""total"":92000,""isiPerBox"":40,""nama"":""2 COLOR""},{""hargaPerBox"":80000,""qtyBox"":1,""productId"":""NOHAYE89jzvVJFKZcLFB"",""total"":80000,""nama"":""CHOCO MALT"",""isiPerBox"":50},{""nama"":""CHOCOLATE CRISPY"",""productId"":""ETb42XTcLpBbcC1aLhcb"",""hargaPerBox"":117000,""total"":117000,""isiPerBox"":30,""qtyBox"":1},{""isiPerBox"":24,""productId"":""bIHGFn5MHtXpqVeM9enF"",""hargaPerBox"":97500,""total"":97500,""qtyBox"":1,""nama"":""CHOCOMELT CONE""},{""total"":110000,""isiPerBox"":40,""hargaPerBox"":110000,""productId"":""BaaVl0Oq2oHnOUy1Cfuw"",""qtyBox"":1,""nama"":""COFFE CRISPY""},{""total"":118500,""nama"":""CRISPY BALLS COOKIS"",""isiPerBox"":40,""qtyBox"":1,""productId"":""L0uQuYqgS8Q4smIuyRs4"",""hargaPerBox"":118500},{""total"":96000,""productId"":""iegvzVPz0yZbNTHzwcj3"",""nama"":""FRUIZY BLUEBERRY YOGURT"",""hargaPerBox"":96000,""isiPerBox"":40,""qtyBox"":1},{""total"":93500,""isiPerBox"":60,""qtyBox"":1,""hargaPerBox"":93500,""nama"":""MIKI-MIKI"",""productId"":""Uu5WSQZmqTLoXc9oxlUj""},{""productId"":""R52hO3IOVzVI3PRqPmGP"",""hargaPerBox"":93500,""qtyBox"":1,""total"":93500,""isiPerBox"":60,""nama"":""MIKI-MIKI DOUBLE CHOCO""},{""nama"":""MOCHI VANILLA"",""isiPerBox"":40,""total"":92500,""hargaPerBox"":92500,""qtyBox"":1,""productId"":""xJbJEd4mYcSMcB4V4492""},{""qtyBox"":1,""isiPerBox"":50,""total"":77500,""productId"":""Msk1v54GqR6gX6mqxqGS"",""hargaPerBox"":77500,""nama"":""NANAS""},{""total"":77500,""nama"":""SEMANGKA"",""hargaPerBox"":77500,""qtyBox"":1,""productId"":""k7TnmqAqR1yAmsY042eK"",""isiPerBox"":50},{""hargaPerBox"":97500,""nama"":""STRAWBERRY CONE"",""qtyBox"":1,""productId"":""DoKWCzEByEeYXQFxFinE"",""total"":97500,""isiPerBox"":24},{""hargaPerBox"":110000,""total"":110000,""isiPerBox"":40,""productId"":""4ZGi81slpOycqNbJ8lvW"",""nama"":""STRAWBERRY CRISPY"",""qtyBox"":1},{""nama"":""SUNDAE CHOCOLATE"",""isiPerBox"":24,""total"":97000,""hargaPerBox"":97000,""qtyBox"":1,""productId"":""QLk1TKlyQAC1EHOPZ7M6""},{""qtyBox"":1,""isiPerBox"":24,""hargaPerBox"":97000,""nama"":""SUNDAE STRAWBERRY"",""productId"":""aok5I2XQHFg2m97mC387"",""total"":97000},{""hargaPerBox"":96000,""total"":96000,""nama"":""SWEET CORN"",""isiPerBox"":40,""qtyBox"":1,""productId"":""bNkl5FX7SlWzgxLhu2Pw""},{""qtyBox"":1,""hargaPerBox"":96500,""isiPerBox"":40,""nama"":""TARO CRISPY"",""total"":96500,""productId"":""U3qfJlCyL3zOiNLFUFkb""}]","DEWI","Order dari kunjungan: ","1739500"
"zjtLPXeH4nFhyBCKnEmB","K1513","2025-10-15T08:01:30.070Z","X4G4Mm97geyTM8hWkcGe","[{""nama"":""CRISPY BALLS COOKIS"",""total"":118500,""hargaPerBox"":118500,""isiPerBox"":40,""qtyBox"":1,""productId"":""L0uQuYqgS8Q4smIuyRs4""},{""qtyBox"":1,""total"":124800,""nama"":""FRUITY ROLL"",""productId"":""sKjCtHbEsvTpBhbQOyHB"",""hargaPerBox"":124800,""isiPerBox"":40},{""isiPerBox"":50,""total"":77500,""qtyBox"":1,""productId"":""k7TnmqAqR1yAmsY042eK"",""nama"":""SEMANGKA"",""hargaPerBox"":77500}]","TOKO INDANAH","Order dari kunjungan: Event kardus : Free chocomalt 2 Box","320800"
"zy5tQS3r08pdizy64hQF","K1969","2025-10-26T17:00:00.000Z","IQtU1AxfLTPqglkim04O","[{""qtyBox"":1,""total"":80000,""isiPerBox"":50,""nama"":""CHOCO MALT"",""productId"":""NOHAYE89jzvVJFKZcLFB"",""hargaPerBox"":80000},{""hargaPerBox"":97500,""qtyBox"":1,""isiPerBox"":24,""productId"":""bIHGFn5MHtXpqVeM9enF"",""total"":97500,""nama"":""CHOCOMELT CONE""},{""hargaPerBox"":118500,""isiPerBox"":30,""qtyBox"":1,""nama"":""CRISPY BALLS ORIGINAL"",""total"":118500,""productId"":""kaxtCMx6rMhQn9EbjJAw""},{""hargaPerBox"":90500,""productId"":""xaB42zjrDkGuzdTP7tpO"",""nama"":""MANGO SLUSH"",""qtyBox"":1,""isiPerBox"":30,""total"":90500},{""qtyBox"":1,""total"":96000,""isiPerBox"":40,""hargaPerBox"":96000,""productId"":""bNkl5FX7SlWzgxLhu2Pw"",""nama"":""SWEET CORN""},{""nama"":""TARO CRISPY"",""qtyBox"":1,""hargaPerBox"":96500,""isiPerBox"":40,""total"":96500,""productId"":""U3qfJlCyL3zOiNLFUFkb""},{""qtyBox"":1,""total"":115200,""nama"":""VANILLA BERRY CONE"",""productId"":""Hzn6DvSXYxLmhtuekqkk"",""isiPerBox"":48,""hargaPerBox"":115200}]","TOKO ANUGERAH","Order dari kunjungan:","694200"