tokoId,tokoNama,kodeToko,catatan,createdAt,total,items,id
"9a4ca1b7-f882-40dc-b5e2-b6a2a3aa1bb5","TOKO ANUGERAH","K1969","Order dari kunjungan: ","2025-10-20T03:42:18.881Z","684800","[{""productId"":""4b126c6b-3c14-49dd-9ff4-f3dec8bc3662"",""nama"":""CRISPY BALLS COOKIS"",""hargaPerBox"":118500,""isiPerBox"":40,""qtyBox"":1,""total"":118500},{""productId"":""23736cae-26f2-4bb6-bfa5-1e9819418946"",""nama"":""FRUITY ROLL"",""hargaPerBox"":124800,""isiPerBox"":40,""qtyBox"":1,""total"":124800},{""productId"":""97c8c35f-40d8-49fe-8e66-d051ebafe3fb"",""nama"":""MIKI-MIKI DOUBLE CHOCO"",""hargaPerBox"":93500,""isiPerBox"":60,""qtyBox"":1,""total"":93500},{""productId"":""9aeec589-46a9-469d-80da-7d4b3b1a741b"",""nama"":""NANAS"",""hargaPerBox"":77500,""isiPerBox"":50,""qtyBox"":1,""total"":77500},{""productId"":""f9135088-2cf1-45ae-94b7-2dd4d6c54632"",""nama"":""SEMANGKA"",""hargaPerBox"":77500,""isiPerBox"":50,""qtyBox"":1,""total"":77500},{""productId"":""55cb8d5e-5852-4e6c-ae02-1a6a02f7ea29"",""nama"":""SUNDAE CHOCOLATE"",""hargaPerBox"":97000,""isiPerBox"":24,""qtyBox"":1,""total"":97000},{""productId"":""1441bc6d-2850-4d09-92ef-032b2b3ad3c0"",""nama"":""SWEET CORN"",""hargaPerBox"":96000,""isiPerBox"":40,""qtyBox"":1,""total"":96000}]","3baba424-4c5d-40d8-ae8a-a9d3c3b6da86"
"ed99e387-6f40-41f7-9f96-0fedaa963ad2","ENDANG SRI WAHYUNI","K1367","Order dari kunjungan: ","2025-10-08T05:20:33.310Z","511000","[{""productId"":""091c691a-b5a5-41d4-9a77-d70b2fb32811"",""nama"":""CHOCOMELT CONE"",""hargaPerBox"":97500,""isiPerBox"":24,""qtyBox"":1,""total"":97500},{""productId"":""19153282-2d60-4826-932a-c7c9a0a958b7"",""nama"":""COFFE CRISPY"",""hargaPerBox"":110000,""isiPerBox"":40,""qtyBox"":1,""total"":110000},{""productId"":""cd48792b-8ef3-4cba-be2d-3283481e7c59"",""nama"":""STRAWBERRY CONE"",""hargaPerBox"":97500,""isiPerBox"":24,""qtyBox"":1,""total"":97500},{""productId"":""b54e5a8a-a7b0-4f58-854e-151b9ac7b147"",""nama"":""STRAWBERRY CRISPY"",""hargaPerBox"":110000,""isiPerBox"":40,""qtyBox"":1,""total"":110000},{""productId"":""1441bc6d-2850-4d09-92ef-032b2b3ad3c0"",""nama"":""SWEET CORN"",""hargaPerBox"":96000,""isiPerBox"":40,""qtyBox"":1,""total"":96000}]","a24a0400-974f-4c4c-9db7-068f6c84a84a"
"de837004-998f-4d9d-9ceb-27c3277a4493","ALHUSNA MART","K0439","Order dari kunjungan:","2025-10-10T08:23:40.540Z","578500","[{""productId"":""cd50fc88-32b3-41d6-893e-7253faa8da9b"",""nama"":""3 IN 1"",""hargaPerBox"":192000,""isiPerBox"":27,""qtyBox"":1,""total"":192000},{""productId"":""02942549-9659-4352-804b-5a5665a1302a"",""nama"":""CHOCO MALT"",""hargaPerBox"":80000,""isiPerBox"":50,""qtyBox"":1,""total"":80000},{""productId"":""97bfb86b-50f3-4725-8ebc-a930107e1f3f"",""nama"":""CHOCOLATE CRISPY"",""hargaPerBox"":117000,""isiPerBox"":30,""qtyBox"":1,""total"":117000},{""productId"":""97c8c35f-40d8-49fe-8e66-d051ebafe3fb"",""nama"":""MIKI-MIKI DOUBLE CHOCO"",""hargaPerBox"":93500,""isiPerBox"":60,""qtyBox"":1,""total"":93500},{""productId"":""1441bc6d-2850-4d09-92ef-032b2b3ad3c0"",""nama"":""SWEET CORN"",""hargaPerBox"":96000,""isiPerBox"":40,""qtyBox"":1,""total"":96000}]","d5b7ea95-2d8c-4c8c-a879-d9d27926645e"
"9a4ca1b7-f882-40dc-b5e2-b6a2a3aa1bb5","TOKO ANUGERAH","K1969","Order dari kunjungan:","2025-10-13T03:20:16.214Z","459000","[{""productId"":""02942549-9659-4352-804b-5a5665a1302a"",""nama"":""CHOCO MALT"",""hargaPerBox"":80000,""isiPerBox"":50,""qtyBox"":1,""total"":80000},{""productId"":""adf3703f-33c4-4b26-b6eb-7e5731dbdb67"",""nama"":""MIKI-MIKI"",""hargaPerBox"":93500,""isiPerBox"":60,""qtyBox"":1,""total"":93500},{""productId"":""ce412f53-cbe1-4f99-a97f-994f9d4639fb"",""nama"":""MOCHI VANILLA"",""hargaPerBox"":92500,""isiPerBox"":40,""qtyBox"":1,""total"":92500},{""productId"":""e24cbe96-3587-437f-9a4a-36041590c16a"",""nama"":""SUNDAE STRAWBERRY"",""hargaPerBox"":97000,""isiPerBox"":24,""qtyBox"":1,""total"":97000},{""productId"":""1441bc6d-2850-4d09-92ef-032b2b3ad3c0"",""nama"":""SWEET CORN"",""hargaPerBox"":96000,""isiPerBox"":40,""qtyBox"":1,""total"":96000}]","27217b81-99a2-4f26-9d1b-1256fb7104ae"
"918a9f86-c4d7-44b1-b1b6-aad9ecec0c8f","TOKO SHERLY","K1500","","2025-10-22T06:17:45.087Z","477500","[{""productId"":""adf3703f-33c4-4b26-b6eb-7e5731dbdb67"",""nama"":""MIKI-MIKI"",""hargaPerBox"":93500,""isiPerBox"":60,""qtyBox"":1,""total"":93500},{""productId"":""97c8c35f-40d8-49fe-8e66-d051ebafe3fb"",""nama"":""MIKI-MIKI DOUBLE CHOCO"",""hargaPerBox"":93500,""isiPerBox"":60,""qtyBox"":1,""total"":93500},{""productId"":""cd48792b-8ef3-4cba-be2d-3283481e7c59"",""nama"":""STRAWBERRY CONE"",""hargaPerBox"":97500,""isiPerBox"":24,""qtyBox"":1,""total"":97500},{""productId"":""55cb8d5e-5852-4e6c-ae02-1a6a02f7ea29"",""nama"":""SUNDAE CHOCOLATE"",""hargaPerBox"":97000,""isiPerBox"":24,""qtyBox"":1,""total"":97000},{""productId"":""1441bc6d-2850-4d09-92ef-032b2b3ad3c0"",""nama"":""SWEET CORN"",""hargaPerBox"":96000,""isiPerBox"":40,""qtyBox"":1,""total"":96000}]","010a4a8a-b5e2-4329-b8ad-65b7b39e0621"
"3eef16cb-1655-4ead-8181-4014c71bd002","BERKAH SAFAR","K1482","Order dari kunjungan: ","2025-10-08T08:36:16.464Z","538000","[{""productId"":""091c691a-b5a5-41d4-9a77-d70b2fb32811"",""nama"":""CHOCOMELT CONE"",""hargaPerBox"":97500,""isiPerBox"":24,""qtyBox"":1,""total"":97500},{""productId"":""ce412f53-cbe1-4f99-a97f-994f9d4639fb"",""nama"":""MOCHI VANILLA"",""hargaPerBox"":92500,""isiPerBox"":40,""qtyBox"":1,""total"":92500},{""productId"":""9aeec589-46a9-469d-80da-7d4b3b1a741b"",""nama"":""NANAS"",""hargaPerBox"":77500,""isiPerBox"":50,""qtyBox"":1,""total"":77500},{""productId"":""f9135088-2cf1-45ae-94b7-2dd4d6c54632"",""nama"":""SEMANGKA"",""hargaPerBox"":77500,""isiPerBox"":50,""qtyBox"":1,""total"":77500},{""productId"":""e24cbe96-3587-437f-9a4a-36041590c16a"",""nama"":""SUNDAE STRAWBERRY"",""hargaPerBox"":97000,""isiPerBox"":24,""qtyBox"":1,""total"":97000},{""productId"":""1441bc6d-2850-4d09-92ef-032b2b3ad3c0"",""nama"":""SWEET CORN"",""hargaPerBox"":96000,""isiPerBox"":40,""qtyBox"":1,""total"":96000}]","942b73c4-9187-4e1d-9418-1ebb0494d725"
"c8d3ccec-3e62-494f-a218-f69af46dfc41","PP  ALHUSNA 2","-","","2025-11-13T05:26:28.423Z","1078500","[{""productId"":""19153282-2d60-4826-932a-c7c9a0a958b7"",""nama"":""COFFE CRISPY"",""hargaPerBox"":110000,""isiPerBox"":40,""qtyBox"":1,""total"":110000},{""productId"":""4b126c6b-3c14-49dd-9ff4-f3dec8bc3662"",""nama"":""CRISPY BALLS COOKIS"",""hargaPerBox"":118500,""isiPerBox"":30,""qtyBox"":1,""total"":118500},{""productId"":""813ea956-40e3-4408-bee3-acdb66980318"",""nama"":""FRUIZY BLUEBERRY YOGURT"",""hargaPerBox"":96000,""isiPerBox"":40,""qtyBox"":1,""total"":96000},{""productId"":""267ea0f8-db2a-4831-8eeb-35cbaae04604"",""nama"":""MANGO SLUSH"",""hargaPerBox"":90500,""isiPerBox"":30,""qtyBox"":1,""total"":90500},{""productId"":""adf3703f-33c4-4b26-b6eb-7e5731dbdb67"",""nama"":""MIKI-MIKI"",""hargaPerBox"":93500,""isiPerBox"":60,""qtyBox"":1,""total"":93500},{""productId"":""ce412f53-cbe1-4f99-a97f-994f9d4639fb"",""nama"":""MOCHI VANILLA"",""hargaPerBox"":92500,""isiPerBox"":40,""qtyBox"":1,""total"":92500},{""productId"":""f9135088-2cf1-45ae-94b7-2dd4d6c54632"",""nama"":""SEMANGKA"",""hargaPerBox"":77500,""isiPerBox"":50,""qtyBox"":1,""total"":77500},{""productId"":""b54e5a8a-a7b0-4f58-854e-151b9ac7b147"",""nama"":""STRAWBERRY CRISPY"",""hargaPerBox"":110000,""isiPerBox"":40,""qtyBox"":1,""total"":110000},{""productId"":""55cb8d5e-5852-4e6c-ae02-1a6a02f7ea29"",""nama"":""SUNDAE CHOCOLATE"",""hargaPerBox"":97000,""isiPerBox"":24,""qtyBox"":1,""total"":97000},{""productId"":""e24cbe96-3587-437f-9a4a-36041590c16a"",""nama"":""SUNDAE STRAWBERRY"",""hargaPerBox"":97000,""isiPerBox"":24,""qtyBox"":1,""total"":97000},{""productId"":""1441bc6d-2850-4d09-92ef-032b2b3ad3c0"",""nama"":""SWEET CORN"",""hargaPerBox"":96000,""isiPerBox"":40,""qtyBox"":1,""total"":96000}]","ab1fc27d-0af5-4e07-8a5b-2bd29349d329"
"1b2f93c6-34d6-48b6-bea9-0ad62463a02b","TOKO SAUDARA","K1916","","2025-10-15T04:32:22.000Z","444000","[{""productId"":""02942549-9659-4352-804b-5a5665a1302a"",""nama"":""CHOCO MALT"",""hargaPerBox"":80000,""isiPerBox"":50,""qtyBox"":1,""total"":80000},{""productId"":""adf3703f-33c4-4b26-b6eb-7e5731dbdb67"",""nama"":""MIKI-MIKI"",""hargaPerBox"":93500,""isiPerBox"":60,""qtyBox"":1,""total"":93500},{""productId"":""9aeec589-46a9-469d-80da-7d4b3b1a741b"",""nama"":""NANAS"",""hargaPerBox"":77500,""isiPerBox"":50,""qtyBox"":1,""total"":77500},{""productId"":""55cb8d5e-5852-4e6c-ae02-1a6a02f7ea29"",""nama"":""SUNDAE CHOCOLATE"",""hargaPerBox"":97000,""isiPerBox"":24,""qtyBox"":1,""total"":97000},{""productId"":""1441bc6d-2850-4d09-92ef-032b2b3ad3c0"",""nama"":""SWEET CORN"",""hargaPerBox"":96000,""isiPerBox"":40,""qtyBox"":1,""total"":96000}]","4eeb4d1f-a001-4589-98d7-113892fd2271"
"076fe413-eca6-4801-8b3a-5e60a504e06e","STICOM","K0511","Order dari kunjungan:","2025-10-10T04:33:29.674Z","672000","[{""productId"":""ff94f02b-8423-412b-84a7-90a4cdf95acd"",""nama"":""2 COLOR"",""hargaPerBox"":92000,""isiPerBox"":40,""qtyBox"":1,""total"":92000},{""productId"":""02942549-9659-4352-804b-5a5665a1302a"",""nama"":""CHOCO MALT"",""hargaPerBox"":80000,""isiPerBox"":50,""qtyBox"":1,""total"":80000},{""productId"":""19153282-2d60-4826-932a-c7c9a0a958b7"",""nama"":""COFFE CRISPY"",""hargaPerBox"":110000,""isiPerBox"":40,""qtyBox"":1,""total"":110000},{""productId"":""4b126c6b-3c14-49dd-9ff4-f3dec8bc3662"",""nama"":""CRISPY BALLS COOKIS"",""hargaPerBox"":118500,""isiPerBox"":40,""qtyBox"":1,""total"":118500},{""productId"":""f9135088-2cf1-45ae-94b7-2dd4d6c54632"",""nama"":""SEMANGKA"",""hargaPerBox"":77500,""isiPerBox"":50,""qtyBox"":1,""total"":77500},{""productId"":""55cb8d5e-5852-4e6c-ae02-1a6a02f7ea29"",""nama"":""SUNDAE CHOCOLATE"",""hargaPerBox"":97000,""isiPerBox"":24,""qtyBox"":1,""total"":97000},{""productId"":""e24cbe96-3587-437f-9a4a-36041590c16a"",""nama"":""SUNDAE STRAWBERRY"",""hargaPerBox"":97000,""isiPerBox"":24,""qtyBox"":1,""total"":97000}]","c8d19b37-0f95-4649-a0a7-82417d50389e"
"ec532f91-e89a-459a-b3f2-846d12fd1304","TRANSIT MART 2","K1534","","2025-10-20T01:46:41.707Z","855300","[{""productId"":""97bfb86b-50f3-4725-8ebc-a930107e1f3f"",""nama"":""CHOCOLATE CRISPY"",""hargaPerBox"":117000,""isiPerBox"":30,""qtyBox"":1,""total"":117000},{""productId"":""4b126c6b-3c14-49dd-9ff4-f3dec8bc3662"",""nama"":""CRISPY BALLS COOKIS"",""hargaPerBox"":118500,""isiPerBox"":40,""qtyBox"":1,""total"":118500},{""productId"":""23736cae-26f2-4bb6-bfa5-1e9819418946"",""nama"":""FRUITY ROLL"",""hargaPerBox"":124800,""isiPerBox"":40,""qtyBox"":1,""total"":124800},{""productId"":""8b377101-fe06-48f8-84f8-62c3ff2d94f4"",""nama"":""MILK MELON"",""hargaPerBox"":95000,""isiPerBox"":40,""qtyBox"":1,""total"":95000},{""productId"":""b54e5a8a-a7b0-4f58-854e-151b9ac7b147"",""nama"":""STRAWBERRY CRISPY"",""hargaPerBox"":110000,""isiPerBox"":40,""qtyBox"":1,""total"":110000},{""productId"":""55cb8d5e-5852-4e6c-ae02-1a6a02f7ea29"",""nama"":""SUNDAE CHOCOLATE"",""hargaPerBox"":97000,""isiPerBox"":24,""qtyBox"":1,""total"":97000},{""productId"":""e24cbe96-3587-437f-9a4a-36041590c16a"",""nama"":""SUNDAE STRAWBERRY"",""hargaPerBox"":97000,""isiPerBox"":24,""qtyBox"":1,""total"":97000},{""productId"":""1441bc6d-2850-4d09-92ef-032b2b3ad3c0"",""nama"":""SWEET CORN"",""hargaPerBox"":96000,""isiPerBox"":40,""qtyBox"":1,""total"":96000}]","690a3d59-24af-49cb-8ecc-ca6c6c370c3b"
"9bcbb48e-0211-483a-b795-18515c9f35e3","MADUN","K0373","","2025-10-28T07:40:05.000Z","789200","[{""productId"":""02942549-9659-4352-804b-5a5665a1302a"",""nama"":""CHOCO MALT"",""hargaPerBox"":80000,""isiPerBox"":50,""qtyBox"":1,""total"":80000},{""productId"":""978f2fba-a58a-4ead-b548-8fb64417b093"",""nama"":""CHOCOLATE STICK (BINGO)"",""hargaPerBox"":97000,""isiPerBox"":50,""qtyBox"":1,""total"":97000},{""productId"":""4b126c6b-3c14-49dd-9ff4-f3dec8bc3662"",""nama"":""CRISPY BALLS COOKIS"",""hargaPerBox"":118500,""isiPerBox"":40,""qtyBox"":1,""total"":118500},{""productId"":""1b10562d-5172-4528-a5fc-1f5c68630147"",""nama"":""MOCHI PEACH"",""hargaPerBox"":92500,""isiPerBox"":40,""qtyBox"":1,""total"":92500},{""productId"":""ce412f53-cbe1-4f99-a97f-994f9d4639fb"",""nama"":""MOCHI VANILLA"",""hargaPerBox"":92500,""isiPerBox"":40,""qtyBox"":1,""total"":92500},{""productId"":""55cb8d5e-5852-4e6c-ae02-1a6a02f7ea29"",""nama"":""SUNDAE CHOCOLATE"",""hargaPerBox"":97000,""isiPerBox"":24,""qtyBox"":1,""total"":97000},{""productId"":""49e0231e-af99-4110-9592-072d18ec59a0"",""nama"":""TARO CRISPY"",""hargaPerBox"":96500,""isiPerBox"":40,""qtyBox"":1,""total"":96500},{""productId"":""39defa48-f6f5-4088-8127-a832bf021ac8"",""nama"":""VANILLA BERRY CONE"",""hargaPerBox"":115200,""isiPerBox"":48,""qtyBox"":1,""total"":115200}]","5235d231-85fb-420e-87ec-c6eecc84e99d"
"335a016c-6258-4728-bb65-922bf554aeb8","KANTIN SMA AL HIKMAH","K0525","Order dari kunjungan: ","2025-10-23T03:00:02.107Z","496000","[{""productId"":""813ea956-40e3-4408-bee3-acdb66980318"",""nama"":""FRUIZY BLUEBERRY YOGURT"",""hargaPerBox"":96000,""isiPerBox"":40,""qtyBox"":1,""total"":96000},{""productId"":""b54e5a8a-a7b0-4f58-854e-151b9ac7b147"",""nama"":""STRAWBERRY CRISPY"",""hargaPerBox"":110000,""isiPerBox"":40,""qtyBox"":1,""total"":110000},{""productId"":""55cb8d5e-5852-4e6c-ae02-1a6a02f7ea29"",""nama"":""SUNDAE CHOCOLATE"",""hargaPerBox"":97000,""isiPerBox"":24,""qtyBox"":1,""total"":97000},{""productId"":""e24cbe96-3587-437f-9a4a-36041590c16a"",""nama"":""SUNDAE STRAWBERRY"",""hargaPerBox"":97000,""isiPerBox"":24,""qtyBox"":1,""total"":97000},{""productId"":""1441bc6d-2850-4d09-92ef-032b2b3ad3c0"",""nama"":""SWEET CORN"",""hargaPerBox"":96000,""isiPerBox"":40,""qtyBox"":1,""total"":96000}]","b6157832-f1ca-4f64-ab27-c1535b7d332d"
"4c4cb1e2-7e9f-45b2-97e8-4f1de565ca6e","SD IT AL HUSNA PELEMKEREP","K1656","Order dari kunjungan: ","2025-11-01T03:12:35.111Z","836500","[{""productId"":""02942549-9659-4352-804b-5a5665a1302a"",""nama"":""CHOCO MALT"",""hargaPerBox"":80000,""isiPerBox"":50,""qtyBox"":1,""total"":80000},{""productId"":""978f2fba-a58a-4ead-b548-8fb64417b093"",""nama"":""CHOCOLATE STICK (BINGO)"",""hargaPerBox"":97000,""isiPerBox"":50,""qtyBox"":1,""total"":97000},{""productId"":""421a7ad7-a36a-4882-b7fc-18004318e776"",""nama"":""CRISPY BALLS ORIGINAL"",""hargaPerBox"":118500,""isiPerBox"":30,""qtyBox"":1,""total"":118500},{""productId"":""23736cae-26f2-4bb6-bfa5-1e9819418946"",""nama"":""FRUITY ROLL"",""hargaPerBox"":124800,""isiPerBox"":40,""qtyBox"":1,""total"":124800},{""productId"":""8b377101-fe06-48f8-84f8-62c3ff2d94f4"",""nama"":""MILK MELON"",""hargaPerBox"":95000,""isiPerBox"":40,""qtyBox"":1,""total"":95000},{""productId"":""b54e5a8a-a7b0-4f58-854e-151b9ac7b147"",""nama"":""STRAWBERRY CRISPY"",""hargaPerBox"":110000,""isiPerBox"":40,""qtyBox"":1,""total"":110000},{""productId"":""1441bc6d-2850-4d09-92ef-032b2b3ad3c0"",""nama"":""SWEET CORN"",""hargaPerBox"":96000,""isiPerBox"":40,""qtyBox"":1,""total"":96000},{""productId"":""39defa48-f6f5-4088-8127-a832bf021ac8"",""nama"":""VANILLA BERRY CONE"",""hargaPerBox"":115200,""isiPerBox"":48,""qtyBox"":1,""total"":115200}]","6caa1fd3-ac61-4ab5-91b4-14b753f55a96"
"899f4979-f37e-45a1-a867-04c21c04fe75","TOKO VIANA","K1911","Order dari kunjungan:","2025-10-08T04:52:41.964Z","446500","[{""productId"":""02942549-9659-4352-804b-5a5665a1302a"",""nama"":""CHOCO MALT"",""hargaPerBox"":80000,""isiPerBox"":50,""qtyBox"":1,""total"":80000},{""productId"":""978f2fba-a58a-4ead-b548-8fb64417b093"",""nama"":""CHOCOLATE STICK"",""hargaPerBox"":97000,""isiPerBox"":50,""qtyBox"":1,""total"":97000},{""productId"":""344b79cf-a037-4561-ba42-50626465dc90"",""nama"":""FRUIZY GRAPE"",""hargaPerBox"":80000,""isiPerBox"":50,""qtyBox"":1,""total"":80000},{""productId"":""adf3703f-33c4-4b26-b6eb-7e5731dbdb67"",""nama"":""MIKI-MIKI"",""hargaPerBox"":93500,""isiPerBox"":60,""qtyBox"":1,""total"":93500},{""productId"":""1441bc6d-2850-4d09-92ef-032b2b3ad3c0"",""nama"":""SWEET CORN"",""hargaPerBox"":96000,""isiPerBox"":40,""qtyBox"":1,""total"":96000}]","e5041901-6619-4187-baf5-cb9df2c7238f"
"6eec6ca7-9c50-4869-aee5-594f3bfe1588","ALIYA CELL","K0721","","2025-10-04T08:07:39.371Z","484500","[{""hargaPerBox"":97500,""nama"":""CHOCOMELT CONE"",""isiPerBox"":24,""qtyBox"":1,""productId"":""091c691a-b5a5-41d4-9a77-d70b2fb32811"",""total"":97500},{""isiPerBox"":30,""productId"":""421a7ad7-a36a-4882-b7fc-18004318e776"",""nama"":""CRISPY BALLS ORIGINAL"",""hargaPerBox"":118500,""qtyBox"":1,""total"":118500},{""isiPerBox"":50,""nama"":""JERUK"",""hargaPerBox"":78000,""productId"":""0e3a07fb-d3a0-48fc-8209-d3d3649b292f"",""total"":78000,""qtyBox"":1},{""total"":93500,""isiPerBox"":60,""productId"":""97c8c35f-40d8-49fe-8e66-d051ebafe3fb"",""nama"":""MIKI-MIKI DOUBLE CHOCO"",""qtyBox"":1,""hargaPerBox"":93500},{""hargaPerBox"":97000,""isiPerBox"":24,""productId"":""e24cbe96-3587-437f-9a4a-36041590c16a"",""nama"":""SUNDAE STRAWBERRY"",""qtyBox"":1,""total"":97000}]","053cb224-13d8-40ef-a6eb-e8ad0bc7e124"
"447595c6-2025-4419-a012-8d94be89e4bc","TOSERBA JIWA MART","K2008","Order dari kunjungan: ","2025-10-07T08:15:14.478Z","633000","[{""productId"":""97bfb86b-50f3-4725-8ebc-a930107e1f3f"",""nama"":""CHOCOLATE CRISPY"",""hargaPerBox"":117000,""isiPerBox"":30,""qtyBox"":1,""total"":117000},{""productId"":""19153282-2d60-4826-932a-c7c9a0a958b7"",""nama"":""COFFE CRISPY"",""hargaPerBox"":110000,""isiPerBox"":40,""qtyBox"":1,""total"":110000},{""productId"":""4b126c6b-3c14-49dd-9ff4-f3dec8bc3662"",""nama"":""CRISPY BALLS COOKIS"",""hargaPerBox"":118500,""isiPerBox"":40,""qtyBox"":1,""total"":118500},{""productId"":""813ea956-40e3-4408-bee3-acdb66980318"",""nama"":""FRUIZY BLUEBERRY YOGURT"",""hargaPerBox"":96000,""isiPerBox"":40,""qtyBox"":1,""total"":96000},{""productId"":""c64f588e-f38a-463e-be49-d005ce119adc"",""nama"":""MOCHI MANGO"",""hargaPerBox"":94500,""isiPerBox"":40,""qtyBox"":1,""total"":94500},{""productId"":""e24cbe96-3587-437f-9a4a-36041590c16a"",""nama"":""SUNDAE STRAWBERRY"",""hargaPerBox"":97000,""isiPerBox"":24,""qtyBox"":1,""total"":97000}]","06238b7a-bfa8-4861-bd88-18c490229df2"
"447595c6-2025-4419-a012-8d94be89e4bc","TOSERBA JIWA MART","K2008","Order dari kunjungan:","2025-10-21T07:58:00.328Z","603500","[{""productId"":""421a7ad7-a36a-4882-b7fc-18004318e776"",""nama"":""CRISPY BALLS ORIGINAL"",""hargaPerBox"":118500,""isiPerBox"":30,""qtyBox"":1,""total"":118500},{""productId"":""267ea0f8-db2a-4831-8eeb-35cbaae04604"",""nama"":""MANGO SLUSH"",""hargaPerBox"":90500,""isiPerBox"":30,""qtyBox"":1,""total"":90500},{""productId"":""8b377101-fe06-48f8-84f8-62c3ff2d94f4"",""nama"":""MILK MELON"",""hargaPerBox"":95000,""isiPerBox"":40,""qtyBox"":1,""total"":95000},{""productId"":""1b10562d-5172-4528-a5fc-1f5c68630147"",""nama"":""MOCHI PEACH"",""hargaPerBox"":92500,""isiPerBox"":40,""qtyBox"":1,""total"":92500},{""productId"":""b54e5a8a-a7b0-4f58-854e-151b9ac7b147"",""nama"":""STRAWBERRY CRISPY"",""hargaPerBox"":110000,""isiPerBox"":40,""qtyBox"":1,""total"":110000},{""productId"":""55cb8d5e-5852-4e6c-ae02-1a6a02f7ea29"",""nama"":""SUNDAE CHOCOLATE"",""hargaPerBox"":97000,""isiPerBox"":24,""qtyBox"":1,""total"":97000}]","ef4b99c5-1f5b-44b6-b3d5-bd30d6f1b45d"
"4eb562d0-9280-4e70-92ea-ccff2b2e6623","ULFA KHASANAH","K1127","","2025-09-30T17:00:00.000Z","269500","[{""productId"":""02942549-9659-4352-804b-5a5665a1302a"",""nama"":""CHOCO MALT"",""hargaPerBox"":80000,""isiPerBox"":50,""qtyBox"":1,""total"":80000},{""productId"":""97c8c35f-40d8-49fe-8e66-d051ebafe3fb"",""nama"":""MIKI-MIKI DOUBLE CHOCO"",""hargaPerBox"":93500,""isiPerBox"":60,""qtyBox"":1,""total"":93500},{""productId"":""1441bc6d-2850-4d09-92ef-032b2b3ad3c0"",""nama"":""SWEET CORN"",""hargaPerBox"":96000,""isiPerBox"":40,""qtyBox"":1,""total"":96000}]","c43e8958-4a52-4ed7-996b-4d1780a9c64f"
"86c5013d-3fb3-4968-9d6f-a4c6ac3e34bd","ELLA 2 KANTIN MTS BALEKAMBANG","K0391","","2025-10-27T01:34:17.336Z","597500","[{""productId"":""19153282-2d60-4826-932a-c7c9a0a958b7"",""nama"":""COFFE CRISPY"",""hargaPerBox"":110000,""isiPerBox"":40,""qtyBox"":1,""total"":110000},{""productId"":""813ea956-40e3-4408-bee3-acdb66980318"",""nama"":""FRUIZY BLUEBERRY YOGURT"",""hargaPerBox"":96000,""isiPerBox"":40,""qtyBox"":1,""total"":96000},{""productId"":""267ea0f8-db2a-4831-8eeb-35cbaae04604"",""nama"":""MANGO SLUSH"",""hargaPerBox"":90500,""isiPerBox"":30,""qtyBox"":1,""total"":90500},{""productId"":""8b377101-fe06-48f8-84f8-62c3ff2d94f4"",""nama"":""MILK MELON"",""hargaPerBox"":95000,""isiPerBox"":40,""qtyBox"":1,""total"":95000},{""productId"":""b54e5a8a-a7b0-4f58-854e-151b9ac7b147"",""nama"":""STRAWBERRY CRISPY"",""hargaPerBox"":110000,""isiPerBox"":40,""qtyBox"":1,""total"":110000},{""productId"":""1441bc6d-2850-4d09-92ef-032b2b3ad3c0"",""nama"":""SWEET CORN"",""hargaPerBox"":96000,""isiPerBox"":40,""qtyBox"":1,""total"":96000}]","63926732-17cf-45c0-af41-07dd2ff1a07c"
"9bcbb48e-0211-483a-b795-18515c9f35e3","MADUN","K0373","","2025-10-21T00:10:38.960Z","638500","[{""productId"":""ff94f02b-8423-412b-84a7-90a4cdf95acd"",""nama"":""2 COLOR"",""hargaPerBox"":92000,""isiPerBox"":40,""qtyBox"":1,""total"":92000},{""productId"":""adf3703f-33c4-4b26-b6eb-7e5731dbdb67"",""nama"":""MIKI-MIKI"",""hargaPerBox"":93500,""isiPerBox"":60,""qtyBox"":2,""total"":187000},{""productId"":""97c8c35f-40d8-49fe-8e66-d051ebafe3fb"",""nama"":""MIKI-MIKI DOUBLE CHOCO"",""hargaPerBox"":93500,""isiPerBox"":60,""qtyBox"":1,""total"":93500},{""productId"":""1b10562d-5172-4528-a5fc-1f5c68630147"",""nama"":""MOCHI PEACH"",""hargaPerBox"":92500,""isiPerBox"":40,""qtyBox"":1,""total"":92500},{""productId"":""f9135088-2cf1-45ae-94b7-2dd4d6c54632"",""nama"":""SEMANGKA"",""hargaPerBox"":77500,""isiPerBox"":50,""qtyBox"":1,""total"":77500},{""productId"":""1441bc6d-2850-4d09-92ef-032b2b3ad3c0"",""nama"":""SWEET CORN"",""hargaPerBox"":96000,""isiPerBox"":40,""qtyBox"":1,""total"":96000}]","feaeac1f-f7cb-4a50-bc52-59ee84dbc1eb"
"3ff0830c-2f2f-45e4-9566-8fe33eb7c93f","SUKATI","K0467","Order dari kunjungan:","2025-10-30T04:32:37.000Z","918700","[{""productId"":""ff94f02b-8423-412b-84a7-90a4cdf95acd"",""nama"":""2 COLOR"",""hargaPerBox"":92000,""isiPerBox"":40,""qtyBox"":1,""total"":92000},{""productId"":""02942549-9659-4352-804b-5a5665a1302a"",""nama"":""CHOCO MALT"",""hargaPerBox"":80000,""isiPerBox"":50,""qtyBox"":1,""total"":80000},{""productId"":""978f2fba-a58a-4ead-b548-8fb64417b093"",""nama"":""CHOCOLATE STICK (BINGO)"",""hargaPerBox"":97000,""isiPerBox"":50,""qtyBox"":1,""total"":97000},{""productId"":""c64f588e-f38a-463e-be49-d005ce119adc"",""nama"":""MOCHI MANGO"",""hargaPerBox"":94500,""isiPerBox"":40,""qtyBox"":1,""total"":94500},{""productId"":""ce412f53-cbe1-4f99-a97f-994f9d4639fb"",""nama"":""MOCHI VANILLA"",""hargaPerBox"":92500,""isiPerBox"":40,""qtyBox"":1,""total"":92500},{""productId"":""9aeec589-46a9-469d-80da-7d4b3b1a741b"",""nama"":""NANAS"",""hargaPerBox"":77500,""isiPerBox"":50,""qtyBox"":1,""total"":77500},{""productId"":""f9135088-2cf1-45ae-94b7-2dd4d6c54632"",""nama"":""SEMANGKA"",""hargaPerBox"":77500,""isiPerBox"":50,""qtyBox"":1,""total"":77500},{""productId"":""1441bc6d-2850-4d09-92ef-032b2b3ad3c0"",""nama"":""SWEET CORN"",""hargaPerBox"":96000,""isiPerBox"":40,""qtyBox"":1,""total"":96000},{""productId"":""49e0231e-af99-4110-9592-072d18ec59a0"",""nama"":""TARO CRISPY"",""hargaPerBox"":96500,""isiPerBox"":40,""qtyBox"":1,""total"":96500},{""productId"":""39defa48-f6f5-4088-8127-a832bf021ac8"",""nama"":""VANILLA BERRY CONE"",""hargaPerBox"":115200,""isiPerBox"":48,""qtyBox"":1,""total"":115200}]","ee274122-ad40-4cda-85bb-347fc96a4307"
"4e30038c-8dae-43aa-99c9-ed8e324c2bdf","NUR YONO","K1982","","2025-10-25T04:21:12.849Z","507500","[{""productId"":""091c691a-b5a5-41d4-9a77-d70b2fb32811"",""nama"":""CHOCOMELT CONE"",""hargaPerBox"":97500,""isiPerBox"":24,""qtyBox"":2,""total"":195000},{""productId"":""4b126c6b-3c14-49dd-9ff4-f3dec8bc3662"",""nama"":""CRISPY BALLS COOKIS"",""hargaPerBox"":118500,""isiPerBox"":40,""qtyBox"":1,""total"":118500},{""productId"":""cd48792b-8ef3-4cba-be2d-3283481e7c59"",""nama"":""STRAWBERRY CONE"",""hargaPerBox"":97500,""isiPerBox"":24,""qtyBox"":1,""total"":97500},{""productId"":""49e0231e-af99-4110-9592-072d18ec59a0"",""nama"":""TARO CRISPY"",""hargaPerBox"":96500,""isiPerBox"":40,""qtyBox"":1,""total"":96500}]","bc8a2914-b07d-465e-ba15-0c88b10d3f19"
"899f4979-f37e-45a1-a867-04c21c04fe75","TOKO VIANA","K1911","","2025-11-18T03:06:48.000Z","812200","[{""productId"":""cd50fc88-32b3-41d6-893e-7253faa8da9b"",""nama"":""3 IN 1"",""hargaPerBox"":192000,""isiPerBox"":27,""qtyBox"":1,""total"":192000},{""productId"":""4b126c6b-3c14-49dd-9ff4-f3dec8bc3662"",""nama"":""CRISPY BALLS COOKIS"",""hargaPerBox"":118500,""isiPerBox"":30,""qtyBox"":2,""total"":237000},{""productId"":""97c8c35f-40d8-49fe-8e66-d051ebafe3fb"",""nama"":""MIKI-MIKI DOUBLE CHOCO"",""hargaPerBox"":93500,""isiPerBox"":60,""qtyBox"":1,""total"":93500},{""productId"":""f9135088-2cf1-45ae-94b7-2dd4d6c54632"",""nama"":""SEMANGKA"",""hargaPerBox"":77500,""isiPerBox"":50,""qtyBox"":1,""total"":77500},{""productId"":""55cb8d5e-5852-4e6c-ae02-1a6a02f7ea29"",""nama"":""SUNDAE CHOCOLATE"",""hargaPerBox"":97000,""isiPerBox"":24,""qtyBox"":1,""total"":97000},{""productId"":""39defa48-f6f5-4088-8127-a832bf021ac8"",""nama"":""VANILLA BERRY CONE"",""hargaPerBox"":115200,""isiPerBox"":48,""qtyBox"":1,""total"":115200}]","70a5c653-12e2-4413-9143-1765435fda97"
"daa3d0ec-8c44-4fe3-b6c1-10f0824b066b","MBAK YUYUN","K0379","","2025-11-06T02:08:26.077Z","487000","[{""productId"":""02942549-9659-4352-804b-5a5665a1302a"",""nama"":""CHOCO MALT"",""hargaPerBox"":80000,""isiPerBox"":50,""qtyBox"":1,""total"":80000},{""productId"":""97bfb86b-50f3-4725-8ebc-a930107e1f3f"",""nama"":""CHOCOLATE CRISPY"",""hargaPerBox"":117000,""isiPerBox"":30,""qtyBox"":1,""total"":117000},{""productId"":""55cb8d5e-5852-4e6c-ae02-1a6a02f7ea29"",""nama"":""SUNDAE CHOCOLATE"",""hargaPerBox"":97000,""isiPerBox"":24,""qtyBox"":2,""total"":194000},{""productId"":""1441bc6d-2850-4d09-92ef-032b2b3ad3c0"",""nama"":""SWEET CORN"",""hargaPerBox"":96000,""isiPerBox"":40,""qtyBox"":1,""total"":96000}]","0dbd3ed4-3751-45f6-ba50-2d0261def86f"
"33f35fd3-2788-46bd-b710-1f18130ac326","WAKHIDATUS SHOLEKHAH","K1923","","2025-10-10T10:35:53.443Z","675000","[{""productId"":""cd50fc88-32b3-41d6-893e-7253faa8da9b"",""nama"":""3 IN 1"",""hargaPerBox"":192000,""isiPerBox"":27,""qtyBox"":1,""total"":192000},{""productId"":""02942549-9659-4352-804b-5a5665a1302a"",""nama"":""CHOCO MALT"",""hargaPerBox"":80000,""isiPerBox"":50,""qtyBox"":1,""total"":80000},{""productId"":""421a7ad7-a36a-4882-b7fc-18004318e776"",""nama"":""CRISPY BALLS ORIGINAL"",""hargaPerBox"":118500,""isiPerBox"":30,""qtyBox"":1,""total"":118500},{""productId"":""f9135088-2cf1-45ae-94b7-2dd4d6c54632"",""nama"":""SEMANGKA"",""hargaPerBox"":77500,""isiPerBox"":50,""qtyBox"":1,""total"":77500},{""productId"":""b54e5a8a-a7b0-4f58-854e-151b9ac7b147"",""nama"":""STRAWBERRY CRISPY"",""hargaPerBox"":110000,""isiPerBox"":40,""qtyBox"":1,""total"":110000},{""productId"":""55cb8d5e-5852-4e6c-ae02-1a6a02f7ea29"",""nama"":""SUNDAE CHOCOLATE"",""hargaPerBox"":97000,""isiPerBox"":24,""qtyBox"":1,""total"":97000}]","6a73d5e8-5886-4191-bc5a-ca03bcfb3536"
"da15329b-3086-48c9-a819-e7164ef6fbc4","TOKO IBU AMIN","K0503","","2025-11-16T02:38:57.000Z","1549000","[{""productId"":""cd50fc88-32b3-41d6-893e-7253faa8da9b"",""nama"":""3 IN 1"",""hargaPerBox"":192000,""isiPerBox"":27,""qtyBox"":1,""total"":192000},{""productId"":""02942549-9659-4352-804b-5a5665a1302a"",""nama"":""CHOCO MALT"",""hargaPerBox"":80000,""isiPerBox"":50,""qtyBox"":1,""total"":80000},{""productId"":""97bfb86b-50f3-4725-8ebc-a930107e1f3f"",""nama"":""CHOCOLATE CRISPY"",""hargaPerBox"":117000,""isiPerBox"":30,""qtyBox"":1,""total"":117000},{""productId"":""091c691a-b5a5-41d4-9a77-d70b2fb32811"",""nama"":""CHOCOMELT CONE"",""hargaPerBox"":97500,""isiPerBox"":24,""qtyBox"":1,""total"":97500},{""productId"":""19153282-2d60-4826-932a-c7c9a0a958b7"",""nama"":""COFFE CRISPY"",""hargaPerBox"":110000,""isiPerBox"":40,""qtyBox"":1,""total"":110000},{""productId"":""813ea956-40e3-4408-bee3-acdb66980318"",""nama"":""FRUIZY BLUEBERRY YOGURT"",""hargaPerBox"":96000,""isiPerBox"":40,""qtyBox"":1,""total"":96000},{""productId"":""267ea0f8-db2a-4831-8eeb-35cbaae04604"",""nama"":""MANGO SLUSH"",""hargaPerBox"":90500,""isiPerBox"":30,""qtyBox"":1,""total"":90500},{""productId"":""97c8c35f-40d8-49fe-8e66-d051ebafe3fb"",""nama"":""MIKI-MIKI DOUBLE CHOCO"",""hargaPerBox"":93500,""isiPerBox"":60,""qtyBox"":1,""total"":93500},{""productId"":""ce412f53-cbe1-4f99-a97f-994f9d4639fb"",""nama"":""MOCHI VANILLA"",""hargaPerBox"":92500,""isiPerBox"":40,""qtyBox"":1,""total"":92500},{""productId"":""cd48792b-8ef3-4cba-be2d-3283481e7c59"",""nama"":""STRAWBERRY CONE"",""hargaPerBox"":97500,""isiPerBox"":24,""qtyBox"":1,""total"":97500},{""productId"":""55cb8d5e-5852-4e6c-ae02-1a6a02f7ea29"",""nama"":""SUNDAE CHOCOLATE"",""hargaPerBox"":97000,""isiPerBox"":24,""qtyBox"":1,""total"":97000},{""productId"":""e24cbe96-3587-437f-9a4a-36041590c16a"",""nama"":""SUNDAE STRAWBERRY"",""hargaPerBox"":97000,""isiPerBox"":24,""qtyBox"":1,""total"":97000},{""productId"":""1441bc6d-2850-4d09-92ef-032b2b3ad3c0"",""nama"":""SWEET CORN"",""hargaPerBox"":96000,""isiPerBox"":40,""qtyBox"":2,""total"":192000},{""productId"":""49e0231e-af99-4110-9592-072d18ec59a0"",""nama"":""TARO CRISPY"",""hargaPerBox"":96500,""isiPerBox"":40,""qtyBox"":1,""total"":96500}]","c01a53b5-747a-4c13-9f07-773b6d3e4a42"
"9d04d72a-ccba-4163-82f0-2c5f6a45db2a","SISWANTO","K0526","Order dari kunjungan: ","2025-10-16T04:39:06.624Z","866300","[{""productId"":""091c691a-b5a5-41d4-9a77-d70b2fb32811"",""nama"":""CHOCOMELT CONE"",""hargaPerBox"":97500,""isiPerBox"":24,""qtyBox"":1,""total"":97500},{""productId"":""23736cae-26f2-4bb6-bfa5-1e9819418946"",""nama"":""FRUITY ROLL"",""hargaPerBox"":124800,""isiPerBox"":40,""qtyBox"":1,""total"":124800},{""productId"":""813ea956-40e3-4408-bee3-acdb66980318"",""nama"":""FRUIZY BLUEBERRY YOGURT"",""hargaPerBox"":96000,""isiPerBox"":40,""qtyBox"":1,""total"":96000},{""productId"":""97c8c35f-40d8-49fe-8e66-d051ebafe3fb"",""nama"":""MIKI-MIKI DOUBLE CHOCO"",""hargaPerBox"":93500,""isiPerBox"":60,""qtyBox"":1,""total"":93500},{""productId"":""57b1bf22-e334-4079-8a45-8ee4d997fd29"",""nama"":""MOCHI BANANA"",""hargaPerBox"":92500,""isiPerBox"":40,""qtyBox"":1,""total"":92500},{""productId"":""9aeec589-46a9-469d-80da-7d4b3b1a741b"",""nama"":""NANAS"",""hargaPerBox"":77500,""isiPerBox"":50,""qtyBox"":1,""total"":77500},{""productId"":""f9135088-2cf1-45ae-94b7-2dd4d6c54632"",""nama"":""SEMANGKA"",""hargaPerBox"":77500,""isiPerBox"":50,""qtyBox"":1,""total"":77500},{""productId"":""b54e5a8a-a7b0-4f58-854e-151b9ac7b147"",""nama"":""STRAWBERRY CRISPY"",""hargaPerBox"":110000,""isiPerBox"":40,""qtyBox"":1,""total"":110000},{""productId"":""55cb8d5e-5852-4e6c-ae02-1a6a02f7ea29"",""nama"":""SUNDAE CHOCOLATE"",""hargaPerBox"":97000,""isiPerBox"":24,""qtyBox"":1,""total"":97000}]","13286898-3860-46cf-98ec-e1d85ce07380"
"899f4979-f37e-45a1-a867-04c21c04fe75","TOKO VIANA","K1911","Order dari kunjungan:","2025-10-22T05:36:55.077Z","495000","[{""productId"":""97bfb86b-50f3-4725-8ebc-a930107e1f3f"",""nama"":""CHOCOLATE CRISPY"",""hargaPerBox"":117000,""isiPerBox"":30,""qtyBox"":1,""total"":117000},{""productId"":""19153282-2d60-4826-932a-c7c9a0a958b7"",""nama"":""COFFE CRISPY"",""hargaPerBox"":110000,""isiPerBox"":40,""qtyBox"":1,""total"":110000},{""productId"":""97c8c35f-40d8-49fe-8e66-d051ebafe3fb"",""nama"":""MIKI-MIKI DOUBLE CHOCO"",""hargaPerBox"":93500,""isiPerBox"":60,""qtyBox"":1,""total"":93500},{""productId"":""9aeec589-46a9-469d-80da-7d4b3b1a741b"",""nama"":""NANAS"",""hargaPerBox"":77500,""isiPerBox"":50,""qtyBox"":1,""total"":77500},{""productId"":""55cb8d5e-5852-4e6c-ae02-1a6a02f7ea29"",""nama"":""SUNDAE CHOCOLATE"",""hargaPerBox"":97000,""isiPerBox"":24,""qtyBox"":1,""total"":97000}]","1665c7e0-e308-4905-b525-5be385330188"
"83528420-dead-43fa-9297-c45b89e82dd9","DEWI","K0502","Order dari kunjungan:","2025-11-08T03:26:19.000Z","472500","[{""productId"":""ff94f02b-8423-412b-84a7-90a4cdf95acd"",""nama"":""2 COLOR"",""hargaPerBox"":92000,""isiPerBox"":40,""qtyBox"":1,""total"":92000},{""productId"":""267ea0f8-db2a-4831-8eeb-35cbaae04604"",""nama"":""MANGO SLUSH"",""hargaPerBox"":90500,""isiPerBox"":30,""qtyBox"":1,""total"":90500},{""productId"":""55cb8d5e-5852-4e6c-ae02-1a6a02f7ea29"",""nama"":""SUNDAE CHOCOLATE"",""hargaPerBox"":97000,""isiPerBox"":24,""qtyBox"":2,""total"":194000},{""productId"":""1441bc6d-2850-4d09-92ef-032b2b3ad3c0"",""nama"":""SWEET CORN"",""hargaPerBox"":96000,""isiPerBox"":40,""qtyBox"":1,""total"":96000}]","504b7687-04ea-48bb-994d-5a86ae5510ca"
"1290b930-bb27-4579-891f-72d6e0370ba7","SD 3 BUARAN","K1788","Order dari kunjungan: ","2025-10-21T03:15:40.842Z","393000","[{""productId"":""02942549-9659-4352-804b-5a5665a1302a"",""nama"":""CHOCO MALT"",""hargaPerBox"":80000,""isiPerBox"":50,""qtyBox"":2,""total"":160000},{""productId"":""0e3a07fb-d3a0-48fc-8209-d3d3649b292f"",""nama"":""JERUK"",""hargaPerBox"":78000,""isiPerBox"":50,""qtyBox"":1,""total"":78000},{""productId"":""9aeec589-46a9-469d-80da-7d4b3b1a741b"",""nama"":""NANAS"",""hargaPerBox"":77500,""isiPerBox"":50,""qtyBox"":1,""total"":77500},{""productId"":""f9135088-2cf1-45ae-94b7-2dd4d6c54632"",""nama"":""SEMANGKA"",""hargaPerBox"":77500,""isiPerBox"":50,""qtyBox"":1,""total"":77500}]","bd450786-f09d-458d-8901-d2edab29c80c"
"a23f56d7-66b7-4466-a4ee-4d79926c4689","SAMI JF MART","K1298","","2025-11-07T09:18:56.569Z","600500","[{""productId"":""19153282-2d60-4826-932a-c7c9a0a958b7"",""nama"":""COFFE CRISPY"",""hargaPerBox"":110000,""isiPerBox"":40,""qtyBox"":1,""total"":110000},{""productId"":""267ea0f8-db2a-4831-8eeb-35cbaae04604"",""nama"":""MANGO SLUSH"",""hargaPerBox"":90500,""isiPerBox"":30,""qtyBox"":1,""total"":90500},{""productId"":""b54e5a8a-a7b0-4f58-854e-151b9ac7b147"",""nama"":""STRAWBERRY CRISPY"",""hargaPerBox"":110000,""isiPerBox"":40,""qtyBox"":1,""total"":110000},{""productId"":""55cb8d5e-5852-4e6c-ae02-1a6a02f7ea29"",""nama"":""SUNDAE CHOCOLATE"",""hargaPerBox"":97000,""isiPerBox"":24,""qtyBox"":2,""total"":194000},{""productId"":""1441bc6d-2850-4d09-92ef-032b2b3ad3c0"",""nama"":""SWEET CORN"",""hargaPerBox"":96000,""isiPerBox"":40,""qtyBox"":1,""total"":96000}]","095880d8-9d14-4d51-8fe7-c9c439bfd063"
"da15329b-3086-48c9-a819-e7164ef6fbc4","AMIN","K0503","Order dari kunjungan:","2025-10-18T03:21:57.693Z","1000500","[{""productId"":""02942549-9659-4352-804b-5a5665a1302a"",""nama"":""CHOCO MALT"",""hargaPerBox"":80000,""isiPerBox"":50,""qtyBox"":1,""total"":80000},{""productId"":""091c691a-b5a5-41d4-9a77-d70b2fb32811"",""nama"":""CHOCOMELT CONE"",""hargaPerBox"":97500,""isiPerBox"":24,""qtyBox"":1,""total"":97500},{""productId"":""813ea956-40e3-4408-bee3-acdb66980318"",""nama"":""FRUIZY BLUEBERRY YOGURT"",""hargaPerBox"":96000,""isiPerBox"":40,""qtyBox"":1,""total"":96000},{""productId"":""0e3a07fb-d3a0-48fc-8209-d3d3649b292f"",""nama"":""JERUK"",""hargaPerBox"":78000,""isiPerBox"":50,""qtyBox"":1,""total"":78000},{""productId"":""97c8c35f-40d8-49fe-8e66-d051ebafe3fb"",""nama"":""MIKI-MIKI DOUBLE CHOCO"",""hargaPerBox"":93500,""isiPerBox"":60,""qtyBox"":1,""total"":93500},{""productId"":""9aeec589-46a9-469d-80da-7d4b3b1a741b"",""nama"":""NANAS"",""hargaPerBox"":77500,""isiPerBox"":50,""qtyBox"":1,""total"":77500},{""productId"":""f9135088-2cf1-45ae-94b7-2dd4d6c54632"",""nama"":""SEMANGKA"",""hargaPerBox"":77500,""isiPerBox"":50,""qtyBox"":1,""total"":77500},{""productId"":""cd48792b-8ef3-4cba-be2d-3283481e7c59"",""nama"":""STRAWBERRY CONE"",""hargaPerBox"":97500,""isiPerBox"":24,""qtyBox"":1,""total"":97500},{""productId"":""b54e5a8a-a7b0-4f58-854e-151b9ac7b147"",""nama"":""STRAWBERRY CRISPY"",""hargaPerBox"":110000,""isiPerBox"":40,""qtyBox"":1,""total"":110000},{""productId"":""55cb8d5e-5852-4e6c-ae02-1a6a02f7ea29"",""nama"":""SUNDAE CHOCOLATE"",""hargaPerBox"":97000,""isiPerBox"":24,""qtyBox"":1,""total"":97000},{""productId"":""1441bc6d-2850-4d09-92ef-032b2b3ad3c0"",""nama"":""SWEET CORN"",""hargaPerBox"":96000,""isiPerBox"":40,""qtyBox"":1,""total"":96000}]","ea7fc633-1c1d-4d10-8944-eb5a52fe2aaa"
"f5170c6c-2fd8-4a00-90af-f85325da4666","WARUNG MADURA AL AMIN 2","K1649","","2025-10-06T10:00:41.542Z","474500","[{""productId"":""19153282-2d60-4826-932a-c7c9a0a958b7"",""nama"":""COFFE CRISPY"",""hargaPerBox"":110000,""isiPerBox"":40,""qtyBox"":1,""total"":110000},{""productId"":""97c8c35f-40d8-49fe-8e66-d051ebafe3fb"",""nama"":""MIKI-MIKI DOUBLE CHOCO"",""hargaPerBox"":93500,""isiPerBox"":60,""qtyBox"":1,""total"":93500},{""productId"":""f9135088-2cf1-45ae-94b7-2dd4d6c54632"",""nama"":""SEMANGKA"",""hargaPerBox"":77500,""isiPerBox"":50,""qtyBox"":1,""total"":77500},{""productId"":""cd48792b-8ef3-4cba-be2d-3283481e7c59"",""nama"":""STRAWBERRY CONE"",""hargaPerBox"":97500,""isiPerBox"":24,""qtyBox"":1,""total"":97500},{""productId"":""1441bc6d-2850-4d09-92ef-032b2b3ad3c0"",""nama"":""SWEET CORN"",""hargaPerBox"":96000,""isiPerBox"":40,""qtyBox"":1,""total"":96000}]","b2d2de8b-7dad-4024-9339-f9d95c8ed53c"
"1ac0f0ae-3a27-4bca-934c-44da7fb0f09b","MASRUKIN","K1334","Order dari kunjungan: ","2025-11-12T07:14:44.873Z","440000","[{""productId"":""978f2fba-a58a-4ead-b548-8fb64417b093"",""nama"":""CHOCOLATE STICK (BINGO)"",""hargaPerBox"":97000,""isiPerBox"":50,""qtyBox"":1,""total"":97000},{""productId"":""267ea0f8-db2a-4831-8eeb-35cbaae04604"",""nama"":""MANGO SLUSH"",""hargaPerBox"":90500,""isiPerBox"":30,""qtyBox"":1,""total"":90500},{""productId"":""9aeec589-46a9-469d-80da-7d4b3b1a741b"",""nama"":""NANAS"",""hargaPerBox"":77500,""isiPerBox"":50,""qtyBox"":1,""total"":77500},{""productId"":""f9135088-2cf1-45ae-94b7-2dd4d6c54632"",""nama"":""SEMANGKA"",""hargaPerBox"":77500,""isiPerBox"":50,""qtyBox"":1,""total"":77500},{""productId"":""cd48792b-8ef3-4cba-be2d-3283481e7c59"",""nama"":""STRAWBERRY CONE"",""hargaPerBox"":97500,""isiPerBox"":24,""qtyBox"":1,""total"":97500}]","743eeba0-1779-4e11-b5c9-1083bb3a48d0"
"9d04d72a-ccba-4163-82f0-2c5f6a45db2a","SISWANTO","K0526","Order dari kunjungan: ","2025-10-30T04:14:03.839Z","781700","[{""productId"":""ff94f02b-8423-412b-84a7-90a4cdf95acd"",""nama"":""2 COLOR"",""hargaPerBox"":92000,""isiPerBox"":40,""qtyBox"":1,""total"":92000},{""productId"":""02942549-9659-4352-804b-5a5665a1302a"",""nama"":""CHOCO MALT"",""hargaPerBox"":80000,""isiPerBox"":50,""qtyBox"":1,""total"":80000},{""productId"":""19153282-2d60-4826-932a-c7c9a0a958b7"",""nama"":""COFFE CRISPY"",""hargaPerBox"":110000,""isiPerBox"":40,""qtyBox"":1,""total"":110000},{""productId"":""8b377101-fe06-48f8-84f8-62c3ff2d94f4"",""nama"":""MILK MELON"",""hargaPerBox"":95000,""isiPerBox"":40,""qtyBox"":1,""total"":95000},{""productId"":""55cb8d5e-5852-4e6c-ae02-1a6a02f7ea29"",""nama"":""SUNDAE CHOCOLATE"",""hargaPerBox"":97000,""isiPerBox"":24,""qtyBox"":1,""total"":97000},{""productId"":""1441bc6d-2850-4d09-92ef-032b2b3ad3c0"",""nama"":""SWEET CORN"",""hargaPerBox"":96000,""isiPerBox"":40,""qtyBox"":1,""total"":96000},{""productId"":""49e0231e-af99-4110-9592-072d18ec59a0"",""nama"":""TARO CRISPY"",""hargaPerBox"":96500,""isiPerBox"":40,""qtyBox"":1,""total"":96500},{""productId"":""39defa48-f6f5-4088-8127-a832bf021ac8"",""nama"":""VANILLA BERRY CONE"",""hargaPerBox"":115200,""isiPerBox"":48,""qtyBox"":1,""total"":115200}]","27578008-4787-4dde-9a6b-726b7e4dc619"
"daa3d0ec-8c44-4fe3-b6c1-10f0824b066b","MBAK YUYUN","K0379","","2025-09-30T17:00:00.000Z","467500","[{""productId"":""02942549-9659-4352-804b-5a5665a1302a"",""nama"":""CHOCO MALT"",""hargaPerBox"":80000,""isiPerBox"":50,""qtyBox"":1,""total"":80000},{""productId"":""97bfb86b-50f3-4725-8ebc-a930107e1f3f"",""nama"":""CHOCOLATE CRISPY"",""hargaPerBox"":117000,""isiPerBox"":30,""qtyBox"":1,""total"":117000},{""productId"":""f9135088-2cf1-45ae-94b7-2dd4d6c54632"",""nama"":""SEMANGKA"",""hargaPerBox"":77500,""isiPerBox"":50,""qtyBox"":1,""total"":77500},{""productId"":""55cb8d5e-5852-4e6c-ae02-1a6a02f7ea29"",""nama"":""SUNDAE CHOCOLATE"",""hargaPerBox"":97000,""isiPerBox"":24,""qtyBox"":1,""total"":97000},{""productId"":""1441bc6d-2850-4d09-92ef-032b2b3ad3c0"",""nama"":""SWEET CORN"",""hargaPerBox"":96000,""isiPerBox"":40,""qtyBox"":1,""total"":96000}]","b60db946-1264-40a1-b5cd-431e62d54e2a"
"f95a2adb-5a3d-4346-8f44-498ca87734bb","MI ASSALAM SINGOROJO","K1928","","2025-11-13T02:46:22.749Z","463500","[{""productId"":""4b126c6b-3c14-49dd-9ff4-f3dec8bc3662"",""nama"":""CRISPY BALLS COOKIS"",""hargaPerBox"":118500,""isiPerBox"":30,""qtyBox"":1,""total"":118500},{""productId"":""0e3a07fb-d3a0-48fc-8209-d3d3649b292f"",""nama"":""JERUK"",""hargaPerBox"":78000,""isiPerBox"":50,""qtyBox"":1,""total"":78000},{""productId"":""97c8c35f-40d8-49fe-8e66-d051ebafe3fb"",""nama"":""MIKI-MIKI DOUBLE CHOCO"",""hargaPerBox"":93500,""isiPerBox"":60,""qtyBox"":1,""total"":93500},{""productId"":""f9135088-2cf1-45ae-94b7-2dd4d6c54632"",""nama"":""SEMANGKA"",""hargaPerBox"":77500,""isiPerBox"":50,""qtyBox"":1,""total"":77500},{""productId"":""1441bc6d-2850-4d09-92ef-032b2b3ad3c0"",""nama"":""SWEET CORN"",""hargaPerBox"":96000,""isiPerBox"":40,""qtyBox"":1,""total"":96000}]","31362b6b-26b0-490f-9a8e-12e7731cb4fc"
"504129c5-e443-44cc-97f8-0b61a7f78b57","SUDARTO","K0676","Order dari kunjungan: ","2025-11-07T05:29:19.278Z","560700","[{""productId"":""978f2fba-a58a-4ead-b548-8fb64417b093"",""nama"":""CHOCOLATE STICK (BINGO)"",""hargaPerBox"":97000,""isiPerBox"":50,""qtyBox"":1,""total"":97000},{""productId"":""0e3a07fb-d3a0-48fc-8209-d3d3649b292f"",""nama"":""JERUK"",""hargaPerBox"":78000,""isiPerBox"":50,""qtyBox"":1,""total"":78000},{""productId"":""9aeec589-46a9-469d-80da-7d4b3b1a741b"",""nama"":""NANAS"",""hargaPerBox"":77500,""isiPerBox"":50,""qtyBox"":1,""total"":77500},{""productId"":""55cb8d5e-5852-4e6c-ae02-1a6a02f7ea29"",""nama"":""SUNDAE CHOCOLATE"",""hargaPerBox"":97000,""isiPerBox"":24,""qtyBox"":1,""total"":97000},{""productId"":""1441bc6d-2850-4d09-92ef-032b2b3ad3c0"",""nama"":""SWEET CORN"",""hargaPerBox"":96000,""isiPerBox"":40,""qtyBox"":1,""total"":96000},{""productId"":""39defa48-f6f5-4088-8127-a832bf021ac8"",""nama"":""VANILLA BERRY CONE"",""hargaPerBox"":115200,""isiPerBox"":48,""qtyBox"":1,""total"":115200}]","132b2304-9783-4aef-a4d7-303feb61ff12"
"96c0664e-91cd-44e1-aff7-d506a4ab7270","RATU WALI","K1498","","2025-10-04T07:06:32.245Z","498500","[{""isiPerBox"":40,""total"":118500,""productId"":""4b126c6b-3c14-49dd-9ff4-f3dec8bc3662"",""nama"":""CRISPY BALLS COOKIS"",""qtyBox"":1,""hargaPerBox"":118500},{""hargaPerBox"":93500,""productId"":""adf3703f-33c4-4b26-b6eb-7e5731dbdb67"",""isiPerBox"":60,""total"":93500,""nama"":""MIKI-MIKI"",""qtyBox"":1},{""hargaPerBox"":93500,""total"":93500,""qtyBox"":1,""productId"":""97c8c35f-40d8-49fe-8e66-d051ebafe3fb"",""nama"":""MIKI-MIKI DOUBLE CHOCO"",""isiPerBox"":60},{""qtyBox"":1,""hargaPerBox"":97000,""isiPerBox"":24,""nama"":""SUNDAE STRAWBERRY"",""total"":97000,""productId"":""e24cbe96-3587-437f-9a4a-36041590c16a""},{""nama"":""SWEET CORN"",""total"":96000,""productId"":""1441bc6d-2850-4d09-92ef-032b2b3ad3c0"",""hargaPerBox"":96000,""isiPerBox"":40,""qtyBox"":1}]","2d416f6b-09a5-49b7-8978-f247bfa26a89"
"dac70836-d6ea-4a26-951c-fb5eb9bbedc6","TOKO ZUMAEROH","K1599","Order dari kunjungan:","2025-10-27T17:00:00.000Z","963200","[{""productId"":""02942549-9659-4352-804b-5a5665a1302a"",""nama"":""CHOCO MALT"",""hargaPerBox"":80000,""isiPerBox"":50,""qtyBox"":1,""total"":80000},{""productId"":""978f2fba-a58a-4ead-b548-8fb64417b093"",""nama"":""CHOCOLATE STICK (BINGO)"",""hargaPerBox"":97000,""isiPerBox"":50,""qtyBox"":1,""total"":97000},{""productId"":""4b126c6b-3c14-49dd-9ff4-f3dec8bc3662"",""nama"":""CRISPY BALLS COOKIS"",""hargaPerBox"":118500,""isiPerBox"":40,""qtyBox"":1,""total"":118500},{""productId"":""97c8c35f-40d8-49fe-8e66-d051ebafe3fb"",""nama"":""MIKI-MIKI DOUBLE CHOCO"",""hargaPerBox"":93500,""isiPerBox"":60,""qtyBox"":1,""total"":93500},{""productId"":""ce412f53-cbe1-4f99-a97f-994f9d4639fb"",""nama"":""MOCHI VANILLA"",""hargaPerBox"":92500,""isiPerBox"":40,""qtyBox"":1,""total"":92500},{""productId"":""f9135088-2cf1-45ae-94b7-2dd4d6c54632"",""nama"":""SEMANGKA"",""hargaPerBox"":77500,""isiPerBox"":50,""qtyBox"":1,""total"":77500},{""productId"":""55cb8d5e-5852-4e6c-ae02-1a6a02f7ea29"",""nama"":""SUNDAE CHOCOLATE"",""hargaPerBox"":97000,""isiPerBox"":24,""qtyBox"":1,""total"":97000},{""productId"":""1441bc6d-2850-4d09-92ef-032b2b3ad3c0"",""nama"":""SWEET CORN"",""hargaPerBox"":96000,""isiPerBox"":40,""qtyBox"":2,""total"":192000},{""productId"":""39defa48-f6f5-4088-8127-a832bf021ac8"",""nama"":""VANILLA BERRY CONE"",""hargaPerBox"":115200,""isiPerBox"":48,""qtyBox"":1,""total"":115200}]","5ec67913-6611-4983-96d4-3169ebce45bb"
"96c0664e-91cd-44e1-aff7-d506a4ab7270","RATU WALI","K1498","Order dari kunjungan:","2025-11-02T04:38:19.000Z","518700","[{""productId"":""ff94f02b-8423-412b-84a7-90a4cdf95acd"",""nama"":""2 COLOR"",""hargaPerBox"":92000,""isiPerBox"":40,""qtyBox"":1,""total"":92000},{""productId"":""4b126c6b-3c14-49dd-9ff4-f3dec8bc3662"",""nama"":""CRISPY BALLS COOKIS"",""hargaPerBox"":118500,""isiPerBox"":40,""qtyBox"":1,""total"":118500},{""productId"":""55cb8d5e-5852-4e6c-ae02-1a6a02f7ea29"",""nama"":""SUNDAE CHOCOLATE"",""hargaPerBox"":97000,""isiPerBox"":24,""qtyBox"":1,""total"":97000},{""productId"":""1441bc6d-2850-4d09-92ef-032b2b3ad3c0"",""nama"":""SWEET CORN"",""hargaPerBox"":96000,""isiPerBox"":40,""qtyBox"":1,""total"":96000},{""productId"":""39defa48-f6f5-4088-8127-a832bf021ac8"",""nama"":""VANILLA BERRY CONE"",""hargaPerBox"":115200,""isiPerBox"":48,""qtyBox"":1,""total"":115200}]","371bfd99-5865-4fc2-8133-ebe0d8698bea"
"c8d3ccec-3e62-494f-a218-f69af46dfc41","PP  ALHUSNA 2","K2157","","2025-11-18T02:57:25.000Z","967200","[{""productId"":""02942549-9659-4352-804b-5a5665a1302a"",""nama"":""CHOCO MALT"",""hargaPerBox"":80000,""isiPerBox"":50,""qtyBox"":1,""total"":80000},{""productId"":""978f2fba-a58a-4ead-b548-8fb64417b093"",""nama"":""CHOCOLATE STICK (BINGO)"",""hargaPerBox"":97000,""isiPerBox"":50,""qtyBox"":1,""total"":97000},{""productId"":""813ea956-40e3-4408-bee3-acdb66980318"",""nama"":""FRUIZY BLUEBERRY YOGURT"",""hargaPerBox"":96000,""isiPerBox"":40,""qtyBox"":1,""total"":96000},{""productId"":""267ea0f8-db2a-4831-8eeb-35cbaae04604"",""nama"":""MANGO SLUSH"",""hargaPerBox"":90500,""isiPerBox"":30,""qtyBox"":1,""total"":90500},{""productId"":""adf3703f-33c4-4b26-b6eb-7e5731dbdb67"",""nama"":""MIKI-MIKI"",""hargaPerBox"":93500,""isiPerBox"":60,""qtyBox"":1,""total"":93500},{""productId"":""ce412f53-cbe1-4f99-a97f-994f9d4639fb"",""nama"":""MOCHI VANILLA"",""hargaPerBox"":92500,""isiPerBox"":40,""qtyBox"":1,""total"":92500},{""productId"":""b54e5a8a-a7b0-4f58-854e-151b9ac7b147"",""nama"":""STRAWBERRY CRISPY"",""hargaPerBox"":110000,""isiPerBox"":40,""qtyBox"":1,""total"":110000},{""productId"":""1441bc6d-2850-4d09-92ef-032b2b3ad3c0"",""nama"":""SWEET CORN"",""hargaPerBox"":96000,""isiPerBox"":40,""qtyBox"":1,""total"":96000},{""productId"":""49e0231e-af99-4110-9592-072d18ec59a0"",""nama"":""TARO CRISPY"",""hargaPerBox"":96500,""isiPerBox"":40,""qtyBox"":1,""total"":96500},{""productId"":""39defa48-f6f5-4088-8127-a832bf021ac8"",""nama"":""VANILLA BERRY CONE"",""hargaPerBox"":115200,""isiPerBox"":48,""qtyBox"":1,""total"":115200}]","19bbe08f-d933-47a9-ae45-d29da7a9f44f"
"a23f56d7-66b7-4466-a4ee-4d79926c4689","SAMI JF MART","K1298","","2025-10-02T08:11:32.794Z","1381000","[{""nama"":""2 COLOR"",""qtyBox"":1,""hargaPerBox"":92000,""total"":92000,""isiPerBox"":40,""productId"":""ff94f02b-8423-412b-84a7-90a4cdf95acd""},{""hargaPerBox"":117000,""qtyBox"":2,""productId"":""97bfb86b-50f3-4725-8ebc-a930107e1f3f"",""isiPerBox"":30,""nama"":""CHOCOLATE CRISPY"",""total"":234000},{""hargaPerBox"":97500,""nama"":""CHOCOMELT CONE"",""total"":97500,""productId"":""091c691a-b5a5-41d4-9a77-d70b2fb32811"",""qtyBox"":1,""isiPerBox"":24},{""nama"":""MIKI-MIKI"",""productId"":""adf3703f-33c4-4b26-b6eb-7e5731dbdb67"",""hargaPerBox"":93500,""total"":93500,""qtyBox"":1,""isiPerBox"":60},{""productId"":""f471b533-b60a-432d-8715-8d6951b581ad"",""qtyBox"":1,""isiPerBox"":40,""hargaPerBox"":94500,""nama"":""MOCHI KLEPON"",""total"":94500},{""nama"":""MOCHI VANILLA"",""total"":92500,""qtyBox"":1,""productId"":""ce412f53-cbe1-4f99-a97f-994f9d4639fb"",""hargaPerBox"":92500,""isiPerBox"":40},{""isiPerBox"":24,""hargaPerBox"":97000,""nama"":""SUNDAE CHOCOLATE"",""total"":194000,""productId"":""55cb8d5e-5852-4e6c-ae02-1a6a02f7ea29"",""qtyBox"":2},{""nama"":""SUNDAE STRAWBERRY"",""isiPerBox"":24,""productId"":""e24cbe96-3587-437f-9a4a-36041590c16a"",""total"":194000,""qtyBox"":2,""hargaPerBox"":97000},{""nama"":""SWEET CORN"",""total"":96000,""qtyBox"":1,""productId"":""1441bc6d-2850-4d09-92ef-032b2b3ad3c0"",""isiPerBox"":40,""hargaPerBox"":96000},{""total"":193000,""hargaPerBox"":96500,""nama"":""TARO CRISPY"",""productId"":""49e0231e-af99-4110-9592-072d18ec59a0"",""qtyBox"":2,""isiPerBox"":40}]","d2f24dd2-2cbe-471c-acdd-b37783736005"
"0854317f-6841-4c58-b632-29a134dc533c","MUSYAFAK","K0512","Order dari kunjungan:","2025-11-08T07:04:13.000Z","679500","[{""productId"":""978f2fba-a58a-4ead-b548-8fb64417b093"",""nama"":""CHOCOLATE STICK (BINGO)"",""hargaPerBox"":97000,""isiPerBox"":50,""qtyBox"":1,""total"":97000},{""productId"":""091c691a-b5a5-41d4-9a77-d70b2fb32811"",""nama"":""CHOCOMELT CONE"",""hargaPerBox"":97500,""isiPerBox"":24,""qtyBox"":1,""total"":97500},{""productId"":""4b126c6b-3c14-49dd-9ff4-f3dec8bc3662"",""nama"":""CRISPY BALLS COOKIS"",""hargaPerBox"":118500,""isiPerBox"":40,""qtyBox"":1,""total"":118500},{""productId"":""813ea956-40e3-4408-bee3-acdb66980318"",""nama"":""FRUIZY BLUEBERRY YOGURT"",""hargaPerBox"":96000,""isiPerBox"":40,""qtyBox"":1,""total"":96000},{""productId"":""9aeec589-46a9-469d-80da-7d4b3b1a741b"",""nama"":""NANAS"",""hargaPerBox"":77500,""isiPerBox"":50,""qtyBox"":1,""total"":77500},{""productId"":""55cb8d5e-5852-4e6c-ae02-1a6a02f7ea29"",""nama"":""SUNDAE CHOCOLATE"",""hargaPerBox"":97000,""isiPerBox"":24,""qtyBox"":1,""total"":97000},{""productId"":""1441bc6d-2850-4d09-92ef-032b2b3ad3c0"",""nama"":""SWEET CORN"",""hargaPerBox"":96000,""isiPerBox"":40,""qtyBox"":1,""total"":96000}]","f98186a1-2581-4142-8b56-5bac70dc876b"
"3eef16cb-1655-4ead-8181-4014c71bd002","BERKAH SAFAR","K1482","","2025-11-09T01:46:46.844Z","541500","[{""productId"":""02942549-9659-4352-804b-5a5665a1302a"",""nama"":""CHOCO MALT"",""hargaPerBox"":80000,""isiPerBox"":50,""qtyBox"":1,""total"":80000},{""productId"":""091c691a-b5a5-41d4-9a77-d70b2fb32811"",""nama"":""CHOCOMELT CONE"",""hargaPerBox"":97500,""isiPerBox"":24,""qtyBox"":1,""total"":97500},{""productId"":""adf3703f-33c4-4b26-b6eb-7e5731dbdb67"",""nama"":""MIKI-MIKI"",""hargaPerBox"":93500,""isiPerBox"":60,""qtyBox"":1,""total"":93500},{""productId"":""f9135088-2cf1-45ae-94b7-2dd4d6c54632"",""nama"":""SEMANGKA"",""hargaPerBox"":77500,""isiPerBox"":50,""qtyBox"":1,""total"":77500},{""productId"":""e24cbe96-3587-437f-9a4a-36041590c16a"",""nama"":""SUNDAE STRAWBERRY"",""hargaPerBox"":97000,""isiPerBox"":24,""qtyBox"":1,""total"":97000},{""productId"":""1441bc6d-2850-4d09-92ef-032b2b3ad3c0"",""nama"":""SWEET CORN"",""hargaPerBox"":96000,""isiPerBox"":40,""qtyBox"":1,""total"":96000}]","4be2f49e-badb-4076-99ed-2f3b4495d7bf"
"b157661d-c0af-4658-8937-8d24c55731f9","MUSTAQIM","K1352","Order dari kunjungan: ","2025-11-04T08:01:43.993Z","505200","[{""productId"":""978f2fba-a58a-4ead-b548-8fb64417b093"",""nama"":""CHOCOLATE STICK (BINGO)"",""hargaPerBox"":97000,""isiPerBox"":50,""qtyBox"":1,""total"":97000},{""productId"":""421a7ad7-a36a-4882-b7fc-18004318e776"",""nama"":""CRISPY BALLS ORIGINAL"",""hargaPerBox"":118500,""isiPerBox"":30,""qtyBox"":1,""total"":118500},{""productId"":""9aeec589-46a9-469d-80da-7d4b3b1a741b"",""nama"":""NANAS"",""hargaPerBox"":77500,""isiPerBox"":50,""qtyBox"":1,""total"":77500},{""productId"":""55cb8d5e-5852-4e6c-ae02-1a6a02f7ea29"",""nama"":""SUNDAE CHOCOLATE"",""hargaPerBox"":97000,""isiPerBox"":24,""qtyBox"":1,""total"":97000},{""productId"":""39defa48-f6f5-4088-8127-a832bf021ac8"",""nama"":""VANILLA BERRY CONE"",""hargaPerBox"":115200,""isiPerBox"":48,""qtyBox"":1,""total"":115200}]","a319f0b5-6367-4016-95d8-b27c24ea321e"
"f95a2adb-5a3d-4346-8f44-498ca87734bb","MI ASSALAM SINGOROJO","K1928","Order dari kunjungan: ","2025-10-15T03:58:34.000Z","583000","[{""productId"":""ff94f02b-8423-412b-84a7-90a4cdf95acd"",""nama"":""2 COLOR"",""hargaPerBox"":92000,""isiPerBox"":40,""qtyBox"":1,""total"":92000},{""productId"":""02942549-9659-4352-804b-5a5665a1302a"",""nama"":""CHOCO MALT"",""hargaPerBox"":80000,""isiPerBox"":50,""qtyBox"":1,""total"":80000},{""productId"":""4b126c6b-3c14-49dd-9ff4-f3dec8bc3662"",""nama"":""CRISPY BALLS COOKIS"",""hargaPerBox"":118500,""isiPerBox"":40,""qtyBox"":1,""total"":118500},{""productId"":""421a7ad7-a36a-4882-b7fc-18004318e776"",""nama"":""CRISPY BALLS ORIGINAL"",""hargaPerBox"":118500,""isiPerBox"":30,""qtyBox"":1,""total"":118500},{""productId"":""9aeec589-46a9-469d-80da-7d4b3b1a741b"",""nama"":""NANAS"",""hargaPerBox"":77500,""isiPerBox"":50,""qtyBox"":1,""total"":77500},{""productId"":""49e0231e-af99-4110-9592-072d18ec59a0"",""nama"":""TARO CRISPY"",""hargaPerBox"":96500,""isiPerBox"":40,""qtyBox"":1,""total"":96500}]","1c9f6898-36e0-4da5-b5bd-6325d2a49226"
"e2c738ed-833e-467a-be25-e3a8ce9caf9c","YANI 2","K1018","Order dari kunjungan: ","2025-11-14T05:57:27.005Z","458500","[{""productId"":""267ea0f8-db2a-4831-8eeb-35cbaae04604"",""nama"":""MANGO SLUSH"",""hargaPerBox"":90500,""isiPerBox"":30,""qtyBox"":1,""total"":90500},{""productId"":""f9135088-2cf1-45ae-94b7-2dd4d6c54632"",""nama"":""SEMANGKA"",""hargaPerBox"":77500,""isiPerBox"":50,""qtyBox"":1,""total"":77500},{""productId"":""cd48792b-8ef3-4cba-be2d-3283481e7c59"",""nama"":""STRAWBERRY CONE"",""hargaPerBox"":97500,""isiPerBox"":24,""qtyBox"":1,""total"":97500},{""productId"":""e24cbe96-3587-437f-9a4a-36041590c16a"",""nama"":""SUNDAE STRAWBERRY"",""hargaPerBox"":97000,""isiPerBox"":24,""qtyBox"":1,""total"":97000},{""productId"":""1441bc6d-2850-4d09-92ef-032b2b3ad3c0"",""nama"":""SWEET CORN"",""hargaPerBox"":96000,""isiPerBox"":40,""qtyBox"":1,""total"":96000}]","330e7307-55f0-4b48-ac66-598694f259cd"
"1548317b-4e5c-48fa-b203-2c9e9f46c3bb","MBAK IMA","K0740","Order dari kunjungan: ","2025-10-11T03:45:18.907Z","496500","[{""productId"":""ff94f02b-8423-412b-84a7-90a4cdf95acd"",""nama"":""2 COLOR"",""hargaPerBox"":92000,""isiPerBox"":40,""qtyBox"":1,""total"":92000},{""productId"":""091c691a-b5a5-41d4-9a77-d70b2fb32811"",""nama"":""CHOCOMELT CONE"",""hargaPerBox"":97500,""isiPerBox"":24,""qtyBox"":1,""total"":97500},{""productId"":""4b126c6b-3c14-49dd-9ff4-f3dec8bc3662"",""nama"":""CRISPY BALLS COOKIS"",""hargaPerBox"":118500,""isiPerBox"":40,""qtyBox"":1,""total"":118500},{""productId"":""ce412f53-cbe1-4f99-a97f-994f9d4639fb"",""nama"":""MOCHI VANILLA"",""hargaPerBox"":92500,""isiPerBox"":40,""qtyBox"":1,""total"":92500},{""productId"":""1441bc6d-2850-4d09-92ef-032b2b3ad3c0"",""nama"":""SWEET CORN"",""hargaPerBox"":96000,""isiPerBox"":40,""qtyBox"":1,""total"":96000}]","4caf76c4-2f7f-4bf5-8620-ceb2f4e500f2"
"db68a5d9-ae22-4a70-ab8b-255b514f95ec","MUNTATIAH","K1366","Order dari kunjungan: ","2025-11-06T03:50:46.000Z","721000","[{""productId"":""97bfb86b-50f3-4725-8ebc-a930107e1f3f"",""nama"":""CHOCOLATE CRISPY"",""hargaPerBox"":117000,""isiPerBox"":30,""qtyBox"":1,""total"":117000},{""productId"":""23736cae-26f2-4bb6-bfa5-1e9819418946"",""nama"":""FRUITY ROLL"",""hargaPerBox"":124800,""isiPerBox"":40,""qtyBox"":1,""total"":124800},{""productId"":""adf3703f-33c4-4b26-b6eb-7e5731dbdb67"",""nama"":""MIKI-MIKI"",""hargaPerBox"":93500,""isiPerBox"":60,""qtyBox"":1,""total"":93500},{""productId"":""f9135088-2cf1-45ae-94b7-2dd4d6c54632"",""nama"":""SEMANGKA"",""hargaPerBox"":77500,""isiPerBox"":50,""qtyBox"":1,""total"":77500},{""productId"":""55cb8d5e-5852-4e6c-ae02-1a6a02f7ea29"",""nama"":""SUNDAE CHOCOLATE"",""hargaPerBox"":97000,""isiPerBox"":24,""qtyBox"":1,""total"":97000},{""productId"":""1441bc6d-2850-4d09-92ef-032b2b3ad3c0"",""nama"":""SWEET CORN"",""hargaPerBox"":96000,""isiPerBox"":40,""qtyBox"":1,""total"":96000},{""productId"":""39defa48-f6f5-4088-8127-a832bf021ac8"",""nama"":""VANILLA BERRY CONE"",""hargaPerBox"":115200,""isiPerBox"":48,""qtyBox"":1,""total"":115200}]","649b82f2-4e73-4620-867f-9df72336cb12"
"e0178599-c98c-4f4a-8457-d64738b49665","TATA MANDIRI","K0366","Order dari kunjungan: ","2025-10-08T06:41:51.665Z","541300","[{""productId"":""ff94f02b-8423-412b-84a7-90a4cdf95acd"",""nama"":""2 COLOR"",""hargaPerBox"":92000,""isiPerBox"":40,""qtyBox"":1,""total"":92000},{""productId"":""97bfb86b-50f3-4725-8ebc-a930107e1f3f"",""nama"":""CHOCOLATE CRISPY"",""hargaPerBox"":117000,""isiPerBox"":30,""qtyBox"":1,""total"":117000},{""productId"":""091c691a-b5a5-41d4-9a77-d70b2fb32811"",""nama"":""CHOCOMELT CONE"",""hargaPerBox"":97500,""isiPerBox"":24,""qtyBox"":1,""total"":97500},{""productId"":""19153282-2d60-4826-932a-c7c9a0a958b7"",""nama"":""COFFE CRISPY"",""hargaPerBox"":110000,""isiPerBox"":40,""qtyBox"":1,""total"":110000},{""productId"":""23736cae-26f2-4bb6-bfa5-1e9819418946"",""nama"":""FRUITY ROLL"",""hargaPerBox"":124800,""isiPerBox"":40,""qtyBox"":1,""total"":124800}]","8edcc41b-65ce-479d-941b-e6380478c856"
"b157661d-c0af-4658-8937-8d24c55731f9","MUSTAQIM","K1352","","2025-10-13T07:03:39.517Z","687800","[{""productId"":""97bfb86b-50f3-4725-8ebc-a930107e1f3f"",""nama"":""CHOCOLATE CRISPY"",""hargaPerBox"":117000,""isiPerBox"":30,""qtyBox"":1,""total"":117000},{""productId"":""978f2fba-a58a-4ead-b548-8fb64417b093"",""nama"":""CHOCOLATE STICK"",""hargaPerBox"":97000,""isiPerBox"":50,""qtyBox"":1,""total"":97000},{""productId"":""23736cae-26f2-4bb6-bfa5-1e9819418946"",""nama"":""FRUITY ROLL"",""hargaPerBox"":124800,""isiPerBox"":40,""qtyBox"":1,""total"":124800},{""productId"":""0e3a07fb-d3a0-48fc-8209-d3d3649b292f"",""nama"":""JERUK"",""hargaPerBox"":78000,""isiPerBox"":50,""qtyBox"":1,""total"":78000},{""productId"":""9aeec589-46a9-469d-80da-7d4b3b1a741b"",""nama"":""NANAS"",""hargaPerBox"":77500,""isiPerBox"":50,""qtyBox"":1,""total"":77500},{""productId"":""cd48792b-8ef3-4cba-be2d-3283481e7c59"",""nama"":""STRAWBERRY CONE"",""hargaPerBox"":97500,""isiPerBox"":24,""qtyBox"":1,""total"":97500},{""productId"":""1441bc6d-2850-4d09-92ef-032b2b3ad3c0"",""nama"":""SWEET CORN"",""hargaPerBox"":96000,""isiPerBox"":40,""qtyBox"":1,""total"":96000}]","1835d712-472b-486e-b1ba-81742786607a"
"6740f4eb-2965-4ce0-b956-ef3ea30624a8","TIGA SAUDARA","K0367","Order dari kunjungan: ","2025-10-06T08:45:16.781Z","509500","[{""productId"":""19153282-2d60-4826-932a-c7c9a0a958b7"",""nama"":""COFFE CRISPY"",""hargaPerBox"":110000,""isiPerBox"":40,""qtyBox"":1,""total"":110000},{""productId"":""4b126c6b-3c14-49dd-9ff4-f3dec8bc3662"",""nama"":""CRISPY BALLS COOKIS"",""hargaPerBox"":118500,""isiPerBox"":40,""qtyBox"":1,""total"":118500},{""productId"":""97c8c35f-40d8-49fe-8e66-d051ebafe3fb"",""nama"":""MIKI-MIKI DOUBLE CHOCO"",""hargaPerBox"":93500,""isiPerBox"":60,""qtyBox"":1,""total"":93500},{""productId"":""f9135088-2cf1-45ae-94b7-2dd4d6c54632"",""nama"":""SEMANGKA"",""hargaPerBox"":77500,""isiPerBox"":50,""qtyBox"":1,""total"":77500},{""productId"":""b54e5a8a-a7b0-4f58-854e-151b9ac7b147"",""nama"":""STRAWBERRY CRISPY"",""hargaPerBox"":110000,""isiPerBox"":40,""qtyBox"":1,""total"":110000}]","1168981c-2404-45db-9a68-8f0e5ecafeec"
"c3d5fd74-b777-410a-8463-833c6a80fa6f","TOKO KOSS MART","K2014","","2025-10-02T03:30:26.481Z","501000","[{""productId"":""97bfb86b-50f3-4725-8ebc-a930107e1f3f"",""total"":117000,""nama"":""CHOCOLATE CRISPY"",""isiPerBox"":30,""hargaPerBox"":117000,""qtyBox"":1},{""hargaPerBox"":93500,""qtyBox"":1,""productId"":""adf3703f-33c4-4b26-b6eb-7e5731dbdb67"",""total"":93500,""isiPerBox"":60,""nama"":""MIKI-MIKI""},{""isiPerBox"":24,""productId"":""55cb8d5e-5852-4e6c-ae02-1a6a02f7ea29"",""hargaPerBox"":97000,""total"":97000,""nama"":""SUNDAE CHOCOLATE"",""qtyBox"":1},{""productId"":""e24cbe96-3587-437f-9a4a-36041590c16a"",""qtyBox"":1,""hargaPerBox"":97000,""nama"":""SUNDAE STRAWBERRY"",""total"":97000,""isiPerBox"":24},{""hargaPerBox"":96500,""nama"":""TARO CRISPY"",""productId"":""49e0231e-af99-4110-9592-072d18ec59a0"",""isiPerBox"":40,""total"":96500,""qtyBox"":1}]","564f169b-b31f-4657-852b-0d31697ca482"
"a0ad1bcb-101a-4c18-b744-f91787682c64","MJ CELL","K0441","Order dari kunjungan:","2025-11-08T08:35:35.000Z","679500","[{""productId"":""02942549-9659-4352-804b-5a5665a1302a"",""nama"":""CHOCO MALT"",""hargaPerBox"":80000,""isiPerBox"":50,""qtyBox"":1,""total"":80000},{""productId"":""091c691a-b5a5-41d4-9a77-d70b2fb32811"",""nama"":""CHOCOMELT CONE"",""hargaPerBox"":97500,""isiPerBox"":24,""qtyBox"":1,""total"":97500},{""productId"":""4b126c6b-3c14-49dd-9ff4-f3dec8bc3662"",""nama"":""CRISPY BALLS COOKIS"",""hargaPerBox"":118500,""isiPerBox"":40,""qtyBox"":1,""total"":118500},{""productId"":""813ea956-40e3-4408-bee3-acdb66980318"",""nama"":""FRUIZY BLUEBERRY YOGURT"",""hargaPerBox"":96000,""isiPerBox"":40,""qtyBox"":1,""total"":96000},{""productId"":""c64f588e-f38a-463e-be49-d005ce119adc"",""nama"":""MOCHI MANGO"",""hargaPerBox"":94500,""isiPerBox"":40,""qtyBox"":1,""total"":94500},{""productId"":""55cb8d5e-5852-4e6c-ae02-1a6a02f7ea29"",""nama"":""SUNDAE CHOCOLATE"",""hargaPerBox"":97000,""isiPerBox"":24,""qtyBox"":1,""total"":97000},{""productId"":""1441bc6d-2850-4d09-92ef-032b2b3ad3c0"",""nama"":""SWEET CORN"",""hargaPerBox"":96000,""isiPerBox"":40,""qtyBox"":1,""total"":96000}]","507b5bdf-7a08-4e1f-a0ce-21e8d65c6090"
"f72200de-8f83-4445-a6df-6e809b284ccb","YANI","K0462","Order dari kunjungan: ","2025-10-16T06:47:26.904Z","434500","[{""productId"":""813ea956-40e3-4408-bee3-acdb66980318"",""nama"":""FRUIZY BLUEBERRY YOGURT"",""hargaPerBox"":96000,""isiPerBox"":40,""qtyBox"":1,""total"":96000},{""productId"":""0e3a07fb-d3a0-48fc-8209-d3d3649b292f"",""nama"":""JERUK"",""hargaPerBox"":78000,""isiPerBox"":50,""qtyBox"":1,""total"":78000},{""productId"":""267ea0f8-db2a-4831-8eeb-35cbaae04604"",""nama"":""MANGO SLUSH"",""hargaPerBox"":90500,""isiPerBox"":30,""qtyBox"":1,""total"":90500},{""productId"":""57b1bf22-e334-4079-8a45-8ee4d997fd29"",""nama"":""MOCHI BANANA"",""hargaPerBox"":92500,""isiPerBox"":40,""qtyBox"":1,""total"":92500},{""productId"":""f9135088-2cf1-45ae-94b7-2dd4d6c54632"",""nama"":""SEMANGKA"",""hargaPerBox"":77500,""isiPerBox"":50,""qtyBox"":1,""total"":77500}]","2c105005-ac16-4563-8b60-57621c1c010f"
"e1c8d2c7-8b0d-4895-b0f1-a995d145c4ab","ILMA JAYA","K1118","","2025-11-05T03:39:59.000Z","481700","[{""productId"":""f9135088-2cf1-45ae-94b7-2dd4d6c54632"",""nama"":""SEMANGKA"",""hargaPerBox"":77500,""isiPerBox"":50,""qtyBox"":1,""total"":77500},{""productId"":""55cb8d5e-5852-4e6c-ae02-1a6a02f7ea29"",""nama"":""SUNDAE CHOCOLATE"",""hargaPerBox"":97000,""isiPerBox"":24,""qtyBox"":1,""total"":97000},{""productId"":""1441bc6d-2850-4d09-92ef-032b2b3ad3c0"",""nama"":""SWEET CORN"",""hargaPerBox"":96000,""isiPerBox"":40,""qtyBox"":2,""total"":192000},{""productId"":""39defa48-f6f5-4088-8127-a832bf021ac8"",""nama"":""VANILLA BERRY CONE"",""hargaPerBox"":115200,""isiPerBox"":48,""qtyBox"":1,""total"":115200}]","49c70b8a-d61f-4557-ab5d-0b6cc229f952"
"1a59b3df-9602-48d3-9e38-45a07274d3b5","WINARNO","K2021","","2025-10-30T09:45:08.000Z","347500","[{""productId"":""02942549-9659-4352-804b-5a5665a1302a"",""nama"":""CHOCO MALT"",""hargaPerBox"":80000,""isiPerBox"":50,""qtyBox"":1,""total"":80000},{""productId"":""0e3a07fb-d3a0-48fc-8209-d3d3649b292f"",""nama"":""JERUK"",""hargaPerBox"":78000,""isiPerBox"":50,""qtyBox"":1,""total"":78000},{""productId"":""ce412f53-cbe1-4f99-a97f-994f9d4639fb"",""nama"":""MOCHI VANILLA"",""hargaPerBox"":92500,""isiPerBox"":40,""qtyBox"":1,""total"":92500},{""productId"":""55cb8d5e-5852-4e6c-ae02-1a6a02f7ea29"",""nama"":""SUNDAE CHOCOLATE"",""hargaPerBox"":97000,""isiPerBox"":24,""qtyBox"":1,""total"":97000}]","bb190e74-3952-4740-ac03-27df8105dc2a"
"86c5013d-3fb3-4968-9d6f-a4c6ac3e34bd","ELLA 2 KANTIN MTS BALEKAMBANG","K0391","","2025-11-07T04:38:51.200Z","996000","[{""productId"":""ff94f02b-8423-412b-84a7-90a4cdf95acd"",""nama"":""2 COLOR"",""hargaPerBox"":92000,""isiPerBox"":40,""qtyBox"":1,""total"":92000},{""productId"":""02942549-9659-4352-804b-5a5665a1302a"",""nama"":""CHOCO MALT"",""hargaPerBox"":80000,""isiPerBox"":50,""qtyBox"":1,""total"":80000},{""productId"":""97bfb86b-50f3-4725-8ebc-a930107e1f3f"",""nama"":""CHOCOLATE CRISPY"",""hargaPerBox"":117000,""isiPerBox"":30,""qtyBox"":1,""total"":117000},{""productId"":""978f2fba-a58a-4ead-b548-8fb64417b093"",""nama"":""CHOCOLATE STICK (BINGO)"",""hargaPerBox"":97000,""isiPerBox"":50,""qtyBox"":1,""total"":97000},{""productId"":""4b126c6b-3c14-49dd-9ff4-f3dec8bc3662"",""nama"":""CRISPY BALLS COOKIS"",""hargaPerBox"":118500,""isiPerBox"":40,""qtyBox"":1,""total"":118500},{""productId"":""813ea956-40e3-4408-bee3-acdb66980318"",""nama"":""FRUIZY BLUEBERRY YOGURT"",""hargaPerBox"":96000,""isiPerBox"":40,""qtyBox"":1,""total"":96000},{""productId"":""ce412f53-cbe1-4f99-a97f-994f9d4639fb"",""nama"":""MOCHI VANILLA"",""hargaPerBox"":92500,""isiPerBox"":40,""qtyBox"":1,""total"":92500},{""productId"":""b54e5a8a-a7b0-4f58-854e-151b9ac7b147"",""nama"":""STRAWBERRY CRISPY"",""hargaPerBox"":110000,""isiPerBox"":40,""qtyBox"":1,""total"":110000},{""productId"":""55cb8d5e-5852-4e6c-ae02-1a6a02f7ea29"",""nama"":""SUNDAE CHOCOLATE"",""hargaPerBox"":97000,""isiPerBox"":24,""qtyBox"":1,""total"":97000},{""productId"":""1441bc6d-2850-4d09-92ef-032b2b3ad3c0"",""nama"":""SWEET CORN"",""hargaPerBox"":96000,""isiPerBox"":40,""qtyBox"":1,""total"":96000}]","961cfc25-7ef8-4408-bbfe-aab5a3936904"
"a93d19f4-87ce-4bab-bf80-90060d03f4fb","TOKO BINTANI MART","K1409","","2025-10-04T08:40:48.877Z","698800","[{""productId"":""23736cae-26f2-4bb6-bfa5-1e9819418946"",""nama"":""FRUITY ROLL"",""hargaPerBox"":124800,""isiPerBox"":40,""qtyBox"":1,""total"":124800},{""productId"":""97c8c35f-40d8-49fe-8e66-d051ebafe3fb"",""nama"":""MIKI-MIKI DOUBLE CHOCO"",""hargaPerBox"":93500,""isiPerBox"":60,""qtyBox"":1,""total"":93500},{""productId"":""f471b533-b60a-432d-8715-8d6951b581ad"",""nama"":""MOCHI KLEPON"",""hargaPerBox"":94500,""isiPerBox"":40,""qtyBox"":1,""total"":94500},{""productId"":""55cb8d5e-5852-4e6c-ae02-1a6a02f7ea29"",""nama"":""SUNDAE CHOCOLATE"",""hargaPerBox"":97000,""isiPerBox"":24,""qtyBox"":1,""total"":97000},{""productId"":""e24cbe96-3587-437f-9a4a-36041590c16a"",""nama"":""SUNDAE STRAWBERRY"",""hargaPerBox"":97000,""isiPerBox"":24,""qtyBox"":1,""total"":97000},{""productId"":""1441bc6d-2850-4d09-92ef-032b2b3ad3c0"",""nama"":""SWEET CORN"",""hargaPerBox"":96000,""isiPerBox"":40,""qtyBox"":2,""total"":192000}]","03fa293b-b061-4954-bf0d-75d4fedb052e"
"899f4979-f37e-45a1-a867-04c21c04fe75","TOKO VIANA","K1911","","2025-11-12T08:14:03.000Z","701500","[{""productId"":""cd50fc88-32b3-41d6-893e-7253faa8da9b"",""nama"":""3 IN 1"",""hargaPerBox"":192000,""isiPerBox"":27,""qtyBox"":1,""total"":192000},{""productId"":""02942549-9659-4352-804b-5a5665a1302a"",""nama"":""CHOCO MALT"",""hargaPerBox"":80000,""isiPerBox"":50,""qtyBox"":1,""total"":80000},{""productId"":""4b126c6b-3c14-49dd-9ff4-f3dec8bc3662"",""nama"":""CRISPY BALLS COOKIS"",""hargaPerBox"":118500,""isiPerBox"":30,""qtyBox"":2,""total"":237000},{""productId"":""1441bc6d-2850-4d09-92ef-032b2b3ad3c0"",""nama"":""SWEET CORN"",""hargaPerBox"":96000,""isiPerBox"":40,""qtyBox"":1,""total"":96000},{""productId"":""49e0231e-af99-4110-9592-072d18ec59a0"",""nama"":""TARO CRISPY"",""hargaPerBox"":96500,""isiPerBox"":40,""qtyBox"":1,""total"":96500}]","09ad02c7-e4f1-4631-a7ca-62ab814b15bc"
"447595c6-2025-4419-a012-8d94be89e4bc","TOSERBA JIWA MART","K2008","Order dari kunjungan:","2025-10-14T07:34:40.601Z","567300","[{""productId"":""ff94f02b-8423-412b-84a7-90a4cdf95acd"",""nama"":""2 COLOR"",""hargaPerBox"":92000,""isiPerBox"":40,""qtyBox"":1,""total"":92000},{""productId"":""02942549-9659-4352-804b-5a5665a1302a"",""nama"":""CHOCO MALT"",""hargaPerBox"":80000,""isiPerBox"":50,""qtyBox"":1,""total"":80000},{""productId"":""978f2fba-a58a-4ead-b548-8fb64417b093"",""nama"":""CHOCOLATE STICK"",""hargaPerBox"":97000,""isiPerBox"":50,""qtyBox"":1,""total"":97000},{""productId"":""23736cae-26f2-4bb6-bfa5-1e9819418946"",""nama"":""FRUITY ROLL"",""hargaPerBox"":124800,""isiPerBox"":40,""qtyBox"":1,""total"":124800},{""productId"":""f9135088-2cf1-45ae-94b7-2dd4d6c54632"",""nama"":""SEMANGKA"",""hargaPerBox"":77500,""isiPerBox"":50,""qtyBox"":1,""total"":77500},{""productId"":""1441bc6d-2850-4d09-92ef-032b2b3ad3c0"",""nama"":""SWEET CORN"",""hargaPerBox"":96000,""isiPerBox"":40,""qtyBox"":1,""total"":96000}]","4f5c61e4-2013-432e-9eff-31c5f150fb77"
"a0ad1bcb-101a-4c18-b744-f91787682c64","MJ CELL","K0441","Order dari kunjungan: ","2025-10-10T07:12:05.074Z","792000","[{""productId"":""02942549-9659-4352-804b-5a5665a1302a"",""nama"":""CHOCO MALT"",""hargaPerBox"":80000,""isiPerBox"":50,""qtyBox"":1,""total"":80000},{""productId"":""091c691a-b5a5-41d4-9a77-d70b2fb32811"",""nama"":""CHOCOMELT CONE"",""hargaPerBox"":97500,""isiPerBox"":24,""qtyBox"":1,""total"":97500},{""productId"":""19153282-2d60-4826-932a-c7c9a0a958b7"",""nama"":""COFFE CRISPY"",""hargaPerBox"":110000,""isiPerBox"":40,""qtyBox"":1,""total"":110000},{""productId"":""4b126c6b-3c14-49dd-9ff4-f3dec8bc3662"",""nama"":""CRISPY BALLS COOKIS"",""hargaPerBox"":118500,""isiPerBox"":40,""qtyBox"":1,""total"":118500},{""productId"":""813ea956-40e3-4408-bee3-acdb66980318"",""nama"":""FRUIZY BLUEBERRY YOGURT"",""hargaPerBox"":96000,""isiPerBox"":40,""qtyBox"":1,""total"":96000},{""productId"":""55cb8d5e-5852-4e6c-ae02-1a6a02f7ea29"",""nama"":""SUNDAE CHOCOLATE"",""hargaPerBox"":97000,""isiPerBox"":24,""qtyBox"":1,""total"":97000},{""productId"":""e24cbe96-3587-437f-9a4a-36041590c16a"",""nama"":""SUNDAE STRAWBERRY"",""hargaPerBox"":97000,""isiPerBox"":24,""qtyBox"":1,""total"":97000},{""productId"":""1441bc6d-2850-4d09-92ef-032b2b3ad3c0"",""nama"":""SWEET CORN"",""hargaPerBox"":96000,""isiPerBox"":40,""qtyBox"":1,""total"":96000}]","3fa18e68-5cae-4db0-9221-1838d583853b"
"dac70836-d6ea-4a26-951c-fb5eb9bbedc6","ZUMAEROH","K1599","Order dari kunjungan:","2025-10-06T04:04:06.006Z","610300","[{""productId"":""4b126c6b-3c14-49dd-9ff4-f3dec8bc3662"",""nama"":""CRISPY BALLS COOKIS"",""hargaPerBox"":118500,""isiPerBox"":40,""qtyBox"":1,""total"":118500},{""productId"":""23736cae-26f2-4bb6-bfa5-1e9819418946"",""nama"":""FRUITY ROLL"",""hargaPerBox"":124800,""isiPerBox"":40,""qtyBox"":1,""total"":124800},{""productId"":""813ea956-40e3-4408-bee3-acdb66980318"",""nama"":""FRUIZY BLUEBERRY YOGURT"",""hargaPerBox"":96000,""isiPerBox"":40,""qtyBox"":1,""total"":96000},{""productId"":""0e3a07fb-d3a0-48fc-8209-d3d3649b292f"",""nama"":""JERUK"",""hargaPerBox"":78000,""isiPerBox"":50,""qtyBox"":1,""total"":78000},{""productId"":""e24cbe96-3587-437f-9a4a-36041590c16a"",""nama"":""SUNDAE STRAWBERRY"",""hargaPerBox"":97000,""isiPerBox"":24,""qtyBox"":1,""total"":97000},{""productId"":""1441bc6d-2850-4d09-92ef-032b2b3ad3c0"",""nama"":""SWEET CORN"",""hargaPerBox"":96000,""isiPerBox"":40,""qtyBox"":1,""total"":96000}]","e7a271d9-4961-4796-992e-1e92a77a8246"
"da15329b-3086-48c9-a819-e7164ef6fbc4","AMIN","K0503","Order dari kunjungan:","2025-10-11T06:05:01.242Z","1708000","[{""productId"":""ff94f02b-8423-412b-84a7-90a4cdf95acd"",""nama"":""2 COLOR"",""hargaPerBox"":92000,""isiPerBox"":40,""qtyBox"":1,""total"":92000},{""productId"":""cd50fc88-32b3-41d6-893e-7253faa8da9b"",""nama"":""3 IN 1"",""hargaPerBox"":192000,""isiPerBox"":27,""qtyBox"":1,""total"":192000},{""productId"":""02942549-9659-4352-804b-5a5665a1302a"",""nama"":""CHOCO MALT"",""hargaPerBox"":80000,""isiPerBox"":50,""qtyBox"":1,""total"":80000},{""productId"":""97bfb86b-50f3-4725-8ebc-a930107e1f3f"",""nama"":""CHOCOLATE CRISPY"",""hargaPerBox"":117000,""isiPerBox"":30,""qtyBox"":1,""total"":117000},{""productId"":""978f2fba-a58a-4ead-b548-8fb64417b093"",""nama"":""CHOCOLATE STICK"",""hargaPerBox"":97000,""isiPerBox"":50,""qtyBox"":1,""total"":97000},{""productId"":""091c691a-b5a5-41d4-9a77-d70b2fb32811"",""nama"":""CHOCOMELT CONE"",""hargaPerBox"":97500,""isiPerBox"":24,""qtyBox"":1,""total"":97500},{""productId"":""19153282-2d60-4826-932a-c7c9a0a958b7"",""nama"":""COFFE CRISPY"",""hargaPerBox"":110000,""isiPerBox"":40,""qtyBox"":1,""total"":110000},{""productId"":""813ea956-40e3-4408-bee3-acdb66980318"",""nama"":""FRUIZY BLUEBERRY YOGURT"",""hargaPerBox"":96000,""isiPerBox"":40,""qtyBox"":1,""total"":96000},{""productId"":""344b79cf-a037-4561-ba42-50626465dc90"",""nama"":""FRUIZY GRAPE"",""hargaPerBox"":80000,""isiPerBox"":50,""qtyBox"":1,""total"":80000},{""productId"":""0e3a07fb-d3a0-48fc-8209-d3d3649b292f"",""nama"":""JERUK"",""hargaPerBox"":78000,""isiPerBox"":50,""qtyBox"":1,""total"":78000},{""productId"":""adf3703f-33c4-4b26-b6eb-7e5731dbdb67"",""nama"":""MIKI-MIKI"",""hargaPerBox"":93500,""isiPerBox"":60,""qtyBox"":1,""total"":93500},{""productId"":""ce412f53-cbe1-4f99-a97f-994f9d4639fb"",""nama"":""MOCHI VANILLA"",""hargaPerBox"":92500,""isiPerBox"":40,""qtyBox"":1,""total"":92500},{""productId"":""55cb8d5e-5852-4e6c-ae02-1a6a02f7ea29"",""nama"":""SUNDAE CHOCOLATE"",""hargaPerBox"":97000,""isiPerBox"":24,""qtyBox"":1,""total"":97000},{""productId"":""e24cbe96-3587-437f-9a4a-36041590c16a"",""nama"":""SUNDAE STRAWBERRY"",""hargaPerBox"":97000,""isiPerBox"":24,""qtyBox"":1,""total"":97000},{""productId"":""1441bc6d-2850-4d09-92ef-032b2b3ad3c0"",""nama"":""SWEET CORN"",""hargaPerBox"":96000,""isiPerBox"":40,""qtyBox"":2,""total"":192000},{""productId"":""49e0231e-af99-4110-9592-072d18ec59a0"",""nama"":""TARO CRISPY"",""hargaPerBox"":96500,""isiPerBox"":40,""qtyBox"":1,""total"":96500}]","231697b5-5315-4fa0-acb2-42f7099dd1ad"
"a741d86a-e4b0-413b-96bf-e9be7940219e","SDN 1 BAKALAN ( TOKO SEMBAKO AHLIS )","K2015","","2025-10-03T08:08:45.862Z","459000","[{""isiPerBox"":24,""total"":97500,""productId"":""091c691a-b5a5-41d4-9a77-d70b2fb32811"",""hargaPerBox"":97500,""nama"":""CHOCOMELT CONE"",""qtyBox"":1},{""total"":93500,""qtyBox"":1,""productId"":""97c8c35f-40d8-49fe-8e66-d051ebafe3fb"",""isiPerBox"":60,""hargaPerBox"":93500,""nama"":""MIKI-MIKI DOUBLE CHOCO""},{""isiPerBox"":40,""nama"":""MOCHI KLEPON"",""total"":94500,""hargaPerBox"":94500,""productId"":""f471b533-b60a-432d-8715-8d6951b581ad"",""qtyBox"":1},{""total"":77500,""hargaPerBox"":77500,""isiPerBox"":50,""qtyBox"":1,""productId"":""9aeec589-46a9-469d-80da-7d4b3b1a741b"",""nama"":""NANAS""},{""isiPerBox"":40,""productId"":""1441bc6d-2850-4d09-92ef-032b2b3ad3c0"",""total"":96000,""hargaPerBox"":96000,""qtyBox"":1,""nama"":""SWEET CORN""}]","e72c3b1e-9bf0-4916-bfa3-5226f993ef43"
"a0c38ab0-a753-4852-9152-8919a3a021e1","TOKO WAHYUDI","K1586","Order dari kunjungan: ","2025-10-22T05:55:01.261Z","271500","[{""productId"":""f9135088-2cf1-45ae-94b7-2dd4d6c54632"",""nama"":""SEMANGKA"",""hargaPerBox"":77500,""isiPerBox"":50,""qtyBox"":1,""total"":77500},{""productId"":""55cb8d5e-5852-4e6c-ae02-1a6a02f7ea29"",""nama"":""SUNDAE CHOCOLATE"",""hargaPerBox"":97000,""isiPerBox"":24,""qtyBox"":1,""total"":97000},{""productId"":""e24cbe96-3587-437f-9a4a-36041590c16a"",""nama"":""SUNDAE STRAWBERRY"",""hargaPerBox"":97000,""isiPerBox"":24,""qtyBox"":1,""total"":97000}]","63dddd33-f43d-4bf1-a102-aa452fad4e5e"
"9bcbb48e-0211-483a-b795-18515c9f35e3","MADUN","K0373","Order dari kunjungan: ","2025-11-12T09:09:49.656Z","570500","[{""productId"":""978f2fba-a58a-4ead-b548-8fb64417b093"",""nama"":""CHOCOLATE STICK (BINGO)"",""hargaPerBox"":97000,""isiPerBox"":50,""qtyBox"":1,""total"":97000},{""productId"":""adf3703f-33c4-4b26-b6eb-7e5731dbdb67"",""nama"":""MIKI-MIKI"",""hargaPerBox"":93500,""isiPerBox"":60,""qtyBox"":2,""total"":187000},{""productId"":""97c8c35f-40d8-49fe-8e66-d051ebafe3fb"",""nama"":""MIKI-MIKI DOUBLE CHOCO"",""hargaPerBox"":93500,""isiPerBox"":60,""qtyBox"":1,""total"":93500},{""productId"":""55cb8d5e-5852-4e6c-ae02-1a6a02f7ea29"",""nama"":""SUNDAE CHOCOLATE"",""hargaPerBox"":97000,""isiPerBox"":24,""qtyBox"":1,""total"":97000},{""productId"":""1441bc6d-2850-4d09-92ef-032b2b3ad3c0"",""nama"":""SWEET CORN"",""hargaPerBox"":96000,""isiPerBox"":40,""qtyBox"":1,""total"":96000}]","c1fda8a9-c770-49d5-aef8-a3a58a5077dd"
"4788336f-5c4c-4646-8d12-7936fe3b2d84","ELLA 3 SMK PUTRI BALEKAMBANG","K0392","Order dari kunjungan: ","2025-10-28T09:42:14.171Z","1591000","[{""productId"":""978f2fba-a58a-4ead-b548-8fb64417b093"",""nama"":""CHOCOLATE STICK (BINGO)"",""hargaPerBox"":97000,""isiPerBox"":50,""qtyBox"":1,""total"":97000},{""productId"":""4b126c6b-3c14-49dd-9ff4-f3dec8bc3662"",""nama"":""CRISPY BALLS COOKIS"",""hargaPerBox"":118500,""isiPerBox"":40,""qtyBox"":10,""total"":1185000},{""productId"":""421a7ad7-a36a-4882-b7fc-18004318e776"",""nama"":""CRISPY BALLS ORIGINAL"",""hargaPerBox"":118500,""isiPerBox"":30,""qtyBox"":1,""total"":118500},{""productId"":""c64f588e-f38a-463e-be49-d005ce119adc"",""nama"":""MOCHI MANGO"",""hargaPerBox"":94500,""isiPerBox"":40,""qtyBox"":1,""total"":94500},{""productId"":""1441bc6d-2850-4d09-92ef-032b2b3ad3c0"",""nama"":""SWEET CORN"",""hargaPerBox"":96000,""isiPerBox"":40,""qtyBox"":1,""total"":96000}]","d71b31ad-165d-49fc-8aa0-bf34008c810e"
"918a9f86-c4d7-44b1-b1b6-aad9ecec0c8f","TOKO SHERLY","K1500","","2025-10-01T04:24:28.188Z","425500","[{""nama"":""CHOCO MALT"",""productId"":""02942549-9659-4352-804b-5a5665a1302a"",""total"":80000,""qtyBox"":1,""hargaPerBox"":80000,""isiPerBox"":50},{""isiPerBox"":50,""productId"":""0e3a07fb-d3a0-48fc-8209-d3d3649b292f"",""total"":78000,""nama"":""JERUK"",""qtyBox"":1,""hargaPerBox"":78000},{""qtyBox"":1,""nama"":""MIKI-MIKI"",""total"":93500,""productId"":""adf3703f-33c4-4b26-b6eb-7e5731dbdb67"",""isiPerBox"":60,""hargaPerBox"":93500},{""productId"":""f9135088-2cf1-45ae-94b7-2dd4d6c54632"",""total"":77500,""isiPerBox"":50,""hargaPerBox"":77500,""nama"":""SEMANGKA"",""qtyBox"":1},{""productId"":""49e0231e-af99-4110-9592-072d18ec59a0"",""total"":96500,""hargaPerBox"":96500,""isiPerBox"":40,""nama"":""TARO CRISPY"",""qtyBox"":1}]","bfdfd05e-fba3-4b66-b0b1-336f2a242b15"
"9f00f5a3-94ad-4211-9400-1c969d5e1641","MADURA BUNDA","K2077","Order dari kunjungan: ","2025-10-16T09:33:45.176Z","458500","[{""productId"":""091c691a-b5a5-41d4-9a77-d70b2fb32811"",""nama"":""CHOCOMELT CONE"",""hargaPerBox"":97500,""isiPerBox"":24,""qtyBox"":1,""total"":97500},{""productId"":""267ea0f8-db2a-4831-8eeb-35cbaae04604"",""nama"":""MANGO SLUSH"",""hargaPerBox"":90500,""isiPerBox"":30,""qtyBox"":1,""total"":90500},{""productId"":""9aeec589-46a9-469d-80da-7d4b3b1a741b"",""nama"":""NANAS"",""hargaPerBox"":77500,""isiPerBox"":50,""qtyBox"":1,""total"":77500},{""productId"":""55cb8d5e-5852-4e6c-ae02-1a6a02f7ea29"",""nama"":""SUNDAE CHOCOLATE"",""hargaPerBox"":97000,""isiPerBox"":24,""qtyBox"":1,""total"":97000},{""productId"":""1441bc6d-2850-4d09-92ef-032b2b3ad3c0"",""nama"":""SWEET CORN"",""hargaPerBox"":96000,""isiPerBox"":40,""qtyBox"":1,""total"":96000}]","abc93f32-cd80-4752-ba14-885bb3cb0e18"
"da15329b-3086-48c9-a819-e7164ef6fbc4","TOKO IBU AMIN","K0503","","2025-10-29T17:00:00.000Z","2092200","[{""productId"":""ff94f02b-8423-412b-84a7-90a4cdf95acd"",""nama"":""2 COLOR"",""hargaPerBox"":92000,""isiPerBox"":40,""qtyBox"":1,""total"":92000},{""productId"":""02942549-9659-4352-804b-5a5665a1302a"",""nama"":""CHOCO MALT"",""hargaPerBox"":80000,""isiPerBox"":50,""qtyBox"":2,""total"":160000},{""productId"":""978f2fba-a58a-4ead-b548-8fb64417b093"",""nama"":""CHOCOLATE STICK (BINGO)"",""hargaPerBox"":97000,""isiPerBox"":50,""qtyBox"":2,""total"":194000},{""productId"":""091c691a-b5a5-41d4-9a77-d70b2fb32811"",""nama"":""CHOCOMELT CONE"",""hargaPerBox"":97500,""isiPerBox"":24,""qtyBox"":1,""total"":97500},{""productId"":""4b126c6b-3c14-49dd-9ff4-f3dec8bc3662"",""nama"":""CRISPY BALLS COOKIS"",""hargaPerBox"":118500,""isiPerBox"":40,""qtyBox"":1,""total"":118500},{""productId"":""344b79cf-a037-4561-ba42-50626465dc90"",""nama"":""FRUIZY GRAPE"",""hargaPerBox"":80000,""isiPerBox"":50,""qtyBox"":1,""total"":80000},{""productId"":""adf3703f-33c4-4b26-b6eb-7e5731dbdb67"",""nama"":""MIKI-MIKI"",""hargaPerBox"":93500,""isiPerBox"":60,""qtyBox"":2,""total"":187000},{""productId"":""97c8c35f-40d8-49fe-8e66-d051ebafe3fb"",""nama"":""MIKI-MIKI DOUBLE CHOCO"",""hargaPerBox"":93500,""isiPerBox"":60,""qtyBox"":1,""total"":93500},{""productId"":""c64f588e-f38a-463e-be49-d005ce119adc"",""nama"":""MOCHI MANGO"",""hargaPerBox"":94500,""isiPerBox"":40,""qtyBox"":1,""total"":94500},{""productId"":""ce412f53-cbe1-4f99-a97f-994f9d4639fb"",""nama"":""MOCHI VANILLA"",""hargaPerBox"":92500,""isiPerBox"":40,""qtyBox"":1,""total"":92500},{""productId"":""f9135088-2cf1-45ae-94b7-2dd4d6c54632"",""nama"":""SEMANGKA"",""hargaPerBox"":77500,""isiPerBox"":50,""qtyBox"":1,""total"":77500},{""productId"":""cd48792b-8ef3-4cba-be2d-3283481e7c59"",""nama"":""STRAWBERRY CONE"",""hargaPerBox"":97500,""isiPerBox"":24,""qtyBox"":1,""total"":97500},{""productId"":""b54e5a8a-a7b0-4f58-854e-151b9ac7b147"",""nama"":""STRAWBERRY CRISPY"",""hargaPerBox"":110000,""isiPerBox"":40,""qtyBox"":1,""total"":110000},{""productId"":""55cb8d5e-5852-4e6c-ae02-1a6a02f7ea29"",""nama"":""SUNDAE CHOCOLATE"",""hargaPerBox"":97000,""isiPerBox"":24,""qtyBox"":2,""total"":194000},{""productId"":""1441bc6d-2850-4d09-92ef-032b2b3ad3c0"",""nama"":""SWEET CORN"",""hargaPerBox"":96000,""isiPerBox"":40,""qtyBox"":2,""total"":192000},{""productId"":""49e0231e-af99-4110-9592-072d18ec59a0"",""nama"":""TARO CRISPY"",""hargaPerBox"":96500,""isiPerBox"":40,""qtyBox"":1,""total"":96500},{""productId"":""39defa48-f6f5-4088-8127-a832bf021ac8"",""nama"":""VANILLA BERRY CONE"",""hargaPerBox"":115200,""isiPerBox"":48,""qtyBox"":1,""total"":115200}]","5a2780fb-513c-42f8-8c67-8972d801366c"
"3ff0830c-2f2f-45e4-9566-8fe33eb7c93f","SUKATI","K0467","","2025-10-03T03:34:24.849Z","527000","[{""hargaPerBox"":118500,""isiPerBox"":40,""total"":118500,""nama"":""CRISPY BALLS COOKIS"",""qtyBox"":1,""productId"":""4b126c6b-3c14-49dd-9ff4-f3dec8bc3662""},{""isiPerBox"":30,""total"":118500,""nama"":""CRISPY BALLS ORIGINAL"",""qtyBox"":1,""productId"":""421a7ad7-a36a-4882-b7fc-18004318e776"",""hargaPerBox"":118500},{""qtyBox"":1,""nama"":""FRUITY ROLL"",""isiPerBox"":40,""total"":97000,""hargaPerBox"":97000,""productId"":""23736cae-26f2-4bb6-bfa5-1e9819418946""},{""qtyBox"":1,""nama"":""SUNDAE CHOCOLATE"",""total"":97000,""hargaPerBox"":97000,""productId"":""55cb8d5e-5852-4e6c-ae02-1a6a02f7ea29"",""isiPerBox"":24},{""productId"":""1441bc6d-2850-4d09-92ef-032b2b3ad3c0"",""nama"":""SWEET CORN"",""qtyBox"":1,""total"":96000,""isiPerBox"":40,""hargaPerBox"":96000}]","a67dc93a-b046-436b-b056-987d429dd359"
"01211cd5-a06d-4d0a-bb4d-bf5a2ce00879","APOTEK PANCUR","K0352","Order dari kunjungan:","2025-10-13T08:47:43.188Z","1411000","[{""productId"":""02942549-9659-4352-804b-5a5665a1302a"",""nama"":""CHOCO MALT"",""hargaPerBox"":80000,""isiPerBox"":50,""qtyBox"":1,""total"":80000},{""productId"":""97bfb86b-50f3-4725-8ebc-a930107e1f3f"",""nama"":""CHOCOLATE CRISPY"",""hargaPerBox"":117000,""isiPerBox"":30,""qtyBox"":1,""total"":117000},{""productId"":""978f2fba-a58a-4ead-b548-8fb64417b093"",""nama"":""CHOCOLATE STICK"",""hargaPerBox"":97000,""isiPerBox"":50,""qtyBox"":1,""total"":97000},{""productId"":""4b126c6b-3c14-49dd-9ff4-f3dec8bc3662"",""nama"":""CRISPY BALLS COOKIS"",""hargaPerBox"":118500,""isiPerBox"":40,""qtyBox"":1,""total"":118500},{""productId"":""813ea956-40e3-4408-bee3-acdb66980318"",""nama"":""FRUIZY BLUEBERRY YOGURT"",""hargaPerBox"":96000,""isiPerBox"":40,""qtyBox"":1,""total"":96000},{""productId"":""0e3a07fb-d3a0-48fc-8209-d3d3649b292f"",""nama"":""JERUK"",""hargaPerBox"":78000,""isiPerBox"":50,""qtyBox"":1,""total"":78000},{""productId"":""adf3703f-33c4-4b26-b6eb-7e5731dbdb67"",""nama"":""MIKI-MIKI"",""hargaPerBox"":93500,""isiPerBox"":60,""qtyBox"":1,""total"":93500},{""productId"":""ce412f53-cbe1-4f99-a97f-994f9d4639fb"",""nama"":""MOCHI VANILLA"",""hargaPerBox"":92500,""isiPerBox"":40,""qtyBox"":1,""total"":92500},{""productId"":""9aeec589-46a9-469d-80da-7d4b3b1a741b"",""nama"":""NANAS"",""hargaPerBox"":77500,""isiPerBox"":50,""qtyBox"":1,""total"":77500},{""productId"":""f9135088-2cf1-45ae-94b7-2dd4d6c54632"",""nama"":""SEMANGKA"",""hargaPerBox"":77500,""isiPerBox"":50,""qtyBox"":1,""total"":77500},{""productId"":""cd48792b-8ef3-4cba-be2d-3283481e7c59"",""nama"":""STRAWBERRY CONE"",""hargaPerBox"":97500,""isiPerBox"":24,""qtyBox"":1,""total"":97500},{""productId"":""55cb8d5e-5852-4e6c-ae02-1a6a02f7ea29"",""nama"":""SUNDAE CHOCOLATE"",""hargaPerBox"":97000,""isiPerBox"":24,""qtyBox"":1,""total"":97000},{""productId"":""e24cbe96-3587-437f-9a4a-36041590c16a"",""nama"":""SUNDAE STRAWBERRY"",""hargaPerBox"":97000,""isiPerBox"":24,""qtyBox"":1,""total"":97000},{""productId"":""1441bc6d-2850-4d09-92ef-032b2b3ad3c0"",""nama"":""SWEET CORN"",""hargaPerBox"":96000,""isiPerBox"":40,""qtyBox"":2,""total"":192000}]","921e26d9-76a4-417d-8568-437b640c99a3"
"f5170c6c-2fd8-4a00-90af-f85325da4666","WARUNG MADURA AL-AMIN 2","K1649","Order dari kunjungan: ","2025-10-23T00:11:37.319Z","1436000","[{""productId"":""978f2fba-a58a-4ead-b548-8fb64417b093"",""nama"":""CHOCOLATE STICK"",""hargaPerBox"":97000,""isiPerBox"":50,""qtyBox"":1,""total"":97000},{""productId"":""091c691a-b5a5-41d4-9a77-d70b2fb32811"",""nama"":""CHOCOMELT CONE"",""hargaPerBox"":97500,""isiPerBox"":24,""qtyBox"":1,""total"":97500},{""productId"":""19153282-2d60-4826-932a-c7c9a0a958b7"",""nama"":""COFFE CRISPY"",""hargaPerBox"":110000,""isiPerBox"":40,""qtyBox"":1,""total"":110000},{""productId"":""4b126c6b-3c14-49dd-9ff4-f3dec8bc3662"",""nama"":""CRISPY BALLS COOKIS"",""hargaPerBox"":118500,""isiPerBox"":40,""qtyBox"":1,""total"":118500},{""productId"":""adf3703f-33c4-4b26-b6eb-7e5731dbdb67"",""nama"":""MIKI-MIKI"",""hargaPerBox"":93500,""isiPerBox"":60,""qtyBox"":1,""total"":93500},{""productId"":""97c8c35f-40d8-49fe-8e66-d051ebafe3fb"",""nama"":""MIKI-MIKI DOUBLE CHOCO"",""hargaPerBox"":93500,""isiPerBox"":60,""qtyBox"":1,""total"":93500},{""productId"":""c64f588e-f38a-463e-be49-d005ce119adc"",""nama"":""MOCHI MANGO"",""hargaPerBox"":94500,""isiPerBox"":40,""qtyBox"":1,""total"":94500},{""productId"":""ce412f53-cbe1-4f99-a97f-994f9d4639fb"",""nama"":""MOCHI VANILLA"",""hargaPerBox"":92500,""isiPerBox"":40,""qtyBox"":1,""total"":92500},{""productId"":""9aeec589-46a9-469d-80da-7d4b3b1a741b"",""nama"":""NANAS"",""hargaPerBox"":77500,""isiPerBox"":50,""qtyBox"":1,""total"":77500},{""productId"":""f9135088-2cf1-45ae-94b7-2dd4d6c54632"",""nama"":""SEMANGKA"",""hargaPerBox"":77500,""isiPerBox"":50,""qtyBox"":1,""total"":77500},{""productId"":""cd48792b-8ef3-4cba-be2d-3283481e7c59"",""nama"":""STRAWBERRY CONE"",""hargaPerBox"":97500,""isiPerBox"":24,""qtyBox"":1,""total"":97500},{""productId"":""55cb8d5e-5852-4e6c-ae02-1a6a02f7ea29"",""nama"":""SUNDAE CHOCOLATE"",""hargaPerBox"":97000,""isiPerBox"":24,""qtyBox"":1,""total"":97000},{""productId"":""e24cbe96-3587-437f-9a4a-36041590c16a"",""nama"":""SUNDAE STRAWBERRY"",""hargaPerBox"":97000,""isiPerBox"":24,""qtyBox"":1,""total"":97000},{""productId"":""1441bc6d-2850-4d09-92ef-032b2b3ad3c0"",""nama"":""SWEET CORN"",""hargaPerBox"":96000,""isiPerBox"":40,""qtyBox"":1,""total"":96000},{""productId"":""49e0231e-af99-4110-9592-072d18ec59a0"",""nama"":""TARO CRISPY"",""hargaPerBox"":96500,""isiPerBox"":40,""qtyBox"":1,""total"":96500}]","6f7c040b-88d7-4b40-89b6-c19e24477658"
"4788336f-5c4c-4646-8d12-7936fe3b2d84","ELLA 3 SMK PUTRI BALEKAMBANG","K0392","Order dari kunjungan: ","2025-10-14T09:44:24.865Z","1667500","[{""productId"":""02942549-9659-4352-804b-5a5665a1302a"",""nama"":""CHOCO MALT"",""hargaPerBox"":80000,""isiPerBox"":50,""qtyBox"":1,""total"":80000},{""productId"":""97bfb86b-50f3-4725-8ebc-a930107e1f3f"",""nama"":""CHOCOLATE CRISPY"",""hargaPerBox"":117000,""isiPerBox"":30,""qtyBox"":1,""total"":117000},{""productId"":""978f2fba-a58a-4ead-b548-8fb64417b093"",""nama"":""CHOCOLATE STICK"",""hargaPerBox"":97000,""isiPerBox"":50,""qtyBox"":1,""total"":97000},{""productId"":""4b126c6b-3c14-49dd-9ff4-f3dec8bc3662"",""nama"":""CRISPY BALLS COOKIS"",""hargaPerBox"":118500,""isiPerBox"":40,""qtyBox"":10,""total"":1185000},{""productId"":""ce412f53-cbe1-4f99-a97f-994f9d4639fb"",""nama"":""MOCHI VANILLA"",""hargaPerBox"":92500,""isiPerBox"":40,""qtyBox"":1,""total"":92500},{""productId"":""1441bc6d-2850-4d09-92ef-032b2b3ad3c0"",""nama"":""SWEET CORN"",""hargaPerBox"":96000,""isiPerBox"":40,""qtyBox"":1,""total"":96000}]","83ca651a-5016-4d2b-9042-e4dd4f220e63"
"a23f56d7-66b7-4466-a4ee-4d79926c4689","SAMI JF MART","K1298","","2025-10-30T06:48:28.613Z","1010200","[{""productId"":""97bfb86b-50f3-4725-8ebc-a930107e1f3f"",""nama"":""CHOCOLATE CRISPY"",""hargaPerBox"":117000,""isiPerBox"":30,""qtyBox"":1,""total"":117000},{""productId"":""091c691a-b5a5-41d4-9a77-d70b2fb32811"",""nama"":""CHOCOMELT CONE"",""hargaPerBox"":97500,""isiPerBox"":24,""qtyBox"":1,""total"":97500},{""productId"":""8b377101-fe06-48f8-84f8-62c3ff2d94f4"",""nama"":""MILK MELON"",""hargaPerBox"":95000,""isiPerBox"":40,""qtyBox"":1,""total"":95000},{""productId"":""1b10562d-5172-4528-a5fc-1f5c68630147"",""nama"":""MOCHI PEACH"",""hargaPerBox"":92500,""isiPerBox"":40,""qtyBox"":1,""total"":92500},{""productId"":""ce412f53-cbe1-4f99-a97f-994f9d4639fb"",""nama"":""MOCHI VANILLA"",""hargaPerBox"":92500,""isiPerBox"":40,""qtyBox"":1,""total"":92500},{""productId"":""b54e5a8a-a7b0-4f58-854e-151b9ac7b147"",""nama"":""STRAWBERRY CRISPY"",""hargaPerBox"":110000,""isiPerBox"":40,""qtyBox"":1,""total"":110000},{""productId"":""55cb8d5e-5852-4e6c-ae02-1a6a02f7ea29"",""nama"":""SUNDAE CHOCOLATE"",""hargaPerBox"":97000,""isiPerBox"":24,""qtyBox"":2,""total"":194000},{""productId"":""49e0231e-af99-4110-9592-072d18ec59a0"",""nama"":""TARO CRISPY"",""hargaPerBox"":96500,""isiPerBox"":40,""qtyBox"":1,""total"":96500},{""productId"":""39defa48-f6f5-4088-8127-a832bf021ac8"",""nama"":""VANILLA BERRY CONE"",""hargaPerBox"":115200,""isiPerBox"":48,""qtyBox"":1,""total"":115200}]","473cc3b3-ffcb-482d-8d8a-c9eb70838d87"
"4c4cb1e2-7e9f-45b2-97e8-4f1de565ca6e","SD IT AL HUSNA PELEMKEREP","K1656","","2025-10-03T04:21:51.344Z","632500","[{""qtyBox"":1,""isiPerBox"":30,""nama"":""CHOCOLATE CRISPY"",""hargaPerBox"":117000,""productId"":""97bfb86b-50f3-4725-8ebc-a930107e1f3f"",""total"":117000},{""productId"":""08fb6f72-5d0c-4f5e-89ad-5b7948a696d7"",""qtyBox"":1,""total"":131000,""nama"":""CHOCOLATE MAX CONE"",""hargaPerBox"":131000,""isiPerBox"":24},{""total"":97000,""hargaPerBox"":97000,""qtyBox"":1,""productId"":""978f2fba-a58a-4ead-b548-8fb64417b093"",""nama"":""CHOCOLATE STICK"",""isiPerBox"":50},{""total"":97000,""nama"":""FRUITY ROLL"",""isiPerBox"":40,""productId"":""23736cae-26f2-4bb6-bfa5-1e9819418946"",""qtyBox"":1,""hargaPerBox"":97000},{""total"":96000,""hargaPerBox"":96000,""isiPerBox"":40,""qtyBox"":1,""productId"":""813ea956-40e3-4408-bee3-acdb66980318"",""nama"":""FRUIZY BLUEBERRY YOGURT""},{""isiPerBox"":40,""hargaPerBox"":94500,""nama"":""MOCHI KLEPON"",""qtyBox"":1,""total"":94500,""productId"":""f471b533-b60a-432d-8715-8d6951b581ad""}]","79598d00-1a39-4678-9a46-e1f0d08fa27f"
"c90bb0bc-7d18-4531-bf39-eee5fb08812e","SD IT AL ANWAR","K1658","","2025-10-04T14:22:40.331Z","468500","[{""productId"":""02942549-9659-4352-804b-5a5665a1302a"",""nama"":""CHOCO MALT"",""hargaPerBox"":80000,""isiPerBox"":50,""qtyBox"":1,""total"":80000},{""productId"":""4b126c6b-3c14-49dd-9ff4-f3dec8bc3662"",""nama"":""CRISPY BALLS COOKIS"",""hargaPerBox"":118500,""isiPerBox"":40,""qtyBox"":1,""total"":118500},{""productId"":""f9135088-2cf1-45ae-94b7-2dd4d6c54632"",""nama"":""SEMANGKA"",""hargaPerBox"":77500,""isiPerBox"":50,""qtyBox"":1,""total"":77500},{""productId"":""1441bc6d-2850-4d09-92ef-032b2b3ad3c0"",""nama"":""SWEET CORN"",""hargaPerBox"":96000,""isiPerBox"":40,""qtyBox"":1,""total"":96000},{""productId"":""49e0231e-af99-4110-9592-072d18ec59a0"",""nama"":""TARO CRISPY"",""hargaPerBox"":96500,""isiPerBox"":40,""qtyBox"":1,""total"":96500}]","4d0d4e25-7681-4783-8342-f3b20438aa34"
"46b5f2b0-e099-4d90-a699-93e51cd88145","TOKO HALIMAH","K1607","Order dari kunjungan: ","2025-10-07T02:36:34.208Z","509300","[{""productId"":""23736cae-26f2-4bb6-bfa5-1e9819418946"",""nama"":""FRUITY ROLL"",""hargaPerBox"":124800,""isiPerBox"":40,""qtyBox"":1,""total"":124800},{""productId"":""97c8c35f-40d8-49fe-8e66-d051ebafe3fb"",""nama"":""MIKI-MIKI DOUBLE CHOCO"",""hargaPerBox"":93500,""isiPerBox"":60,""qtyBox"":1,""total"":93500},{""productId"":""cd48792b-8ef3-4cba-be2d-3283481e7c59"",""nama"":""STRAWBERRY CONE"",""hargaPerBox"":97500,""isiPerBox"":24,""qtyBox"":1,""total"":97500},{""productId"":""55cb8d5e-5852-4e6c-ae02-1a6a02f7ea29"",""nama"":""SUNDAE CHOCOLATE"",""hargaPerBox"":97000,""isiPerBox"":24,""qtyBox"":1,""total"":97000},{""productId"":""49e0231e-af99-4110-9592-072d18ec59a0"",""nama"":""TARO CRISPY"",""hargaPerBox"":96500,""isiPerBox"":40,""qtyBox"":1,""total"":96500}]","d03aa322-066c-4f66-9182-2a22aa12fa5b"
"01211cd5-a06d-4d0a-bb4d-bf5a2ce00879","APOTEK PANCUR","K0352","Order dari kunjungan: ","2025-11-04T07:54:54.193Z","484200","[{""productId"":""091c691a-b5a5-41d4-9a77-d70b2fb32811"",""nama"":""CHOCOMELT CONE"",""hargaPerBox"":97500,""isiPerBox"":24,""qtyBox"":1,""total"":97500},{""productId"":""f9135088-2cf1-45ae-94b7-2dd4d6c54632"",""nama"":""SEMANGKA"",""hargaPerBox"":77500,""isiPerBox"":50,""qtyBox"":1,""total"":77500},{""productId"":""55cb8d5e-5852-4e6c-ae02-1a6a02f7ea29"",""nama"":""SUNDAE CHOCOLATE"",""hargaPerBox"":97000,""isiPerBox"":24,""qtyBox"":2,""total"":194000},{""productId"":""39defa48-f6f5-4088-8127-a832bf021ac8"",""nama"":""VANILLA BERRY CONE"",""hargaPerBox"":115200,""isiPerBox"":48,""qtyBox"":1,""total"":115200}]","1f8bacb1-d64a-4be9-8562-33a8f1d48aec"
"db68a5d9-ae22-4a70-ab8b-255b514f95ec","MUNTATIAH","K1366","Order dari kunjungan: ","2025-10-08T03:24:24.300Z","610000","[{""productId"":""4b126c6b-3c14-49dd-9ff4-f3dec8bc3662"",""nama"":""CRISPY BALLS COOKIS"",""hargaPerBox"":118500,""isiPerBox"":40,""qtyBox"":1,""total"":118500},{""productId"":""813ea956-40e3-4408-bee3-acdb66980318"",""nama"":""FRUIZY BLUEBERRY YOGURT"",""hargaPerBox"":96000,""isiPerBox"":40,""qtyBox"":1,""total"":96000},{""productId"":""ce412f53-cbe1-4f99-a97f-994f9d4639fb"",""nama"":""MOCHI VANILLA"",""hargaPerBox"":92500,""isiPerBox"":40,""qtyBox"":1,""total"":92500},{""productId"":""b54e5a8a-a7b0-4f58-854e-151b9ac7b147"",""nama"":""STRAWBERRY CRISPY"",""hargaPerBox"":110000,""isiPerBox"":40,""qtyBox"":1,""total"":110000},{""productId"":""55cb8d5e-5852-4e6c-ae02-1a6a02f7ea29"",""nama"":""SUNDAE CHOCOLATE"",""hargaPerBox"":97000,""isiPerBox"":24,""qtyBox"":1,""total"":97000},{""productId"":""1441bc6d-2850-4d09-92ef-032b2b3ad3c0"",""nama"":""SWEET CORN"",""hargaPerBox"":96000,""isiPerBox"":40,""qtyBox"":1,""total"":96000}]","25e8b920-7fcd-4c0d-9ebb-7a20d34b3dfe"
"b94cfa77-8407-4578-af10-6b2772ecf219","TOKO MBAK RINI","K1725","","2025-10-01T07:45:32.943Z","468500","[{""qtyBox"":1,""nama"":""CHOCO MALT"",""hargaPerBox"":80000,""total"":80000,""productId"":""02942549-9659-4352-804b-5a5665a1302a"",""isiPerBox"":50},{""qtyBox"":1,""hargaPerBox"":117000,""nama"":""CHOCOLATE CRISPY"",""productId"":""97bfb86b-50f3-4725-8ebc-a930107e1f3f"",""total"":117000,""isiPerBox"":30},{""hargaPerBox"":97000,""isiPerBox"":40,""nama"":""FRUITY ROLL"",""qtyBox"":1,""productId"":""23736cae-26f2-4bb6-bfa5-1e9819418946"",""total"":97000},{""nama"":""SEMANGKA"",""hargaPerBox"":77500,""total"":77500,""qtyBox"":1,""productId"":""f9135088-2cf1-45ae-94b7-2dd4d6c54632"",""isiPerBox"":50},{""total"":97000,""qtyBox"":1,""hargaPerBox"":97000,""isiPerBox"":24,""productId"":""55cb8d5e-5852-4e6c-ae02-1a6a02f7ea29"",""nama"":""SUNDAE CHOCOLATE""}]","c82c79d3-e4f6-4bf9-9348-f0d1ac903b50"
"05a42fbe-9be5-4835-9d1e-865ddad37323","KHUDIN","K0661","Order dari kunjungan: ","2025-11-05T09:28:32.145Z","482000","[{""productId"":""02942549-9659-4352-804b-5a5665a1302a"",""nama"":""CHOCO MALT"",""hargaPerBox"":80000,""isiPerBox"":50,""qtyBox"":1,""total"":80000},{""productId"":""4b126c6b-3c14-49dd-9ff4-f3dec8bc3662"",""nama"":""CRISPY BALLS COOKIS"",""hargaPerBox"":118500,""isiPerBox"":40,""qtyBox"":1,""total"":118500},{""productId"":""267ea0f8-db2a-4831-8eeb-35cbaae04604"",""nama"":""MANGO SLUSH"",""hargaPerBox"":90500,""isiPerBox"":30,""qtyBox"":1,""total"":90500},{""productId"":""55cb8d5e-5852-4e6c-ae02-1a6a02f7ea29"",""nama"":""SUNDAE CHOCOLATE"",""hargaPerBox"":97000,""isiPerBox"":24,""qtyBox"":1,""total"":97000},{""productId"":""1441bc6d-2850-4d09-92ef-032b2b3ad3c0"",""nama"":""SWEET CORN"",""hargaPerBox"":96000,""isiPerBox"":40,""qtyBox"":1,""total"":96000}]","f465a4d0-c576-45a3-b232-494f9c7957bd"
"1a59b3df-9602-48d3-9e38-45a07274d3b5","WINARNO","K2021","Order dari kunjungan: ","2025-11-11T11:00:41.328Z","402500","[{""productId"":""4b126c6b-3c14-49dd-9ff4-f3dec8bc3662"",""nama"":""CRISPY BALLS COOKIS"",""hargaPerBox"":118500,""isiPerBox"":30,""qtyBox"":1,""total"":118500},{""productId"":""adf3703f-33c4-4b26-b6eb-7e5731dbdb67"",""nama"":""MIKI-MIKI"",""hargaPerBox"":93500,""isiPerBox"":60,""qtyBox"":1,""total"":93500},{""productId"":""c64f588e-f38a-463e-be49-d005ce119adc"",""nama"":""MOCHI MANGO"",""hargaPerBox"":94500,""isiPerBox"":40,""qtyBox"":1,""total"":94500},{""productId"":""1441bc6d-2850-4d09-92ef-032b2b3ad3c0"",""nama"":""SWEET CORN"",""hargaPerBox"":96000,""isiPerBox"":40,""qtyBox"":1,""total"":96000}]","ea76ee31-bf71-45f2-86ad-52e99bf3f900"
"184324cb-592a-4970-a67b-f96b7dc02a65","SAMILATUN KHASANAH","K1945","Order dari kunjungan: ","2025-10-20T09:18:48.082Z","446500","[{""productId"":""02942549-9659-4352-804b-5a5665a1302a"",""nama"":""CHOCO MALT"",""hargaPerBox"":80000,""isiPerBox"":50,""qtyBox"":1,""total"":80000},{""productId"":""813ea956-40e3-4408-bee3-acdb66980318"",""nama"":""FRUIZY BLUEBERRY YOGURT"",""hargaPerBox"":96000,""isiPerBox"":40,""qtyBox"":1,""total"":96000},{""productId"":""9aeec589-46a9-469d-80da-7d4b3b1a741b"",""nama"":""NANAS"",""hargaPerBox"":77500,""isiPerBox"":50,""qtyBox"":1,""total"":77500},{""productId"":""55cb8d5e-5852-4e6c-ae02-1a6a02f7ea29"",""nama"":""SUNDAE CHOCOLATE"",""hargaPerBox"":97000,""isiPerBox"":24,""qtyBox"":1,""total"":97000},{""productId"":""1441bc6d-2850-4d09-92ef-032b2b3ad3c0"",""nama"":""SWEET CORN"",""hargaPerBox"":96000,""isiPerBox"":40,""qtyBox"":1,""total"":96000}]","ed847c10-317f-4f30-972e-3bc4fe35a147"
"05577f8c-d28b-489a-97c9-ed86f7ff8658","SD IT AL HUSNA 2","K1759","","2025-11-09T04:04:24.000Z","678800","[{""productId"":""421a7ad7-a36a-4882-b7fc-18004318e776"",""nama"":""CRISPY BALLS ORIGINAL"",""hargaPerBox"":118500,""isiPerBox"":30,""qtyBox"":1,""total"":118500},{""productId"":""23736cae-26f2-4bb6-bfa5-1e9819418946"",""nama"":""FRUITY ROLL"",""hargaPerBox"":124800,""isiPerBox"":40,""qtyBox"":1,""total"":124800},{""productId"":""0e3a07fb-d3a0-48fc-8209-d3d3649b292f"",""nama"":""JERUK"",""hargaPerBox"":78000,""isiPerBox"":50,""qtyBox"":1,""total"":78000},{""productId"":""267ea0f8-db2a-4831-8eeb-35cbaae04604"",""nama"":""MANGO SLUSH"",""hargaPerBox"":90500,""isiPerBox"":30,""qtyBox"":1,""total"":90500},{""productId"":""adf3703f-33c4-4b26-b6eb-7e5731dbdb67"",""nama"":""MIKI-MIKI"",""hargaPerBox"":93500,""isiPerBox"":60,""qtyBox"":1,""total"":93500},{""productId"":""9aeec589-46a9-469d-80da-7d4b3b1a741b"",""nama"":""NANAS"",""hargaPerBox"":77500,""isiPerBox"":50,""qtyBox"":1,""total"":77500},{""productId"":""1441bc6d-2850-4d09-92ef-032b2b3ad3c0"",""nama"":""SWEET CORN"",""hargaPerBox"":96000,""isiPerBox"":40,""qtyBox"":1,""total"":96000}]","deb18050-fa5e-46f0-841b-4c14b9d71ca8"
"a93d19f4-87ce-4bab-bf80-90060d03f4fb","TOKO BINTANI MART","K1409","Order dari kunjungan: ","2025-11-13T04:40:13.039Z","465500","[{""productId"":""091c691a-b5a5-41d4-9a77-d70b2fb32811"",""nama"":""CHOCOMELT CONE"",""hargaPerBox"":97500,""isiPerBox"":24,""qtyBox"":1,""total"":97500},{""productId"":""f9135088-2cf1-45ae-94b7-2dd4d6c54632"",""nama"":""SEMANGKA"",""hargaPerBox"":77500,""isiPerBox"":50,""qtyBox"":1,""total"":77500},{""productId"":""cd48792b-8ef3-4cba-be2d-3283481e7c59"",""nama"":""STRAWBERRY CONE"",""hargaPerBox"":97500,""isiPerBox"":24,""qtyBox"":1,""total"":97500},{""productId"":""55cb8d5e-5852-4e6c-ae02-1a6a02f7ea29"",""nama"":""SUNDAE CHOCOLATE"",""hargaPerBox"":97000,""isiPerBox"":24,""qtyBox"":1,""total"":97000},{""productId"":""1441bc6d-2850-4d09-92ef-032b2b3ad3c0"",""nama"":""SWEET CORN"",""hargaPerBox"":96000,""isiPerBox"":40,""qtyBox"":1,""total"":96000}]","ac1a9b1a-81fb-4c7d-994b-234b562cd207"
"b94cfa77-8407-4578-af10-6b2772ecf219","TOKO MBAK RINI","K1725","Order dari kunjungan: ","2025-11-13T07:37:03.784Z","521500","[{""productId"":""97bfb86b-50f3-4725-8ebc-a930107e1f3f"",""nama"":""CHOCOLATE CRISPY"",""hargaPerBox"":117000,""isiPerBox"":30,""qtyBox"":1,""total"":117000},{""productId"":""4b126c6b-3c14-49dd-9ff4-f3dec8bc3662"",""nama"":""CRISPY BALLS COOKIS"",""hargaPerBox"":118500,""isiPerBox"":30,""qtyBox"":1,""total"":118500},{""productId"":""ce412f53-cbe1-4f99-a97f-994f9d4639fb"",""nama"":""MOCHI VANILLA"",""hargaPerBox"":92500,""isiPerBox"":40,""qtyBox"":1,""total"":92500},{""productId"":""e24cbe96-3587-437f-9a4a-36041590c16a"",""nama"":""SUNDAE STRAWBERRY"",""hargaPerBox"":97000,""isiPerBox"":24,""qtyBox"":1,""total"":97000},{""productId"":""49e0231e-af99-4110-9592-072d18ec59a0"",""nama"":""TARO CRISPY"",""hargaPerBox"":96500,""isiPerBox"":40,""qtyBox"":1,""total"":96500}]","3b7bece5-31ac-408a-96d1-d7cca63e1513"
"ofWTyzpsse8zoCymsmtO","AL HUSNA 5 PANCUR","K1919","Order dari kunjungan: ","2025-10-06T06:24:01.326Z","424500","[{""productId"":""02942549-9659-4352-804b-5a5665a1302a"",""nama"":""CHOCO MALT"",""hargaPerBox"":80000,""isiPerBox"":50,""qtyBox"":2,""total"":160000},{""productId"":""97c8c35f-40d8-49fe-8e66-d051ebafe3fb"",""nama"":""MIKI-MIKI DOUBLE CHOCO"",""hargaPerBox"":93500,""isiPerBox"":60,""qtyBox"":2,""total"":187000},{""productId"":""9aeec589-46a9-469d-80da-7d4b3b1a741b"",""nama"":""NANAS"",""hargaPerBox"":77500,""isiPerBox"":50,""qtyBox"":1,""total"":77500}]","3fc02079-5083-4a57-aab4-518ca4f719d2"
"489380bc-8dca-446c-b652-3e71ea347503","TOKO HAPSARI","K1936","Order dari kunjungan:","2025-11-14T09:51:35.000Z","464500","[{""productId"":""091c691a-b5a5-41d4-9a77-d70b2fb32811"",""nama"":""CHOCOMELT CONE"",""hargaPerBox"":97500,""isiPerBox"":24,""qtyBox"":1,""total"":97500},{""productId"":""f9135088-2cf1-45ae-94b7-2dd4d6c54632"",""nama"":""SEMANGKA"",""hargaPerBox"":77500,""isiPerBox"":50,""qtyBox"":1,""total"":77500},{""productId"":""55cb8d5e-5852-4e6c-ae02-1a6a02f7ea29"",""nama"":""SUNDAE CHOCOLATE"",""hargaPerBox"":97000,""isiPerBox"":24,""qtyBox"":1,""total"":97000},{""productId"":""1441bc6d-2850-4d09-92ef-032b2b3ad3c0"",""nama"":""SWEET CORN"",""hargaPerBox"":96000,""isiPerBox"":40,""qtyBox"":1,""total"":96000},{""productId"":""49e0231e-af99-4110-9592-072d18ec59a0"",""nama"":""TARO CRISPY"",""hargaPerBox"":96500,""isiPerBox"":40,""qtyBox"":1,""total"":96500}]","a3dafb36-7b4e-4114-82ee-bae282af3907"
"fbf2ac52-7ceb-47fd-87bc-fc43e6f88520","WIWIK","K0424","Order dari kunjungan: ","2025-10-07T05:36:55.216Z","364000","[{""productId"":""02942549-9659-4352-804b-5a5665a1302a"",""nama"":""CHOCO MALT"",""hargaPerBox"":80000,""isiPerBox"":50,""qtyBox"":1,""total"":80000},{""productId"":""978f2fba-a58a-4ead-b548-8fb64417b093"",""nama"":""CHOCOLATE STICK"",""hargaPerBox"":97000,""isiPerBox"":50,""qtyBox"":1,""total"":97000},{""productId"":""c64f588e-f38a-463e-be49-d005ce119adc"",""nama"":""MOCHI MANGO"",""hargaPerBox"":94500,""isiPerBox"":40,""qtyBox"":1,""total"":94500},{""productId"":""ce412f53-cbe1-4f99-a97f-994f9d4639fb"",""nama"":""MOCHI VANILLA"",""hargaPerBox"":92500,""isiPerBox"":40,""qtyBox"":1,""total"":92500}]","4e5e1d12-b83c-426b-9468-f696b662f0e9"
"a5236b10-7c2d-4190-8e17-ffc69bf239c6","SUMBER MULYA","K1535","Order dari kunjungan:","2025-11-16T06:35:22.000Z","590000","[{""productId"":""091c691a-b5a5-41d4-9a77-d70b2fb32811"",""nama"":""CHOCOMELT CONE"",""hargaPerBox"":97500,""isiPerBox"":24,""qtyBox"":1,""total"":97500},{""productId"":""19153282-2d60-4826-932a-c7c9a0a958b7"",""nama"":""COFFE CRISPY"",""hargaPerBox"":110000,""isiPerBox"":40,""qtyBox"":1,""total"":110000},{""productId"":""ce412f53-cbe1-4f99-a97f-994f9d4639fb"",""nama"":""MOCHI VANILLA"",""hargaPerBox"":92500,""isiPerBox"":40,""qtyBox"":1,""total"":92500},{""productId"":""55cb8d5e-5852-4e6c-ae02-1a6a02f7ea29"",""nama"":""SUNDAE CHOCOLATE"",""hargaPerBox"":97000,""isiPerBox"":24,""qtyBox"":1,""total"":97000},{""productId"":""e24cbe96-3587-437f-9a4a-36041590c16a"",""nama"":""SUNDAE STRAWBERRY"",""hargaPerBox"":97000,""isiPerBox"":24,""qtyBox"":1,""total"":97000},{""productId"":""1441bc6d-2850-4d09-92ef-032b2b3ad3c0"",""nama"":""SWEET CORN"",""hargaPerBox"":96000,""isiPerBox"":40,""qtyBox"":1,""total"":96000}]","1f472caf-e211-4a65-82e4-7df4e00d5dce"
"f95a2adb-5a3d-4346-8f44-498ca87734bb","MI ASSALAM SINGOROJO","K1928","","2025-11-04T09:36:54.391Z","714300","[{""productId"":""02942549-9659-4352-804b-5a5665a1302a"",""nama"":""CHOCO MALT"",""hargaPerBox"":80000,""isiPerBox"":50,""qtyBox"":2,""total"":160000},{""productId"":""4b126c6b-3c14-49dd-9ff4-f3dec8bc3662"",""nama"":""CRISPY BALLS COOKIS"",""hargaPerBox"":118500,""isiPerBox"":40,""qtyBox"":2,""total"":237000},{""productId"":""23736cae-26f2-4bb6-bfa5-1e9819418946"",""nama"":""FRUITY ROLL"",""hargaPerBox"":124800,""isiPerBox"":40,""qtyBox"":1,""total"":124800},{""productId"":""1441bc6d-2850-4d09-92ef-032b2b3ad3c0"",""nama"":""SWEET CORN"",""hargaPerBox"":96000,""isiPerBox"":40,""qtyBox"":1,""total"":96000},{""productId"":""49e0231e-af99-4110-9592-072d18ec59a0"",""nama"":""TARO CRISPY"",""hargaPerBox"":96500,""isiPerBox"":40,""qtyBox"":1,""total"":96500}]","85471027-6cc9-4522-ad50-16b89b6997bc"
"c8f0dfb8-569f-44bd-b436-2003dbf7caf0","TOKO SOCHIBATUL MUNAWAROH","K1528","Order dari kunjungan: ","2025-10-22T07:36:34.228Z","485000","[{""productId"":""02942549-9659-4352-804b-5a5665a1302a"",""nama"":""CHOCO MALT"",""hargaPerBox"":80000,""isiPerBox"":50,""qtyBox"":1,""total"":80000},{""productId"":""4b126c6b-3c14-49dd-9ff4-f3dec8bc3662"",""nama"":""CRISPY BALLS COOKIS"",""hargaPerBox"":118500,""isiPerBox"":40,""qtyBox"":1,""total"":118500},{""productId"":""1b10562d-5172-4528-a5fc-1f5c68630147"",""nama"":""MOCHI PEACH"",""hargaPerBox"":92500,""isiPerBox"":40,""qtyBox"":1,""total"":92500},{""productId"":""55cb8d5e-5852-4e6c-ae02-1a6a02f7ea29"",""nama"":""SUNDAE CHOCOLATE"",""hargaPerBox"":97000,""isiPerBox"":24,""qtyBox"":1,""total"":97000},{""productId"":""e24cbe96-3587-437f-9a4a-36041590c16a"",""nama"":""SUNDAE STRAWBERRY"",""hargaPerBox"":97000,""isiPerBox"":24,""qtyBox"":1,""total"":97000}]","bc58ea96-d8a2-421c-9462-c2a6d366bcc2"
"4788336f-5c4c-4646-8d12-7936fe3b2d84","ELLA 3 SMK PUTRI BALEKAMBANG","K0392","","2025-11-02T07:22:53.541Z","1580500","[{""productId"":""978f2fba-a58a-4ead-b548-8fb64417b093"",""nama"":""CHOCOLATE STICK (BINGO)"",""hargaPerBox"":97000,""isiPerBox"":50,""qtyBox"":1,""total"":97000},{""productId"":""19153282-2d60-4826-932a-c7c9a0a958b7"",""nama"":""COFFE CRISPY"",""hargaPerBox"":110000,""isiPerBox"":40,""qtyBox"":1,""total"":110000},{""productId"":""4b126c6b-3c14-49dd-9ff4-f3dec8bc3662"",""nama"":""CRISPY BALLS COOKIS"",""hargaPerBox"":118500,""isiPerBox"":40,""qtyBox"":10,""total"":1185000},{""productId"":""ce412f53-cbe1-4f99-a97f-994f9d4639fb"",""nama"":""MOCHI VANILLA"",""hargaPerBox"":92500,""isiPerBox"":40,""qtyBox"":1,""total"":92500},{""productId"":""1441bc6d-2850-4d09-92ef-032b2b3ad3c0"",""nama"":""SWEET CORN"",""hargaPerBox"":96000,""isiPerBox"":40,""qtyBox"":1,""total"":96000}]","3edeb644-d977-4006-9b45-8f37dcf3291e"
"99b2e217-3eaf-45b5-ad6d-156c660cf300","M. FAIZUN","K1614","","2025-10-28T07:04:25.000Z","965200","[{""productId"":""02942549-9659-4352-804b-5a5665a1302a"",""nama"":""CHOCO MALT"",""hargaPerBox"":80000,""isiPerBox"":50,""qtyBox"":1,""total"":80000},{""productId"":""091c691a-b5a5-41d4-9a77-d70b2fb32811"",""nama"":""CHOCOMELT CONE"",""hargaPerBox"":97500,""isiPerBox"":24,""qtyBox"":1,""total"":97500},{""productId"":""4b126c6b-3c14-49dd-9ff4-f3dec8bc3662"",""nama"":""CRISPY BALLS COOKIS"",""hargaPerBox"":118500,""isiPerBox"":40,""qtyBox"":1,""total"":118500},{""productId"":""c64f588e-f38a-463e-be49-d005ce119adc"",""nama"":""MOCHI MANGO"",""hargaPerBox"":94500,""isiPerBox"":40,""qtyBox"":1,""total"":94500},{""productId"":""ce412f53-cbe1-4f99-a97f-994f9d4639fb"",""nama"":""MOCHI VANILLA"",""hargaPerBox"":92500,""isiPerBox"":40,""qtyBox"":1,""total"":92500},{""productId"":""9aeec589-46a9-469d-80da-7d4b3b1a741b"",""nama"":""NANAS"",""hargaPerBox"":77500,""isiPerBox"":50,""qtyBox"":1,""total"":77500},{""productId"":""55cb8d5e-5852-4e6c-ae02-1a6a02f7ea29"",""nama"":""SUNDAE CHOCOLATE"",""hargaPerBox"":97000,""isiPerBox"":24,""qtyBox"":1,""total"":97000},{""productId"":""1441bc6d-2850-4d09-92ef-032b2b3ad3c0"",""nama"":""SWEET CORN"",""hargaPerBox"":96000,""isiPerBox"":40,""qtyBox"":1,""total"":96000},{""productId"":""49e0231e-af99-4110-9592-072d18ec59a0"",""nama"":""TARO CRISPY"",""hargaPerBox"":96500,""isiPerBox"":40,""qtyBox"":1,""total"":96500},{""productId"":""39defa48-f6f5-4088-8127-a832bf021ac8"",""nama"":""VANILLA BERRY CONE"",""hargaPerBox"":115200,""isiPerBox"":48,""qtyBox"":1,""total"":115200}]","0e66db18-f36f-446e-a959-dd192cc434ca"
"6741fcee-d6a3-41c0-bd06-d23b4b20f021","BU ISTIANAH ( MTS URWATIL WATSQO )","K2066","","2025-10-20T01:43:58.233Z","297000","[{""productId"":""97c8c35f-40d8-49fe-8e66-d051ebafe3fb"",""nama"":""MIKI-MIKI DOUBLE CHOCO"",""hargaPerBox"":93500,""isiPerBox"":60,""qtyBox"":1,""total"":93500},{""productId"":""00f96836-782d-4c4f-8a19-f44d311252cd"",""nama"":""MOCHI CHOCOLATE"",""hargaPerBox"":93500,""isiPerBox"":40,""qtyBox"":1,""total"":93500},{""productId"":""b54e5a8a-a7b0-4f58-854e-151b9ac7b147"",""nama"":""STRAWBERRY CRISPY"",""hargaPerBox"":110000,""isiPerBox"":40,""qtyBox"":1,""total"":110000}]","34b78413-0e22-4113-ab87-69d96dd9ace7"
"2821519d-7cc4-41e1-a814-90f13118ad5f","RIYADLUL QUR'AN","K1286","Order dari kunjungan: ","2025-11-11T01:34:08.522Z","501000","[{""productId"":""4b126c6b-3c14-49dd-9ff4-f3dec8bc3662"",""nama"":""CRISPY BALLS COOKIS"",""hargaPerBox"":118500,""isiPerBox"":40,""qtyBox"":2,""total"":237000},{""productId"":""267ea0f8-db2a-4831-8eeb-35cbaae04604"",""nama"":""MANGO SLUSH"",""hargaPerBox"":90500,""isiPerBox"":30,""qtyBox"":1,""total"":90500},{""productId"":""f9135088-2cf1-45ae-94b7-2dd4d6c54632"",""nama"":""SEMANGKA"",""hargaPerBox"":77500,""isiPerBox"":50,""qtyBox"":1,""total"":77500},{""productId"":""1441bc6d-2850-4d09-92ef-032b2b3ad3c0"",""nama"":""SWEET CORN"",""hargaPerBox"":96000,""isiPerBox"":40,""qtyBox"":1,""total"":96000}]","fbb97c4f-f897-4d17-bbef-29e358126c88"
"a93d19f4-87ce-4bab-bf80-90060d03f4fb","TOKO BINTANI MART","K1409","","2025-10-25T04:27:53.273Z","502500","[{""productId"":""091c691a-b5a5-41d4-9a77-d70b2fb32811"",""nama"":""CHOCOMELT CONE"",""hargaPerBox"":97500,""isiPerBox"":24,""qtyBox"":1,""total"":97500},{""productId"":""4b126c6b-3c14-49dd-9ff4-f3dec8bc3662"",""nama"":""CRISPY BALLS COOKIS"",""hargaPerBox"":118500,""isiPerBox"":40,""qtyBox"":1,""total"":118500},{""productId"":""97c8c35f-40d8-49fe-8e66-d051ebafe3fb"",""nama"":""MIKI-MIKI DOUBLE CHOCO"",""hargaPerBox"":93500,""isiPerBox"":60,""qtyBox"":1,""total"":93500},{""productId"":""55cb8d5e-5852-4e6c-ae02-1a6a02f7ea29"",""nama"":""SUNDAE CHOCOLATE"",""hargaPerBox"":97000,""isiPerBox"":24,""qtyBox"":1,""total"":97000},{""productId"":""1441bc6d-2850-4d09-92ef-032b2b3ad3c0"",""nama"":""SWEET CORN"",""hargaPerBox"":96000,""isiPerBox"":40,""qtyBox"":1,""total"":96000}]","d1b132e4-e757-44bb-a0c7-cbce2811fed9"
"075fb1be-a864-4c5d-a4c3-79a3d0d9dc17","SUMUK CELL","K0504","","2025-10-17T06:52:25.000Z","904800","[{""productId"":""ff94f02b-8423-412b-84a7-90a4cdf95acd"",""nama"":""2 COLOR"",""hargaPerBox"":92000,""isiPerBox"":40,""qtyBox"":1,""total"":92000},{""productId"":""978f2fba-a58a-4ead-b548-8fb64417b093"",""nama"":""CHOCOLATE STICK"",""hargaPerBox"":97000,""isiPerBox"":50,""qtyBox"":1,""total"":97000},{""productId"":""4b126c6b-3c14-49dd-9ff4-f3dec8bc3662"",""nama"":""CRISPY BALLS COOKIS"",""hargaPerBox"":118500,""isiPerBox"":40,""qtyBox"":1,""total"":118500},{""productId"":""23736cae-26f2-4bb6-bfa5-1e9819418946"",""nama"":""FRUITY ROLL"",""hargaPerBox"":124800,""isiPerBox"":40,""qtyBox"":1,""total"":124800},{""productId"":""267ea0f8-db2a-4831-8eeb-35cbaae04604"",""nama"":""MANGO SLUSH"",""hargaPerBox"":90500,""isiPerBox"":30,""qtyBox"":1,""total"":90500},{""productId"":""adf3703f-33c4-4b26-b6eb-7e5731dbdb67"",""nama"":""MIKI-MIKI"",""hargaPerBox"":93500,""isiPerBox"":60,""qtyBox"":1,""total"":93500},{""productId"":""8b377101-fe06-48f8-84f8-62c3ff2d94f4"",""nama"":""MILK MELON"",""hargaPerBox"":95000,""isiPerBox"":40,""qtyBox"":1,""total"":95000},{""productId"":""55cb8d5e-5852-4e6c-ae02-1a6a02f7ea29"",""nama"":""SUNDAE CHOCOLATE"",""hargaPerBox"":97000,""isiPerBox"":24,""qtyBox"":1,""total"":97000},{""productId"":""49e0231e-af99-4110-9592-072d18ec59a0"",""nama"":""TARO CRISPY"",""hargaPerBox"":96500,""isiPerBox"":40,""qtyBox"":1,""total"":96500}]","07735d25-2e96-4f0e-8641-ee15c3019827"
"46b5f2b0-e099-4d90-a699-93e51cd88145","TOKO HALIMAH","K1607","Order dari kunjungan: ","2025-10-21T02:47:27.922Z","479500","[{""productId"":""4b126c6b-3c14-49dd-9ff4-f3dec8bc3662"",""nama"":""CRISPY BALLS COOKIS"",""hargaPerBox"":118500,""isiPerBox"":40,""qtyBox"":1,""total"":118500},{""productId"":""267ea0f8-db2a-4831-8eeb-35cbaae04604"",""nama"":""MANGO SLUSH"",""hargaPerBox"":90500,""isiPerBox"":30,""qtyBox"":1,""total"":90500},{""productId"":""f9135088-2cf1-45ae-94b7-2dd4d6c54632"",""nama"":""SEMANGKA"",""hargaPerBox"":77500,""isiPerBox"":50,""qtyBox"":1,""total"":77500},{""productId"":""55cb8d5e-5852-4e6c-ae02-1a6a02f7ea29"",""nama"":""SUNDAE CHOCOLATE"",""hargaPerBox"":97000,""isiPerBox"":24,""qtyBox"":1,""total"":97000},{""productId"":""1441bc6d-2850-4d09-92ef-032b2b3ad3c0"",""nama"":""SWEET CORN"",""hargaPerBox"":96000,""isiPerBox"":40,""qtyBox"":1,""total"":96000}]","161106c7-b1ad-49e8-a622-e87aac600223"
"4d252543-4e0e-4fc1-b82d-6a6fc91f9228","TIGA SAUDARA 2","K1149","","2025-10-06T09:03:24.118Z","506300","[{""productId"":""ff94f02b-8423-412b-84a7-90a4cdf95acd"",""nama"":""2 COLOR"",""hargaPerBox"":92000,""isiPerBox"":40,""qtyBox"":1,""total"":92000},{""productId"":""23736cae-26f2-4bb6-bfa5-1e9819418946"",""nama"":""FRUITY ROLL"",""hargaPerBox"":124800,""isiPerBox"":40,""qtyBox"":1,""total"":124800},{""productId"":""55cb8d5e-5852-4e6c-ae02-1a6a02f7ea29"",""nama"":""SUNDAE CHOCOLATE"",""hargaPerBox"":97000,""isiPerBox"":24,""qtyBox"":1,""total"":97000},{""productId"":""1441bc6d-2850-4d09-92ef-032b2b3ad3c0"",""nama"":""SWEET CORN"",""hargaPerBox"":96000,""isiPerBox"":40,""qtyBox"":1,""total"":96000},{""productId"":""49e0231e-af99-4110-9592-072d18ec59a0"",""nama"":""TARO CRISPY"",""hargaPerBox"":96500,""isiPerBox"":40,""qtyBox"":1,""total"":96500}]","963cd194-51bb-461e-a967-d8caddaf666c"
"67abfcd5-d88a-4513-bd29-597353ebb2a9","NIKMAT SEMBAKO","K1543","","2025-10-29T09:33:29.261Z","939500","[{""productId"":""02942549-9659-4352-804b-5a5665a1302a"",""nama"":""CHOCO MALT"",""hargaPerBox"":80000,""isiPerBox"":50,""qtyBox"":1,""total"":80000},{""productId"":""97bfb86b-50f3-4725-8ebc-a930107e1f3f"",""nama"":""CHOCOLATE CRISPY"",""hargaPerBox"":117000,""isiPerBox"":30,""qtyBox"":1,""total"":117000},{""productId"":""978f2fba-a58a-4ead-b548-8fb64417b093"",""nama"":""CHOCOLATE STICK (BINGO)"",""hargaPerBox"":97000,""isiPerBox"":50,""qtyBox"":1,""total"":97000},{""productId"":""091c691a-b5a5-41d4-9a77-d70b2fb32811"",""nama"":""CHOCOMELT CONE"",""hargaPerBox"":97500,""isiPerBox"":24,""qtyBox"":1,""total"":97500},{""productId"":""267ea0f8-db2a-4831-8eeb-35cbaae04604"",""nama"":""MANGO SLUSH"",""hargaPerBox"":90500,""isiPerBox"":30,""qtyBox"":1,""total"":90500},{""productId"":""c64f588e-f38a-463e-be49-d005ce119adc"",""nama"":""MOCHI MANGO"",""hargaPerBox"":94500,""isiPerBox"":40,""qtyBox"":1,""total"":94500},{""productId"":""ce412f53-cbe1-4f99-a97f-994f9d4639fb"",""nama"":""MOCHI VANILLA"",""hargaPerBox"":92500,""isiPerBox"":40,""qtyBox"":1,""total"":92500},{""productId"":""9aeec589-46a9-469d-80da-7d4b3b1a741b"",""nama"":""NANAS"",""hargaPerBox"":77500,""isiPerBox"":50,""qtyBox"":1,""total"":77500},{""productId"":""55cb8d5e-5852-4e6c-ae02-1a6a02f7ea29"",""nama"":""SUNDAE CHOCOLATE"",""hargaPerBox"":97000,""isiPerBox"":24,""qtyBox"":1,""total"":97000},{""productId"":""1441bc6d-2850-4d09-92ef-032b2b3ad3c0"",""nama"":""SWEET CORN"",""hargaPerBox"":96000,""isiPerBox"":40,""qtyBox"":1,""total"":96000}]","98702183-a624-404c-b569-06dd3a928908"
"b94cfa77-8407-4578-af10-6b2772ecf219","TOKO MBAK RINI","K1725","","2025-10-08T07:43:49.928Z","465000","[{""productId"":""091c691a-b5a5-41d4-9a77-d70b2fb32811"",""nama"":""CHOCOMELT CONE"",""hargaPerBox"":97500,""isiPerBox"":24,""qtyBox"":1,""total"":97500},{""productId"":""4b126c6b-3c14-49dd-9ff4-f3dec8bc3662"",""nama"":""CRISPY BALLS COOKIS"",""hargaPerBox"":118500,""isiPerBox"":40,""qtyBox"":1,""total"":118500},{""productId"":""0e3a07fb-d3a0-48fc-8209-d3d3649b292f"",""nama"":""JERUK"",""hargaPerBox"":78000,""isiPerBox"":50,""qtyBox"":1,""total"":78000},{""productId"":""adf3703f-33c4-4b26-b6eb-7e5731dbdb67"",""nama"":""MIKI-MIKI"",""hargaPerBox"":93500,""isiPerBox"":60,""qtyBox"":1,""total"":93500},{""productId"":""9aeec589-46a9-469d-80da-7d4b3b1a741b"",""nama"":""NANAS"",""hargaPerBox"":77500,""isiPerBox"":50,""qtyBox"":1,""total"":77500}]","5f036fca-1159-448b-82ab-dfbc818c8c49"
"450a2e4d-46dd-4d9b-8459-ea1b8a969308","ABIYAN CAKE","K1613","","2025-10-20T07:23:12.590Z","869500","[{""productId"":""ff94f02b-8423-412b-84a7-90a4cdf95acd"",""nama"":""2 COLOR"",""hargaPerBox"":92000,""isiPerBox"":40,""qtyBox"":1,""total"":92000},{""productId"":""091c691a-b5a5-41d4-9a77-d70b2fb32811"",""nama"":""CHOCOMELT CONE"",""hargaPerBox"":97500,""isiPerBox"":24,""qtyBox"":1,""total"":97500},{""productId"":""4b126c6b-3c14-49dd-9ff4-f3dec8bc3662"",""nama"":""CRISPY BALLS COOKIS"",""hargaPerBox"":118500,""isiPerBox"":40,""qtyBox"":1,""total"":118500},{""productId"":""421a7ad7-a36a-4882-b7fc-18004318e776"",""nama"":""CRISPY BALLS ORIGINAL"",""hargaPerBox"":118500,""isiPerBox"":30,""qtyBox"":1,""total"":118500},{""productId"":""0e3a07fb-d3a0-48fc-8209-d3d3649b292f"",""nama"":""JERUK"",""hargaPerBox"":78000,""isiPerBox"":50,""qtyBox"":1,""total"":78000},{""productId"":""97c8c35f-40d8-49fe-8e66-d051ebafe3fb"",""nama"":""MIKI-MIKI DOUBLE CHOCO"",""hargaPerBox"":93500,""isiPerBox"":60,""qtyBox"":1,""total"":93500},{""productId"":""f9135088-2cf1-45ae-94b7-2dd4d6c54632"",""nama"":""SEMANGKA"",""hargaPerBox"":77500,""isiPerBox"":50,""qtyBox"":1,""total"":77500},{""productId"":""55cb8d5e-5852-4e6c-ae02-1a6a02f7ea29"",""nama"":""SUNDAE CHOCOLATE"",""hargaPerBox"":97000,""isiPerBox"":24,""qtyBox"":2,""total"":194000}]","647743f1-450c-40fa-865f-9a86c325929b"
"075fb1be-a864-4c5d-a4c3-79a3d0d9dc17","SUMUK CELL","K0504","Order dari kunjungan: ","2025-11-01T05:39:17.000Z","809200","[{""productId"":""02942549-9659-4352-804b-5a5665a1302a"",""nama"":""CHOCO MALT"",""hargaPerBox"":80000,""isiPerBox"":50,""qtyBox"":1,""total"":80000},{""productId"":""97bfb86b-50f3-4725-8ebc-a930107e1f3f"",""nama"":""CHOCOLATE CRISPY"",""hargaPerBox"":117000,""isiPerBox"":30,""qtyBox"":1,""total"":117000},{""productId"":""19153282-2d60-4826-932a-c7c9a0a958b7"",""nama"":""COFFE CRISPY"",""hargaPerBox"":110000,""isiPerBox"":40,""qtyBox"":1,""total"":110000},{""productId"":""421a7ad7-a36a-4882-b7fc-18004318e776"",""nama"":""CRISPY BALLS ORIGINAL"",""hargaPerBox"":118500,""isiPerBox"":30,""qtyBox"":1,""total"":118500},{""productId"":""344b79cf-a037-4561-ba42-50626465dc90"",""nama"":""FRUIZY GRAPE"",""hargaPerBox"":80000,""isiPerBox"":50,""qtyBox"":1,""total"":80000},{""productId"":""1b10562d-5172-4528-a5fc-1f5c68630147"",""nama"":""MOCHI PEACH"",""hargaPerBox"":92500,""isiPerBox"":40,""qtyBox"":1,""total"":92500},{""productId"":""1441bc6d-2850-4d09-92ef-032b2b3ad3c0"",""nama"":""SWEET CORN"",""hargaPerBox"":96000,""isiPerBox"":40,""qtyBox"":1,""total"":96000},{""productId"":""39defa48-f6f5-4088-8127-a832bf021ac8"",""nama"":""VANILLA BERRY CONE"",""hargaPerBox"":115200,""isiPerBox"":48,""qtyBox"":1,""total"":115200}]","14525f7d-240f-4a89-b8bd-0bfaced883f6"
"1a25730f-b5e5-401b-aeb9-2b1e07548778","TOKO M ANIQ ALFARUQI","K1533","","2025-11-11T07:34:14.681Z","591500","[{""productId"":""02942549-9659-4352-804b-5a5665a1302a"",""nama"":""CHOCO MALT"",""hargaPerBox"":80000,""isiPerBox"":50,""qtyBox"":1,""total"":80000},{""productId"":""4b126c6b-3c14-49dd-9ff4-f3dec8bc3662"",""nama"":""CRISPY BALLS COOKIS"",""hargaPerBox"":118500,""isiPerBox"":30,""qtyBox"":1,""total"":118500},{""productId"":""267ea0f8-db2a-4831-8eeb-35cbaae04604"",""nama"":""MANGO SLUSH"",""hargaPerBox"":90500,""isiPerBox"":30,""qtyBox"":1,""total"":90500},{""productId"":""b54e5a8a-a7b0-4f58-854e-151b9ac7b147"",""nama"":""STRAWBERRY CRISPY"",""hargaPerBox"":110000,""isiPerBox"":40,""qtyBox"":1,""total"":110000},{""productId"":""1441bc6d-2850-4d09-92ef-032b2b3ad3c0"",""nama"":""SWEET CORN"",""hargaPerBox"":96000,""isiPerBox"":40,""qtyBox"":1,""total"":96000},{""productId"":""49e0231e-af99-4110-9592-072d18ec59a0"",""nama"":""TARO CRISPY"",""hargaPerBox"":96500,""isiPerBox"":40,""qtyBox"":1,""total"":96500}]","009cfa34-3e3f-46f6-a62e-702431529629"
"f0f0411f-a288-420e-8d87-76709f11a8b6","LINAWATI SMU MUH 2","K1197","Order dari kunjungan:","2025-10-09T04:16:00.959Z","1043300","[{""productId"":""02942549-9659-4352-804b-5a5665a1302a"",""nama"":""CHOCO MALT"",""hargaPerBox"":80000,""isiPerBox"":50,""qtyBox"":1,""total"":80000},{""productId"":""97bfb86b-50f3-4725-8ebc-a930107e1f3f"",""nama"":""CHOCOLATE CRISPY"",""hargaPerBox"":117000,""isiPerBox"":30,""qtyBox"":1,""total"":117000},{""productId"":""091c691a-b5a5-41d4-9a77-d70b2fb32811"",""nama"":""CHOCOMELT CONE"",""hargaPerBox"":97500,""isiPerBox"":24,""qtyBox"":1,""total"":97500},{""productId"":""19153282-2d60-4826-932a-c7c9a0a958b7"",""nama"":""COFFE CRISPY"",""hargaPerBox"":110000,""isiPerBox"":40,""qtyBox"":1,""total"":110000},{""productId"":""4b126c6b-3c14-49dd-9ff4-f3dec8bc3662"",""nama"":""CRISPY BALLS COOKIS"",""hargaPerBox"":118500,""isiPerBox"":40,""qtyBox"":1,""total"":118500},{""productId"":""23736cae-26f2-4bb6-bfa5-1e9819418946"",""nama"":""FRUITY ROLL"",""hargaPerBox"":124800,""isiPerBox"":40,""qtyBox"":1,""total"":124800},{""productId"":""813ea956-40e3-4408-bee3-acdb66980318"",""nama"":""FRUIZY BLUEBERRY YOGURT"",""hargaPerBox"":96000,""isiPerBox"":40,""qtyBox"":1,""total"":96000},{""productId"":""97c8c35f-40d8-49fe-8e66-d051ebafe3fb"",""nama"":""MIKI-MIKI DOUBLE CHOCO"",""hargaPerBox"":93500,""isiPerBox"":60,""qtyBox"":1,""total"":93500},{""productId"":""b54e5a8a-a7b0-4f58-854e-151b9ac7b147"",""nama"":""STRAWBERRY CRISPY"",""hargaPerBox"":110000,""isiPerBox"":40,""qtyBox"":1,""total"":110000},{""productId"":""1441bc6d-2850-4d09-92ef-032b2b3ad3c0"",""nama"":""SWEET CORN"",""hargaPerBox"":96000,""isiPerBox"":40,""qtyBox"":1,""total"":96000}]","f70d1df0-a0ae-41b0-9e0f-6e741bf02257"
"86c5013d-3fb3-4968-9d6f-a4c6ac3e34bd","ELLA 2 KANTIN MTS BALEKAMBANG","K0391","","2025-10-08T05:43:52.134Z","561500","[{""productId"":""02942549-9659-4352-804b-5a5665a1302a"",""nama"":""CHOCO MALT"",""hargaPerBox"":80000,""isiPerBox"":50,""qtyBox"":1,""total"":80000},{""productId"":""4b126c6b-3c14-49dd-9ff4-f3dec8bc3662"",""nama"":""CRISPY BALLS COOKIS"",""hargaPerBox"":118500,""isiPerBox"":40,""qtyBox"":1,""total"":118500},{""productId"":""813ea956-40e3-4408-bee3-acdb66980318"",""nama"":""FRUIZY BLUEBERRY YOGURT"",""hargaPerBox"":96000,""isiPerBox"":40,""qtyBox"":1,""total"":96000},{""productId"":""97c8c35f-40d8-49fe-8e66-d051ebafe3fb"",""nama"":""MIKI-MIKI DOUBLE CHOCO"",""hargaPerBox"":93500,""isiPerBox"":60,""qtyBox"":1,""total"":93500},{""productId"":""f9135088-2cf1-45ae-94b7-2dd4d6c54632"",""nama"":""SEMANGKA"",""hargaPerBox"":77500,""isiPerBox"":50,""qtyBox"":1,""total"":77500},{""productId"":""1441bc6d-2850-4d09-92ef-032b2b3ad3c0"",""nama"":""SWEET CORN"",""hargaPerBox"":96000,""isiPerBox"":40,""qtyBox"":1,""total"":96000}]","87fadc58-53bd-4525-aa95-d7152c5c98c1"
"f5170c6c-2fd8-4a00-90af-f85325da4666","WARUNG MADURA AL-AMIN 2","K1649","Order dari kunjungan: ","2025-11-07T05:15:52.912Z","942000","[{""productId"":""978f2fba-a58a-4ead-b548-8fb64417b093"",""nama"":""CHOCOLATE STICK (BINGO)"",""hargaPerBox"":97000,""isiPerBox"":50,""qtyBox"":1,""total"":97000},{""productId"":""19153282-2d60-4826-932a-c7c9a0a958b7"",""nama"":""COFFE CRISPY"",""hargaPerBox"":110000,""isiPerBox"":40,""qtyBox"":1,""total"":110000},{""productId"":""813ea956-40e3-4408-bee3-acdb66980318"",""nama"":""FRUIZY BLUEBERRY YOGURT"",""hargaPerBox"":96000,""isiPerBox"":40,""qtyBox"":1,""total"":96000},{""productId"":""0e3a07fb-d3a0-48fc-8209-d3d3649b292f"",""nama"":""JERUK"",""hargaPerBox"":78000,""isiPerBox"":50,""qtyBox"":1,""total"":78000},{""productId"":""267ea0f8-db2a-4831-8eeb-35cbaae04604"",""nama"":""MANGO SLUSH"",""hargaPerBox"":90500,""isiPerBox"":30,""qtyBox"":1,""total"":90500},{""productId"":""adf3703f-33c4-4b26-b6eb-7e5731dbdb67"",""nama"":""MIKI-MIKI"",""hargaPerBox"":93500,""isiPerBox"":60,""qtyBox"":1,""total"":93500},{""productId"":""97c8c35f-40d8-49fe-8e66-d051ebafe3fb"",""nama"":""MIKI-MIKI DOUBLE CHOCO"",""hargaPerBox"":93500,""isiPerBox"":60,""qtyBox"":1,""total"":93500},{""productId"":""f9135088-2cf1-45ae-94b7-2dd4d6c54632"",""nama"":""SEMANGKA"",""hargaPerBox"":77500,""isiPerBox"":50,""qtyBox"":1,""total"":77500},{""productId"":""b54e5a8a-a7b0-4f58-854e-151b9ac7b147"",""nama"":""STRAWBERRY CRISPY"",""hargaPerBox"":110000,""isiPerBox"":40,""qtyBox"":1,""total"":110000},{""productId"":""1441bc6d-2850-4d09-92ef-032b2b3ad3c0"",""nama"":""SWEET CORN"",""hargaPerBox"":96000,""isiPerBox"":40,""qtyBox"":1,""total"":96000}]","0921d627-b502-455b-8903-551b772fd2f4"
"05577f8c-d28b-489a-97c9-ed86f7ff8658","SD IT AL HUSNA 2","K1759","","2025-10-23T17:00:00.000Z","761500","[{""productId"":""97bfb86b-50f3-4725-8ebc-a930107e1f3f"",""nama"":""CHOCOLATE CRISPY"",""hargaPerBox"":117000,""isiPerBox"":30,""qtyBox"":1,""total"":117000},{""productId"":""0e3a07fb-d3a0-48fc-8209-d3d3649b292f"",""nama"":""JERUK"",""hargaPerBox"":78000,""isiPerBox"":50,""qtyBox"":1,""total"":78000},{""productId"":""adf3703f-33c4-4b26-b6eb-7e5731dbdb67"",""nama"":""MIKI-MIKI"",""hargaPerBox"":93500,""isiPerBox"":60,""qtyBox"":1,""total"":93500},{""productId"":""97c8c35f-40d8-49fe-8e66-d051ebafe3fb"",""nama"":""MIKI-MIKI DOUBLE CHOCO"",""hargaPerBox"":93500,""isiPerBox"":60,""qtyBox"":1,""total"":93500},{""productId"":""f9135088-2cf1-45ae-94b7-2dd4d6c54632"",""nama"":""SEMANGKA"",""hargaPerBox"":77500,""isiPerBox"":50,""qtyBox"":1,""total"":77500},{""productId"":""b54e5a8a-a7b0-4f58-854e-151b9ac7b147"",""nama"":""STRAWBERRY CRISPY"",""hargaPerBox"":110000,""isiPerBox"":40,""qtyBox"":1,""total"":110000},{""productId"":""1441bc6d-2850-4d09-92ef-032b2b3ad3c0"",""nama"":""SWEET CORN"",""hargaPerBox"":96000,""isiPerBox"":40,""qtyBox"":2,""total"":192000}]","ae311e6f-3b7e-47ab-889c-a125e0ff7ec3"
"f72200de-8f83-4445-a6df-6e809b284ccb","YANI","K0462","Order dari kunjungan: ","2025-10-30T05:42:04.000Z","518000","[{""productId"":""97bfb86b-50f3-4725-8ebc-a930107e1f3f"",""nama"":""CHOCOLATE CRISPY"",""hargaPerBox"":117000,""isiPerBox"":30,""qtyBox"":1,""total"":117000},{""productId"":""091c691a-b5a5-41d4-9a77-d70b2fb32811"",""nama"":""CHOCOMELT CONE"",""hargaPerBox"":97500,""isiPerBox"":24,""qtyBox"":1,""total"":97500},{""productId"":""19153282-2d60-4826-932a-c7c9a0a958b7"",""nama"":""COFFE CRISPY"",""hargaPerBox"":110000,""isiPerBox"":40,""qtyBox"":1,""total"":110000},{""productId"":""55cb8d5e-5852-4e6c-ae02-1a6a02f7ea29"",""nama"":""SUNDAE CHOCOLATE"",""hargaPerBox"":97000,""isiPerBox"":24,""qtyBox"":1,""total"":97000},{""productId"":""49e0231e-af99-4110-9592-072d18ec59a0"",""nama"":""TARO CRISPY"",""hargaPerBox"":96500,""isiPerBox"":40,""qtyBox"":1,""total"":96500}]","b938f626-d37b-4bd1-ae8c-473c60322817"
"daa3d0ec-8c44-4fe3-b6c1-10f0824b066b","MBAK YUYUN","K0379","Order dari kunjungan: ","2025-10-28T03:13:49.000Z","505700","[{""productId"":""adf3703f-33c4-4b26-b6eb-7e5731dbdb67"",""nama"":""MIKI-MIKI"",""hargaPerBox"":93500,""isiPerBox"":60,""qtyBox"":1,""total"":93500},{""productId"":""c64f588e-f38a-463e-be49-d005ce119adc"",""nama"":""MOCHI MANGO"",""hargaPerBox"":94500,""isiPerBox"":40,""qtyBox"":1,""total"":94500},{""productId"":""ce412f53-cbe1-4f99-a97f-994f9d4639fb"",""nama"":""MOCHI VANILLA"",""hargaPerBox"":92500,""isiPerBox"":40,""qtyBox"":1,""total"":92500},{""productId"":""b54e5a8a-a7b0-4f58-854e-151b9ac7b147"",""nama"":""STRAWBERRY CRISPY"",""hargaPerBox"":110000,""isiPerBox"":40,""qtyBox"":1,""total"":110000},{""productId"":""39defa48-f6f5-4088-8127-a832bf021ac8"",""nama"":""VANILLA BERRY CONE"",""hargaPerBox"":115200,""isiPerBox"":48,""qtyBox"":1,""total"":115200}]","0c14236e-54f6-4b12-a74e-86ba736b3e45"
"ffa0c4ae-3554-41eb-ad5b-29823634e4a5","NOR AMIN MAHMUD","K1987","Order dari kunjungan: ","2025-11-12T05:12:25.033Z","388000","[{""productId"":""091c691a-b5a5-41d4-9a77-d70b2fb32811"",""nama"":""CHOCOMELT CONE"",""hargaPerBox"":97500,""isiPerBox"":24,""qtyBox"":1,""total"":97500},{""productId"":""55cb8d5e-5852-4e6c-ae02-1a6a02f7ea29"",""nama"":""SUNDAE CHOCOLATE"",""hargaPerBox"":97000,""isiPerBox"":24,""qtyBox"":1,""total"":97000},{""productId"":""e24cbe96-3587-437f-9a4a-36041590c16a"",""nama"":""SUNDAE STRAWBERRY"",""hargaPerBox"":97000,""isiPerBox"":24,""qtyBox"":1,""total"":97000},{""productId"":""49e0231e-af99-4110-9592-072d18ec59a0"",""nama"":""TARO CRISPY"",""hargaPerBox"":96500,""isiPerBox"":40,""qtyBox"":1,""total"":96500}]","5522c46d-7201-4786-b20d-7e9f3d79c9fe"
"86c5013d-3fb3-4968-9d6f-a4c6ac3e34bd","ELLA 2 KANTIN MTS BALEKAMBANG","K0391","","2025-10-07T04:52:39.401Z","508000","[{""productId"":""02942549-9659-4352-804b-5a5665a1302a"",""nama"":""CHOCO MALT"",""hargaPerBox"":80000,""isiPerBox"":50,""qtyBox"":1,""total"":80000},{""productId"":""97bfb86b-50f3-4725-8ebc-a930107e1f3f"",""nama"":""CHOCOLATE CRISPY"",""hargaPerBox"":117000,""isiPerBox"":30,""qtyBox"":1,""total"":117000},{""productId"":""4b126c6b-3c14-49dd-9ff4-f3dec8bc3662"",""nama"":""CRISPY BALLS COOKIS"",""hargaPerBox"":118500,""isiPerBox"":40,""qtyBox"":1,""total"":118500},{""productId"":""1441bc6d-2850-4d09-92ef-032b2b3ad3c0"",""nama"":""SWEET CORN"",""hargaPerBox"":96000,""isiPerBox"":40,""qtyBox"":1,""total"":96000},{""productId"":""49e0231e-af99-4110-9592-072d18ec59a0"",""nama"":""TARO CRISPY"",""hargaPerBox"":96500,""isiPerBox"":40,""qtyBox"":1,""total"":96500}]","a446211a-4e17-4da8-89fb-4b2f55e6cee3"
"01211cd5-a06d-4d0a-bb4d-bf5a2ce00879","APOTEK PANCUR","K0352","","2025-10-29T07:23:16.000Z","288500","[{""productId"":""1441bc6d-2850-4d09-92ef-032b2b3ad3c0"",""nama"":""SWEET CORN"",""hargaPerBox"":96000,""isiPerBox"":40,""qtyBox"":2,""total"":192000},{""productId"":""49e0231e-af99-4110-9592-072d18ec59a0"",""nama"":""TARO CRISPY"",""hargaPerBox"":96500,""isiPerBox"":40,""qtyBox"":1,""total"":96500}]","dfb5b547-fabc-4ec2-bfc3-9ccc9ca71e91"
"4788336f-5c4c-4646-8d12-7936fe3b2d84","ELLA 3 SMK PUTRI BALEKAMBANG","K0392","","2025-10-20T09:33:32.318Z","1553500","[{""productId"":""02942549-9659-4352-804b-5a5665a1302a"",""nama"":""CHOCO MALT"",""hargaPerBox"":80000,""isiPerBox"":50,""qtyBox"":1,""total"":80000},{""productId"":""091c691a-b5a5-41d4-9a77-d70b2fb32811"",""nama"":""CHOCOMELT CONE"",""hargaPerBox"":97500,""isiPerBox"":24,""qtyBox"":1,""total"":97500},{""productId"":""4b126c6b-3c14-49dd-9ff4-f3dec8bc3662"",""nama"":""CRISPY BALLS COOKIS"",""hargaPerBox"":118500,""isiPerBox"":40,""qtyBox"":10,""total"":1185000},{""productId"":""adf3703f-33c4-4b26-b6eb-7e5731dbdb67"",""nama"":""MIKI-MIKI"",""hargaPerBox"":93500,""isiPerBox"":60,""qtyBox"":1,""total"":93500},{""productId"":""cd48792b-8ef3-4cba-be2d-3283481e7c59"",""nama"":""STRAWBERRY CONE"",""hargaPerBox"":97500,""isiPerBox"":24,""qtyBox"":1,""total"":97500}]","f36f2a90-c69f-4893-8858-00292f748df9"
"b2a770ad-be1c-4bcf-b4e6-45e16744ee44","NYAH JIT","K1708","Order dari kunjungan: ","2025-11-16T06:49:48.083Z","402500","[{""productId"":""421a7ad7-a36a-4882-b7fc-18004318e776"",""nama"":""CRISPY BALLS ORIGINAL"",""hargaPerBox"":118500,""isiPerBox"":30,""qtyBox"":1,""total"":118500},{""productId"":""c64f588e-f38a-463e-be49-d005ce119adc"",""nama"":""MOCHI MANGO"",""hargaPerBox"":94500,""isiPerBox"":40,""qtyBox"":1,""total"":94500},{""productId"":""ce412f53-cbe1-4f99-a97f-994f9d4639fb"",""nama"":""MOCHI VANILLA"",""hargaPerBox"":92500,""isiPerBox"":40,""qtyBox"":1,""total"":92500},{""productId"":""55cb8d5e-5852-4e6c-ae02-1a6a02f7ea29"",""nama"":""SUNDAE CHOCOLATE"",""hargaPerBox"":97000,""isiPerBox"":24,""qtyBox"":1,""total"":97000}]","ea7e0ab2-a71b-4062-912d-df37d3273f9d"
"01211cd5-a06d-4d0a-bb4d-bf5a2ce00879","APOTEK PANCUR","K0352","Order dari kunjungan:","2025-10-27T09:38:21.000Z","1075200","[{""productId"":""97bfb86b-50f3-4725-8ebc-a930107e1f3f"",""nama"":""CHOCOLATE CRISPY"",""hargaPerBox"":117000,""isiPerBox"":30,""qtyBox"":1,""total"":117000},{""productId"":""978f2fba-a58a-4ead-b548-8fb64417b093"",""nama"":""CHOCOLATE STICK (BINGO)"",""hargaPerBox"":97000,""isiPerBox"":50,""qtyBox"":1,""total"":97000},{""productId"":""4b126c6b-3c14-49dd-9ff4-f3dec8bc3662"",""nama"":""CRISPY BALLS COOKIS"",""hargaPerBox"":118500,""isiPerBox"":40,""qtyBox"":1,""total"":118500},{""productId"":""813ea956-40e3-4408-bee3-acdb66980318"",""nama"":""FRUIZY BLUEBERRY YOGURT"",""hargaPerBox"":96000,""isiPerBox"":40,""qtyBox"":1,""total"":96000},{""productId"":""0e3a07fb-d3a0-48fc-8209-d3d3649b292f"",""nama"":""JERUK"",""hargaPerBox"":78000,""isiPerBox"":50,""qtyBox"":1,""total"":78000},{""productId"":""267ea0f8-db2a-4831-8eeb-35cbaae04604"",""nama"":""MANGO SLUSH"",""hargaPerBox"":90500,""isiPerBox"":30,""qtyBox"":1,""total"":90500},{""productId"":""1b10562d-5172-4528-a5fc-1f5c68630147"",""nama"":""MOCHI PEACH"",""hargaPerBox"":92500,""isiPerBox"":40,""qtyBox"":1,""total"":92500},{""productId"":""9aeec589-46a9-469d-80da-7d4b3b1a741b"",""nama"":""NANAS"",""hargaPerBox"":77500,""isiPerBox"":50,""qtyBox"":1,""total"":77500},{""productId"":""55cb8d5e-5852-4e6c-ae02-1a6a02f7ea29"",""nama"":""SUNDAE CHOCOLATE"",""hargaPerBox"":97000,""isiPerBox"":24,""qtyBox"":1,""total"":97000},{""productId"":""1441bc6d-2850-4d09-92ef-032b2b3ad3c0"",""nama"":""SWEET CORN"",""hargaPerBox"":96000,""isiPerBox"":40,""qtyBox"":1,""total"":96000},{""productId"":""39defa48-f6f5-4088-8127-a832bf021ac8"",""nama"":""VANILLA BERRY CONE"",""hargaPerBox"":115200,""isiPerBox"":48,""qtyBox"":1,""total"":115200}]","e085255e-21cf-4227-ab31-38a4518e281f"
"42f49f2f-b3cb-4c8a-bc9d-3dd78a6e9c91","LAKSITA SWALAYAN","K2101","","2025-10-02T06:19:10.622Z","525500","[{""nama"":""CHOCOLATE CRISPY"",""productId"":""97bfb86b-50f3-4725-8ebc-a930107e1f3f"",""hargaPerBox"":117000,""total"":117000,""isiPerBox"":30,""qtyBox"":1},{""hargaPerBox"":97000,""total"":97000,""isiPerBox"":50,""nama"":""CHOCOLATE STICK"",""qtyBox"":1,""productId"":""978f2fba-a58a-4ead-b548-8fb64417b093""},{""qtyBox"":1,""isiPerBox"":40,""hargaPerBox"":118500,""total"":118500,""productId"":""4b126c6b-3c14-49dd-9ff4-f3dec8bc3662"",""nama"":""CRISPY BALLS COOKIS""},{""nama"":""FRUIZY BLUEBERRY YOGURT"",""productId"":""813ea956-40e3-4408-bee3-acdb66980318"",""hargaPerBox"":96000,""total"":96000,""qtyBox"":1,""isiPerBox"":40},{""nama"":""SUNDAE CHOCOLATE"",""isiPerBox"":24,""hargaPerBox"":97000,""qtyBox"":1,""productId"":""55cb8d5e-5852-4e6c-ae02-1a6a02f7ea29"",""total"":97000}]","b249192e-418d-4ed4-aafa-c94da2ff593b"
"2f89e7d9-b919-45f0-8588-649cd350193a","SD 1 BUARAN MAYONG","K1751","","2025-10-07T06:58:16.269Z","352000","[{""productId"":""02942549-9659-4352-804b-5a5665a1302a"",""nama"":""CHOCO MALT"",""hargaPerBox"":80000,""isiPerBox"":50,""qtyBox"":2,""total"":160000},{""productId"":""1441bc6d-2850-4d09-92ef-032b2b3ad3c0"",""nama"":""SWEET CORN"",""hargaPerBox"":96000,""isiPerBox"":40,""qtyBox"":2,""total"":192000}]","d3713069-4761-478f-9862-91407f4e9a4b"
"33f35fd3-2788-46bd-b710-1f18130ac326","WAKHIDATUS SHOLEKHAH","K1923","","2025-11-08T04:00:50.010Z","756500","[{""productId"":""02942549-9659-4352-804b-5a5665a1302a"",""nama"":""CHOCO MALT"",""hargaPerBox"":80000,""isiPerBox"":50,""qtyBox"":1,""total"":80000},{""productId"":""978f2fba-a58a-4ead-b548-8fb64417b093"",""nama"":""CHOCOLATE STICK (BINGO)"",""hargaPerBox"":97000,""isiPerBox"":50,""qtyBox"":1,""total"":97000},{""productId"":""267ea0f8-db2a-4831-8eeb-35cbaae04604"",""nama"":""MANGO SLUSH"",""hargaPerBox"":90500,""isiPerBox"":30,""qtyBox"":1,""total"":90500},{""productId"":""97c8c35f-40d8-49fe-8e66-d051ebafe3fb"",""nama"":""MIKI-MIKI DOUBLE CHOCO"",""hargaPerBox"":93500,""isiPerBox"":60,""qtyBox"":1,""total"":93500},{""productId"":""ce412f53-cbe1-4f99-a97f-994f9d4639fb"",""nama"":""MOCHI VANILLA"",""hargaPerBox"":92500,""isiPerBox"":40,""qtyBox"":1,""total"":92500},{""productId"":""b54e5a8a-a7b0-4f58-854e-151b9ac7b147"",""nama"":""STRAWBERRY CRISPY"",""hargaPerBox"":110000,""isiPerBox"":40,""qtyBox"":1,""total"":110000},{""productId"":""55cb8d5e-5852-4e6c-ae02-1a6a02f7ea29"",""nama"":""SUNDAE CHOCOLATE"",""hargaPerBox"":97000,""isiPerBox"":24,""qtyBox"":1,""total"":97000},{""productId"":""1441bc6d-2850-4d09-92ef-032b2b3ad3c0"",""nama"":""SWEET CORN"",""hargaPerBox"":96000,""isiPerBox"":40,""qtyBox"":1,""total"":96000}]","3a8f72bb-5b7b-468f-8398-5e820b84f1b9"
"f72200de-8f83-4445-a6df-6e809b284ccb","YANI","K0462","Order dari kunjungan: ","2025-10-09T08:44:50.895Z","1020000","[{""productId"":""cd50fc88-32b3-41d6-893e-7253faa8da9b"",""nama"":""3 IN 1"",""hargaPerBox"":192000,""isiPerBox"":27,""qtyBox"":1,""total"":192000},{""productId"":""97bfb86b-50f3-4725-8ebc-a930107e1f3f"",""nama"":""CHOCOLATE CRISPY"",""hargaPerBox"":117000,""isiPerBox"":30,""qtyBox"":1,""total"":117000},{""productId"":""4b126c6b-3c14-49dd-9ff4-f3dec8bc3662"",""nama"":""CRISPY BALLS COOKIS"",""hargaPerBox"":118500,""isiPerBox"":40,""qtyBox"":1,""total"":118500},{""productId"":""421a7ad7-a36a-4882-b7fc-18004318e776"",""nama"":""CRISPY BALLS ORIGINAL"",""hargaPerBox"":118500,""isiPerBox"":30,""qtyBox"":1,""total"":118500},{""productId"":""adf3703f-33c4-4b26-b6eb-7e5731dbdb67"",""nama"":""MIKI-MIKI"",""hargaPerBox"":93500,""isiPerBox"":60,""qtyBox"":1,""total"":93500},{""productId"":""9aeec589-46a9-469d-80da-7d4b3b1a741b"",""nama"":""NANAS"",""hargaPerBox"":77500,""isiPerBox"":50,""qtyBox"":1,""total"":77500},{""productId"":""b54e5a8a-a7b0-4f58-854e-151b9ac7b147"",""nama"":""STRAWBERRY CRISPY"",""hargaPerBox"":110000,""isiPerBox"":40,""qtyBox"":1,""total"":110000},{""productId"":""55cb8d5e-5852-4e6c-ae02-1a6a02f7ea29"",""nama"":""SUNDAE CHOCOLATE"",""hargaPerBox"":97000,""isiPerBox"":24,""qtyBox"":1,""total"":97000},{""productId"":""1441bc6d-2850-4d09-92ef-032b2b3ad3c0"",""nama"":""SWEET CORN"",""hargaPerBox"":96000,""isiPerBox"":40,""qtyBox"":1,""total"":96000}]","ccf38ba4-0599-49b3-bece-6d14fb662226"
"a0ad1bcb-101a-4c18-b744-f91787682c64","MJ CELL","K0441","","2025-10-23T17:00:00.000Z","520500","[{""productId"":""978f2fba-a58a-4ead-b548-8fb64417b093"",""nama"":""CHOCOLATE STICK"",""hargaPerBox"":97000,""isiPerBox"":50,""qtyBox"":1,""total"":97000},{""productId"":""0e3a07fb-d3a0-48fc-8209-d3d3649b292f"",""nama"":""JERUK"",""hargaPerBox"":78000,""isiPerBox"":50,""qtyBox"":1,""total"":78000},{""productId"":""97c8c35f-40d8-49fe-8e66-d051ebafe3fb"",""nama"":""MIKI-MIKI DOUBLE CHOCO"",""hargaPerBox"":93500,""isiPerBox"":60,""qtyBox"":1,""total"":93500},{""productId"":""9aeec589-46a9-469d-80da-7d4b3b1a741b"",""nama"":""NANAS"",""hargaPerBox"":77500,""isiPerBox"":50,""qtyBox"":1,""total"":77500},{""productId"":""f9135088-2cf1-45ae-94b7-2dd4d6c54632"",""nama"":""SEMANGKA"",""hargaPerBox"":77500,""isiPerBox"":50,""qtyBox"":1,""total"":77500},{""productId"":""55cb8d5e-5852-4e6c-ae02-1a6a02f7ea29"",""nama"":""SUNDAE CHOCOLATE"",""hargaPerBox"":97000,""isiPerBox"":24,""qtyBox"":1,""total"":97000}]","905dcdcc-98e3-4e0f-acb7-c2ba3b7cf61b"
"4eb562d0-9280-4e70-92ea-ccff2b2e6623","ULFA KHASANAH","K1127","","2025-11-19T03:59:01.861Z","444000","[{""productId"":""02942549-9659-4352-804b-5a5665a1302a"",""nama"":""CHOCO MALT"",""hargaPerBox"":80000,""isiPerBox"":50,""qtyBox"":1,""total"":80000},{""productId"":""adf3703f-33c4-4b26-b6eb-7e5731dbdb67"",""nama"":""MIKI-MIKI"",""hargaPerBox"":93500,""isiPerBox"":60,""qtyBox"":1,""total"":93500},{""productId"":""f9135088-2cf1-45ae-94b7-2dd4d6c54632"",""nama"":""SEMANGKA"",""hargaPerBox"":77500,""isiPerBox"":50,""qtyBox"":1,""total"":77500},{""productId"":""55cb8d5e-5852-4e6c-ae02-1a6a02f7ea29"",""nama"":""SUNDAE CHOCOLATE"",""hargaPerBox"":97000,""isiPerBox"":24,""qtyBox"":1,""total"":97000},{""productId"":""1441bc6d-2850-4d09-92ef-032b2b3ad3c0"",""nama"":""SWEET CORN"",""hargaPerBox"":96000,""isiPerBox"":40,""qtyBox"":1,""total"":96000}]","e23d2093-7442-4038-ad49-0c8038ee4dcf"
"cd8de274-8720-4a01-9e17-073fec4f4af1","TOKO KOBER","K1571","","2025-10-17T05:45:54.639Z","437500","[{""productId"":""ff94f02b-8423-412b-84a7-90a4cdf95acd"",""nama"":""2 COLOR"",""hargaPerBox"":92000,""isiPerBox"":40,""qtyBox"":1,""total"":92000},{""productId"":""c64f588e-f38a-463e-be49-d005ce119adc"",""nama"":""MOCHI MANGO"",""hargaPerBox"":94500,""isiPerBox"":40,""qtyBox"":1,""total"":94500},{""productId"":""9aeec589-46a9-469d-80da-7d4b3b1a741b"",""nama"":""NANAS"",""hargaPerBox"":77500,""isiPerBox"":50,""qtyBox"":1,""total"":77500},{""productId"":""f9135088-2cf1-45ae-94b7-2dd4d6c54632"",""nama"":""SEMANGKA"",""hargaPerBox"":77500,""isiPerBox"":50,""qtyBox"":1,""total"":77500},{""productId"":""1441bc6d-2850-4d09-92ef-032b2b3ad3c0"",""nama"":""SWEET CORN"",""hargaPerBox"":96000,""isiPerBox"":40,""qtyBox"":1,""total"":96000}]","bdf23eaf-bc88-4dbf-abb0-bb7284176f18"
"cd8de274-8720-4a01-9e17-073fec4f4af1","TOKO KOBER","K1571","Order dari kunjungan:","2025-11-15T06:48:36.000Z","468000","[{""productId"":""02942549-9659-4352-804b-5a5665a1302a"",""nama"":""CHOCO MALT"",""hargaPerBox"":80000,""isiPerBox"":50,""qtyBox"":1,""total"":80000},{""productId"":""421a7ad7-a36a-4882-b7fc-18004318e776"",""nama"":""CRISPY BALLS ORIGINAL"",""hargaPerBox"":118500,""isiPerBox"":30,""qtyBox"":1,""total"":118500},{""productId"":""f9135088-2cf1-45ae-94b7-2dd4d6c54632"",""nama"":""SEMANGKA"",""hargaPerBox"":77500,""isiPerBox"":50,""qtyBox"":1,""total"":77500},{""productId"":""1441bc6d-2850-4d09-92ef-032b2b3ad3c0"",""nama"":""SWEET CORN"",""hargaPerBox"":96000,""isiPerBox"":40,""qtyBox"":2,""total"":192000}]","3bbe5a3f-5460-4181-b7d4-10f204cd004b"
"82f35ef8-d7a6-49d1-8bb1-605548a65ffa","KANTOR PWI","K1877","","2025-10-29T05:07:48.000Z","1108700","[{""productId"":""091c691a-b5a5-41d4-9a77-d70b2fb32811"",""nama"":""CHOCOMELT CONE"",""hargaPerBox"":97500,""isiPerBox"":24,""qtyBox"":1,""total"":97500},{""productId"":""19153282-2d60-4826-932a-c7c9a0a958b7"",""nama"":""COFFE CRISPY"",""hargaPerBox"":110000,""isiPerBox"":40,""qtyBox"":1,""total"":110000},{""productId"":""4b126c6b-3c14-49dd-9ff4-f3dec8bc3662"",""nama"":""CRISPY BALLS COOKIS"",""hargaPerBox"":118500,""isiPerBox"":40,""qtyBox"":1,""total"":118500},{""productId"":""0e3a07fb-d3a0-48fc-8209-d3d3649b292f"",""nama"":""JERUK"",""hargaPerBox"":78000,""isiPerBox"":50,""qtyBox"":1,""total"":78000},{""productId"":""adf3703f-33c4-4b26-b6eb-7e5731dbdb67"",""nama"":""MIKI-MIKI"",""hargaPerBox"":93500,""isiPerBox"":60,""qtyBox"":1,""total"":93500},{""productId"":""8b377101-fe06-48f8-84f8-62c3ff2d94f4"",""nama"":""MILK MELON"",""hargaPerBox"":95000,""isiPerBox"":40,""qtyBox"":1,""total"":95000},{""productId"":""cd48792b-8ef3-4cba-be2d-3283481e7c59"",""nama"":""STRAWBERRY CONE"",""hargaPerBox"":97500,""isiPerBox"":24,""qtyBox"":1,""total"":97500},{""productId"":""b54e5a8a-a7b0-4f58-854e-151b9ac7b147"",""nama"":""STRAWBERRY CRISPY"",""hargaPerBox"":110000,""isiPerBox"":40,""qtyBox"":1,""total"":110000},{""productId"":""55cb8d5e-5852-4e6c-ae02-1a6a02f7ea29"",""nama"":""SUNDAE CHOCOLATE"",""hargaPerBox"":97000,""isiPerBox"":24,""qtyBox"":1,""total"":97000},{""productId"":""49e0231e-af99-4110-9592-072d18ec59a0"",""nama"":""TARO CRISPY"",""hargaPerBox"":96500,""isiPerBox"":40,""qtyBox"":1,""total"":96500},{""productId"":""39defa48-f6f5-4088-8127-a832bf021ac8"",""nama"":""VANILLA BERRY CONE"",""hargaPerBox"":115200,""isiPerBox"":48,""qtyBox"":1,""total"":115200}]","58b6a751-d7d0-4067-b6f2-39204424fea8"
"076fe413-eca6-4801-8b3a-5e60a504e06e","STICOM","K0511","Order dari kunjungan: ","2025-10-17T04:50:30.273Z","584000","[{""productId"":""97bfb86b-50f3-4725-8ebc-a930107e1f3f"",""nama"":""CHOCOLATE CRISPY"",""hargaPerBox"":117000,""isiPerBox"":30,""qtyBox"":1,""total"":117000},{""productId"":""267ea0f8-db2a-4831-8eeb-35cbaae04604"",""nama"":""MANGO SLUSH"",""hargaPerBox"":90500,""isiPerBox"":30,""qtyBox"":1,""total"":90500},{""productId"":""adf3703f-33c4-4b26-b6eb-7e5731dbdb67"",""nama"":""MIKI-MIKI"",""hargaPerBox"":93500,""isiPerBox"":60,""qtyBox"":1,""total"":93500},{""productId"":""c64f588e-f38a-463e-be49-d005ce119adc"",""nama"":""MOCHI MANGO"",""hargaPerBox"":94500,""isiPerBox"":40,""qtyBox"":1,""total"":94500},{""productId"":""ce412f53-cbe1-4f99-a97f-994f9d4639fb"",""nama"":""MOCHI VANILLA"",""hargaPerBox"":92500,""isiPerBox"":40,""qtyBox"":1,""total"":92500},{""productId"":""1441bc6d-2850-4d09-92ef-032b2b3ad3c0"",""nama"":""SWEET CORN"",""hargaPerBox"":96000,""isiPerBox"":40,""qtyBox"":1,""total"":96000}]","7f9db676-e5e6-44d3-a5da-02123c74e217"
"a93d19f4-87ce-4bab-bf80-90060d03f4fb","TOKO BINTANI MART","K1409","","2025-10-18T06:46:29.255Z","687500","[{""productId"":""97bfb86b-50f3-4725-8ebc-a930107e1f3f"",""nama"":""CHOCOLATE CRISPY"",""hargaPerBox"":117000,""isiPerBox"":30,""qtyBox"":1,""total"":117000},{""productId"":""091c691a-b5a5-41d4-9a77-d70b2fb32811"",""nama"":""CHOCOMELT CONE"",""hargaPerBox"":97500,""isiPerBox"":24,""qtyBox"":1,""total"":97500},{""productId"":""813ea956-40e3-4408-bee3-acdb66980318"",""nama"":""FRUIZY BLUEBERRY YOGURT"",""hargaPerBox"":96000,""isiPerBox"":40,""qtyBox"":1,""total"":96000},{""productId"":""adf3703f-33c4-4b26-b6eb-7e5731dbdb67"",""nama"":""MIKI-MIKI"",""hargaPerBox"":93500,""isiPerBox"":60,""qtyBox"":1,""total"":93500},{""productId"":""f9135088-2cf1-45ae-94b7-2dd4d6c54632"",""nama"":""SEMANGKA"",""hargaPerBox"":77500,""isiPerBox"":50,""qtyBox"":1,""total"":77500},{""productId"":""b54e5a8a-a7b0-4f58-854e-151b9ac7b147"",""nama"":""STRAWBERRY CRISPY"",""hargaPerBox"":110000,""isiPerBox"":40,""qtyBox"":1,""total"":110000},{""productId"":""1441bc6d-2850-4d09-92ef-032b2b3ad3c0"",""nama"":""SWEET CORN"",""hargaPerBox"":96000,""isiPerBox"":40,""qtyBox"":1,""total"":96000}]","3a2299d9-767b-4c88-a426-e8eb7a25e07d"
"83edde2c-8235-46b0-9882-37e7c2b19135","KUSRIYAH","K0742","Order dari kunjungan: ","2025-11-13T07:11:37.932Z","551500","[{""productId"":""ff94f02b-8423-412b-84a7-90a4cdf95acd"",""nama"":""2 COLOR"",""hargaPerBox"":92000,""isiPerBox"":40,""qtyBox"":1,""total"":92000},{""productId"":""ce412f53-cbe1-4f99-a97f-994f9d4639fb"",""nama"":""MOCHI VANILLA"",""hargaPerBox"":92500,""isiPerBox"":40,""qtyBox"":1,""total"":92500},{""productId"":""9aeec589-46a9-469d-80da-7d4b3b1a741b"",""nama"":""NANAS"",""hargaPerBox"":77500,""isiPerBox"":50,""qtyBox"":1,""total"":77500},{""productId"":""55cb8d5e-5852-4e6c-ae02-1a6a02f7ea29"",""nama"":""SUNDAE CHOCOLATE"",""hargaPerBox"":97000,""isiPerBox"":24,""qtyBox"":1,""total"":97000},{""productId"":""1441bc6d-2850-4d09-92ef-032b2b3ad3c0"",""nama"":""SWEET CORN"",""hargaPerBox"":96000,""isiPerBox"":40,""qtyBox"":1,""total"":96000},{""productId"":""49e0231e-af99-4110-9592-072d18ec59a0"",""nama"":""TARO CRISPY"",""hargaPerBox"":96500,""isiPerBox"":40,""qtyBox"":1,""total"":96500}]","e9995f1d-f9af-440d-bb92-cd9090358003"
"ffa0c4ae-3554-41eb-ad5b-29823634e4a5","NOR AMIN MAHMUD","K1987","","2025-10-28T05:22:42.000Z","719200","[{""productId"":""02942549-9659-4352-804b-5a5665a1302a"",""nama"":""CHOCO MALT"",""hargaPerBox"":80000,""isiPerBox"":50,""qtyBox"":1,""total"":80000},{""productId"":""978f2fba-a58a-4ead-b548-8fb64417b093"",""nama"":""CHOCOLATE STICK (BINGO)"",""hargaPerBox"":97000,""isiPerBox"":50,""qtyBox"":1,""total"":97000},{""productId"":""091c691a-b5a5-41d4-9a77-d70b2fb32811"",""nama"":""CHOCOMELT CONE"",""hargaPerBox"":97500,""isiPerBox"":24,""qtyBox"":1,""total"":97500},{""productId"":""4b126c6b-3c14-49dd-9ff4-f3dec8bc3662"",""nama"":""CRISPY BALLS COOKIS"",""hargaPerBox"":118500,""isiPerBox"":40,""qtyBox"":1,""total"":118500},{""productId"":""421a7ad7-a36a-4882-b7fc-18004318e776"",""nama"":""CRISPY BALLS ORIGINAL"",""hargaPerBox"":118500,""isiPerBox"":30,""qtyBox"":1,""total"":118500},{""productId"":""ce412f53-cbe1-4f99-a97f-994f9d4639fb"",""nama"":""MOCHI VANILLA"",""hargaPerBox"":92500,""isiPerBox"":40,""qtyBox"":1,""total"":92500},{""productId"":""39defa48-f6f5-4088-8127-a832bf021ac8"",""nama"":""VANILLA BERRY CONE"",""hargaPerBox"":115200,""isiPerBox"":48,""qtyBox"":1,""total"":115200}]","b62d2a50-bcbb-4de5-a21c-835c142d38eb"
"a23f56d7-66b7-4466-a4ee-4d79926c4689","SAMI JF MART","K1298","","2025-10-16T10:03:36.913Z","894000","[{""productId"":""97bfb86b-50f3-4725-8ebc-a930107e1f3f"",""nama"":""CHOCOLATE CRISPY"",""hargaPerBox"":117000,""isiPerBox"":30,""qtyBox"":1,""total"":117000},{""productId"":""091c691a-b5a5-41d4-9a77-d70b2fb32811"",""nama"":""CHOCOMELT CONE"",""hargaPerBox"":97500,""isiPerBox"":24,""qtyBox"":1,""total"":97500},{""productId"":""267ea0f8-db2a-4831-8eeb-35cbaae04604"",""nama"":""MANGO SLUSH"",""hargaPerBox"":90500,""isiPerBox"":30,""qtyBox"":1,""total"":90500},{""productId"":""ce412f53-cbe1-4f99-a97f-994f9d4639fb"",""nama"":""MOCHI VANILLA"",""hargaPerBox"":92500,""isiPerBox"":40,""qtyBox"":1,""total"":92500},{""productId"":""b54e5a8a-a7b0-4f58-854e-151b9ac7b147"",""nama"":""STRAWBERRY CRISPY"",""hargaPerBox"":110000,""isiPerBox"":40,""qtyBox"":1,""total"":110000},{""productId"":""55cb8d5e-5852-4e6c-ae02-1a6a02f7ea29"",""nama"":""SUNDAE CHOCOLATE"",""hargaPerBox"":97000,""isiPerBox"":24,""qtyBox"":1,""total"":97000},{""productId"":""e24cbe96-3587-437f-9a4a-36041590c16a"",""nama"":""SUNDAE STRAWBERRY"",""hargaPerBox"":97000,""isiPerBox"":24,""qtyBox"":1,""total"":97000},{""productId"":""1441bc6d-2850-4d09-92ef-032b2b3ad3c0"",""nama"":""SWEET CORN"",""hargaPerBox"":96000,""isiPerBox"":40,""qtyBox"":1,""total"":96000},{""productId"":""49e0231e-af99-4110-9592-072d18ec59a0"",""nama"":""TARO CRISPY"",""hargaPerBox"":96500,""isiPerBox"":40,""qtyBox"":1,""total"":96500}]","d3a9b551-8c4c-47f6-906a-1fb760f40878"
"b94cfa77-8407-4578-af10-6b2772ecf219","TOKO MBAK RINI","K1725","Order dari kunjungan:","2025-10-15T07:15:57.265Z","482000","[{""productId"":""cd50fc88-32b3-41d6-893e-7253faa8da9b"",""nama"":""3 IN 1"",""hargaPerBox"":192000,""isiPerBox"":27,""qtyBox"":1,""total"":192000},{""productId"":""55cb8d5e-5852-4e6c-ae02-1a6a02f7ea29"",""nama"":""SUNDAE CHOCOLATE"",""hargaPerBox"":97000,""isiPerBox"":24,""qtyBox"":1,""total"":97000},{""productId"":""e24cbe96-3587-437f-9a4a-36041590c16a"",""nama"":""SUNDAE STRAWBERRY"",""hargaPerBox"":97000,""isiPerBox"":24,""qtyBox"":1,""total"":97000},{""productId"":""1441bc6d-2850-4d09-92ef-032b2b3ad3c0"",""nama"":""SWEET CORN"",""hargaPerBox"":96000,""isiPerBox"":40,""qtyBox"":1,""total"":96000}]","c583b0d7-9519-486b-aa3b-eac071a65484"
"9f00f5a3-94ad-4211-9400-1c969d5e1641","MADURA BUNDA","K2077","Order dari kunjungan: ","2025-11-11T01:32:52.496Z","288000","[{""productId"":""091c691a-b5a5-41d4-9a77-d70b2fb32811"",""nama"":""CHOCOMELT CONE"",""hargaPerBox"":97500,""isiPerBox"":24,""qtyBox"":1,""total"":97500},{""productId"":""97c8c35f-40d8-49fe-8e66-d051ebafe3fb"",""nama"":""MIKI-MIKI DOUBLE CHOCO"",""hargaPerBox"":93500,""isiPerBox"":60,""qtyBox"":1,""total"":93500},{""productId"":""55cb8d5e-5852-4e6c-ae02-1a6a02f7ea29"",""nama"":""SUNDAE CHOCOLATE"",""hargaPerBox"":97000,""isiPerBox"":24,""qtyBox"":1,""total"":97000}]","6b2c29d6-0cd7-46ca-a017-502a62c7dc7c"
"0854317f-6841-4c58-b632-29a134dc533c","MUSYAFAK","K0512","Order dari kunjungan: ","2025-10-10T06:32:59.020Z","625300","[{""productId"":""ff94f02b-8423-412b-84a7-90a4cdf95acd"",""nama"":""2 COLOR"",""hargaPerBox"":92000,""isiPerBox"":40,""qtyBox"":1,""total"":92000},{""productId"":""978f2fba-a58a-4ead-b548-8fb64417b093"",""nama"":""CHOCOLATE STICK"",""hargaPerBox"":97000,""isiPerBox"":50,""qtyBox"":1,""total"":97000},{""productId"":""4b126c6b-3c14-49dd-9ff4-f3dec8bc3662"",""nama"":""CRISPY BALLS COOKIS"",""hargaPerBox"":118500,""isiPerBox"":40,""qtyBox"":1,""total"":118500},{""productId"":""23736cae-26f2-4bb6-bfa5-1e9819418946"",""nama"":""FRUITY ROLL"",""hargaPerBox"":124800,""isiPerBox"":40,""qtyBox"":1,""total"":124800},{""productId"":""813ea956-40e3-4408-bee3-acdb66980318"",""nama"":""FRUIZY BLUEBERRY YOGURT"",""hargaPerBox"":96000,""isiPerBox"":40,""qtyBox"":1,""total"":96000},{""productId"":""55cb8d5e-5852-4e6c-ae02-1a6a02f7ea29"",""nama"":""SUNDAE CHOCOLATE"",""hargaPerBox"":97000,""isiPerBox"":24,""qtyBox"":1,""total"":97000}]","d3cc69ce-339a-4fff-85a4-3575afd953cd"
"83528420-dead-43fa-9297-c45b89e82dd9","DEWI","K0502","","2025-10-17T04:00:09.000Z","556500","[{""productId"":""cd50fc88-32b3-41d6-893e-7253faa8da9b"",""nama"":""3 IN 1"",""hargaPerBox"":192000,""isiPerBox"":27,""qtyBox"":1,""total"":192000},{""productId"":""02942549-9659-4352-804b-5a5665a1302a"",""nama"":""CHOCO MALT"",""hargaPerBox"":80000,""isiPerBox"":50,""qtyBox"":1,""total"":80000},{""productId"":""978f2fba-a58a-4ead-b548-8fb64417b093"",""nama"":""CHOCOLATE STICK"",""hargaPerBox"":97000,""isiPerBox"":50,""qtyBox"":1,""total"":97000},{""productId"":""267ea0f8-db2a-4831-8eeb-35cbaae04604"",""nama"":""MANGO SLUSH"",""hargaPerBox"":90500,""isiPerBox"":30,""qtyBox"":1,""total"":90500},{""productId"":""55cb8d5e-5852-4e6c-ae02-1a6a02f7ea29"",""nama"":""SUNDAE CHOCOLATE"",""hargaPerBox"":97000,""isiPerBox"":24,""qtyBox"":1,""total"":97000}]","43df4cbf-bc8f-42d2-b4ae-ba333bcb24a4"
"6741fcee-d6a3-41c0-bd06-d23b4b20f021","BU ISTIANAH ( MTS URWATIL WATSQO )","K2066","","2025-10-27T02:02:02.379Z","272000","[{""productId"":""091c691a-b5a5-41d4-9a77-d70b2fb32811"",""nama"":""CHOCOMELT CONE"",""hargaPerBox"":97500,""isiPerBox"":24,""qtyBox"":1,""total"":97500},{""productId"":""f9135088-2cf1-45ae-94b7-2dd4d6c54632"",""nama"":""SEMANGKA"",""hargaPerBox"":77500,""isiPerBox"":50,""qtyBox"":1,""total"":77500},{""productId"":""55cb8d5e-5852-4e6c-ae02-1a6a02f7ea29"",""nama"":""SUNDAE CHOCOLATE"",""hargaPerBox"":97000,""isiPerBox"":24,""qtyBox"":1,""total"":97000}]","716829d5-a86e-40c7-8995-40dea5ece4fa"
"4eb562d0-9280-4e70-92ea-ccff2b2e6623","ULFA KHASANAH","K1127","Order dari kunjungan: ","2025-10-14T05:56:20.051Z","484000","[{""productId"":""091c691a-b5a5-41d4-9a77-d70b2fb32811"",""nama"":""CHOCOMELT CONE"",""hargaPerBox"":97500,""isiPerBox"":24,""qtyBox"":1,""total"":97500},{""productId"":""55cb8d5e-5852-4e6c-ae02-1a6a02f7ea29"",""nama"":""SUNDAE CHOCOLATE"",""hargaPerBox"":97000,""isiPerBox"":24,""qtyBox"":1,""total"":97000},{""productId"":""e24cbe96-3587-437f-9a4a-36041590c16a"",""nama"":""SUNDAE STRAWBERRY"",""hargaPerBox"":97000,""isiPerBox"":24,""qtyBox"":1,""total"":97000},{""productId"":""1441bc6d-2850-4d09-92ef-032b2b3ad3c0"",""nama"":""SWEET CORN"",""hargaPerBox"":96000,""isiPerBox"":40,""qtyBox"":1,""total"":96000},{""productId"":""49e0231e-af99-4110-9592-072d18ec59a0"",""nama"":""TARO CRISPY"",""hargaPerBox"":96500,""isiPerBox"":40,""qtyBox"":1,""total"":96500}]","970393eb-6b99-40e7-8f37-41965dcbd9c0"
"c3d5fd74-b777-410a-8463-833c6a80fa6f","Toko Koss Mart","K2014","Order dari kunjungan: ","2025-11-07T04:20:11.000Z","478500","[{""productId"":""cd50fc88-32b3-41d6-893e-7253faa8da9b"",""nama"":""3 IN 1"",""hargaPerBox"":192000,""isiPerBox"":27,""qtyBox"":1,""total"":192000},{""productId"":""97c8c35f-40d8-49fe-8e66-d051ebafe3fb"",""nama"":""MIKI-MIKI DOUBLE CHOCO"",""hargaPerBox"":93500,""isiPerBox"":60,""qtyBox"":1,""total"":93500},{""productId"":""55cb8d5e-5852-4e6c-ae02-1a6a02f7ea29"",""nama"":""SUNDAE CHOCOLATE"",""hargaPerBox"":97000,""isiPerBox"":24,""qtyBox"":1,""total"":97000},{""productId"":""1441bc6d-2850-4d09-92ef-032b2b3ad3c0"",""nama"":""SWEET CORN"",""hargaPerBox"":96000,""isiPerBox"":40,""qtyBox"":1,""total"":96000}]","dde7b2ff-f357-463a-8035-8c5959863cf4"
"1a25730f-b5e5-401b-aeb9-2b1e07548778","TOKO M ANIQ ALFARUQI","K1533","","2025-11-04T09:14:20.873Z","461500","[{""productId"":""02942549-9659-4352-804b-5a5665a1302a"",""nama"":""CHOCO MALT"",""hargaPerBox"":80000,""isiPerBox"":50,""qtyBox"":1,""total"":80000},{""productId"":""97c8c35f-40d8-49fe-8e66-d051ebafe3fb"",""nama"":""MIKI-MIKI DOUBLE CHOCO"",""hargaPerBox"":93500,""isiPerBox"":60,""qtyBox"":1,""total"":93500},{""productId"":""8b377101-fe06-48f8-84f8-62c3ff2d94f4"",""nama"":""MILK MELON"",""hargaPerBox"":95000,""isiPerBox"":40,""qtyBox"":1,""total"":95000},{""productId"":""55cb8d5e-5852-4e6c-ae02-1a6a02f7ea29"",""nama"":""SUNDAE CHOCOLATE"",""hargaPerBox"":97000,""isiPerBox"":24,""qtyBox"":1,""total"":97000},{""productId"":""1441bc6d-2850-4d09-92ef-032b2b3ad3c0"",""nama"":""SWEET CORN"",""hargaPerBox"":96000,""isiPerBox"":40,""qtyBox"":1,""total"":96000}]","768e2eb2-7dcd-497f-82fc-002d6ba2e1ad"
"f0f0411f-a288-420e-8d87-76709f11a8b6","LINAWATI SMU MUH 2","K1197","","2025-11-14T04:17:01.830Z","511500","[{""productId"":""ff94f02b-8423-412b-84a7-90a4cdf95acd"",""nama"":""2 COLOR"",""hargaPerBox"":92000,""isiPerBox"":40,""qtyBox"":1,""total"":92000},{""productId"":""97bfb86b-50f3-4725-8ebc-a930107e1f3f"",""nama"":""CHOCOLATE CRISPY"",""hargaPerBox"":117000,""isiPerBox"":30,""qtyBox"":1,""total"":117000},{""productId"":""b54e5a8a-a7b0-4f58-854e-151b9ac7b147"",""nama"":""STRAWBERRY CRISPY"",""hargaPerBox"":110000,""isiPerBox"":40,""qtyBox"":1,""total"":110000},{""productId"":""1441bc6d-2850-4d09-92ef-032b2b3ad3c0"",""nama"":""SWEET CORN"",""hargaPerBox"":96000,""isiPerBox"":40,""qtyBox"":1,""total"":96000},{""productId"":""49e0231e-af99-4110-9592-072d18ec59a0"",""nama"":""TARO CRISPY"",""hargaPerBox"":96500,""isiPerBox"":40,""qtyBox"":1,""total"":96500}]","9585e79c-6936-4537-b727-4a8ec632bb8c"
"ffa0c4ae-3554-41eb-ad5b-29823634e4a5","NOR AMIN MAHMUD","K1987","Order dari kunjungan: ","2025-10-14T04:22:59.444Z","289500","[{""productId"":""813ea956-40e3-4408-bee3-acdb66980318"",""nama"":""FRUIZY BLUEBERRY YOGURT"",""hargaPerBox"":96000,""isiPerBox"":40,""qtyBox"":1,""total"":96000},{""productId"":""cd48792b-8ef3-4cba-be2d-3283481e7c59"",""nama"":""STRAWBERRY CONE"",""hargaPerBox"":97500,""isiPerBox"":24,""qtyBox"":1,""total"":97500},{""productId"":""1441bc6d-2850-4d09-92ef-032b2b3ad3c0"",""nama"":""SWEET CORN"",""hargaPerBox"":96000,""isiPerBox"":40,""qtyBox"":1,""total"":96000}]","446d01f4-0838-49ce-b354-1bd3be170884"
"86c5013d-3fb3-4968-9d6f-a4c6ac3e34bd","ELLA 2 KANTIN MTS BALEKAMBANG","K0391","","2025-10-15T03:30:43.335Z","991300","[{""productId"":""ff94f02b-8423-412b-84a7-90a4cdf95acd"",""nama"":""2 COLOR"",""hargaPerBox"":92000,""isiPerBox"":40,""qtyBox"":1,""total"":92000},{""productId"":""02942549-9659-4352-804b-5a5665a1302a"",""nama"":""CHOCO MALT"",""hargaPerBox"":80000,""isiPerBox"":50,""qtyBox"":1,""total"":80000},{""productId"":""978f2fba-a58a-4ead-b548-8fb64417b093"",""nama"":""CHOCOLATE STICK"",""hargaPerBox"":97000,""isiPerBox"":50,""qtyBox"":1,""total"":97000},{""productId"":""4b126c6b-3c14-49dd-9ff4-f3dec8bc3662"",""nama"":""CRISPY BALLS COOKIS"",""hargaPerBox"":118500,""isiPerBox"":40,""qtyBox"":1,""total"":118500},{""productId"":""23736cae-26f2-4bb6-bfa5-1e9819418946"",""nama"":""FRUITY ROLL"",""hargaPerBox"":124800,""isiPerBox"":40,""qtyBox"":1,""total"":124800},{""productId"":""813ea956-40e3-4408-bee3-acdb66980318"",""nama"":""FRUIZY BLUEBERRY YOGURT"",""hargaPerBox"":96000,""isiPerBox"":40,""qtyBox"":1,""total"":96000},{""productId"":""adf3703f-33c4-4b26-b6eb-7e5731dbdb67"",""nama"":""MIKI-MIKI"",""hargaPerBox"":93500,""isiPerBox"":60,""qtyBox"":1,""total"":93500},{""productId"":""55cb8d5e-5852-4e6c-ae02-1a6a02f7ea29"",""nama"":""SUNDAE CHOCOLATE"",""hargaPerBox"":97000,""isiPerBox"":24,""qtyBox"":1,""total"":97000},{""productId"":""1441bc6d-2850-4d09-92ef-032b2b3ad3c0"",""nama"":""SWEET CORN"",""hargaPerBox"":96000,""isiPerBox"":40,""qtyBox"":1,""total"":96000},{""productId"":""49e0231e-af99-4110-9592-072d18ec59a0"",""nama"":""TARO CRISPY"",""hargaPerBox"":96500,""isiPerBox"":40,""qtyBox"":1,""total"":96500}]","1e6d647e-0771-4539-a47e-c36e70e7a847"
"31ec4308-1feb-466a-b016-366534a6c708","SIDO MULYO","K1484","Order dari kunjungan:","2025-10-14T05:41:16.169Z","879500","[{""productId"":""ff94f02b-8423-412b-84a7-90a4cdf95acd"",""nama"":""2 COLOR"",""hargaPerBox"":92000,""isiPerBox"":40,""qtyBox"":1,""total"":92000},{""productId"":""02942549-9659-4352-804b-5a5665a1302a"",""nama"":""CHOCO MALT"",""hargaPerBox"":80000,""isiPerBox"":50,""qtyBox"":1,""total"":80000},{""productId"":""19153282-2d60-4826-932a-c7c9a0a958b7"",""nama"":""COFFE CRISPY"",""hargaPerBox"":110000,""isiPerBox"":40,""qtyBox"":1,""total"":110000},{""productId"":""421a7ad7-a36a-4882-b7fc-18004318e776"",""nama"":""CRISPY BALLS ORIGINAL"",""hargaPerBox"":118500,""isiPerBox"":30,""qtyBox"":1,""total"":118500},{""productId"":""ce412f53-cbe1-4f99-a97f-994f9d4639fb"",""nama"":""MOCHI VANILLA"",""hargaPerBox"":92500,""isiPerBox"":40,""qtyBox"":1,""total"":92500},{""productId"":""55cb8d5e-5852-4e6c-ae02-1a6a02f7ea29"",""nama"":""SUNDAE CHOCOLATE"",""hargaPerBox"":97000,""isiPerBox"":24,""qtyBox"":1,""total"":97000},{""productId"":""e24cbe96-3587-437f-9a4a-36041590c16a"",""nama"":""SUNDAE STRAWBERRY"",""hargaPerBox"":97000,""isiPerBox"":24,""qtyBox"":1,""total"":97000},{""productId"":""1441bc6d-2850-4d09-92ef-032b2b3ad3c0"",""nama"":""SWEET CORN"",""hargaPerBox"":96000,""isiPerBox"":40,""qtyBox"":1,""total"":96000},{""productId"":""49e0231e-af99-4110-9592-072d18ec59a0"",""nama"":""TARO CRISPY"",""hargaPerBox"":96500,""isiPerBox"":40,""qtyBox"":1,""total"":96500}]","979472b8-a3a9-47b6-903e-d1dd5cf0acc5"
"f5170c6c-2fd8-4a00-90af-f85325da4666","WARUNG MADURA AL-AMIN 2","K1649","","2025-10-15T10:46:37.564Z","987300","[{""productId"":""091c691a-b5a5-41d4-9a77-d70b2fb32811"",""nama"":""CHOCOMELT CONE"",""hargaPerBox"":97500,""isiPerBox"":24,""qtyBox"":1,""total"":97500},{""productId"":""19153282-2d60-4826-932a-c7c9a0a958b7"",""nama"":""COFFE CRISPY"",""hargaPerBox"":110000,""isiPerBox"":40,""qtyBox"":1,""total"":110000},{""productId"":""23736cae-26f2-4bb6-bfa5-1e9819418946"",""nama"":""FRUITY ROLL"",""hargaPerBox"":124800,""isiPerBox"":40,""qtyBox"":1,""total"":124800},{""productId"":""adf3703f-33c4-4b26-b6eb-7e5731dbdb67"",""nama"":""MIKI-MIKI"",""hargaPerBox"":93500,""isiPerBox"":60,""qtyBox"":1,""total"":93500},{""productId"":""f9135088-2cf1-45ae-94b7-2dd4d6c54632"",""nama"":""SEMANGKA"",""hargaPerBox"":77500,""isiPerBox"":50,""qtyBox"":1,""total"":77500},{""productId"":""cd48792b-8ef3-4cba-be2d-3283481e7c59"",""nama"":""STRAWBERRY CONE"",""hargaPerBox"":97500,""isiPerBox"":24,""qtyBox"":1,""total"":97500},{""productId"":""55cb8d5e-5852-4e6c-ae02-1a6a02f7ea29"",""nama"":""SUNDAE CHOCOLATE"",""hargaPerBox"":97000,""isiPerBox"":24,""qtyBox"":1,""total"":97000},{""productId"":""e24cbe96-3587-437f-9a4a-36041590c16a"",""nama"":""SUNDAE STRAWBERRY"",""hargaPerBox"":97000,""isiPerBox"":24,""qtyBox"":1,""total"":97000},{""productId"":""1441bc6d-2850-4d09-92ef-032b2b3ad3c0"",""nama"":""SWEET CORN"",""hargaPerBox"":96000,""isiPerBox"":40,""qtyBox"":1,""total"":96000},{""productId"":""49e0231e-af99-4110-9592-072d18ec59a0"",""nama"":""TARO CRISPY"",""hargaPerBox"":96500,""isiPerBox"":40,""qtyBox"":1,""total"":96500}]","198aa748-a798-48be-8341-e417bcfa78a4"
"4d252543-4e0e-4fc1-b82d-6a6fc91f9228","TIGA SAUDARA 2","K1149","Order dari kunjungan: ","2025-10-13T08:09:10.134Z","487500","[{""productId"":""02942549-9659-4352-804b-5a5665a1302a"",""nama"":""CHOCO MALT"",""hargaPerBox"":80000,""isiPerBox"":50,""qtyBox"":1,""total"":80000},{""productId"":""97bfb86b-50f3-4725-8ebc-a930107e1f3f"",""nama"":""CHOCOLATE CRISPY"",""hargaPerBox"":117000,""isiPerBox"":30,""qtyBox"":1,""total"":117000},{""productId"":""978f2fba-a58a-4ead-b548-8fb64417b093"",""nama"":""CHOCOLATE STICK"",""hargaPerBox"":97000,""isiPerBox"":50,""qtyBox"":1,""total"":97000},{""productId"":""091c691a-b5a5-41d4-9a77-d70b2fb32811"",""nama"":""CHOCOMELT CONE"",""hargaPerBox"":97500,""isiPerBox"":24,""qtyBox"":1,""total"":97500},{""productId"":""1441bc6d-2850-4d09-92ef-032b2b3ad3c0"",""nama"":""SWEET CORN"",""hargaPerBox"":96000,""isiPerBox"":40,""qtyBox"":1,""total"":96000}]","41a63b4f-c1e7-45a0-9dbc-0933710e059d"
"0854317f-6841-4c58-b632-29a134dc533c","MUSYAFAK","K0512","","2025-10-25T05:46:42.442Z","464500","[{""productId"":""091c691a-b5a5-41d4-9a77-d70b2fb32811"",""nama"":""CHOCOMELT CONE"",""hargaPerBox"":97500,""isiPerBox"":24,""qtyBox"":1,""total"":97500},{""productId"":""f9135088-2cf1-45ae-94b7-2dd4d6c54632"",""nama"":""SEMANGKA"",""hargaPerBox"":77500,""isiPerBox"":50,""qtyBox"":1,""total"":77500},{""productId"":""55cb8d5e-5852-4e6c-ae02-1a6a02f7ea29"",""nama"":""SUNDAE CHOCOLATE"",""hargaPerBox"":97000,""isiPerBox"":24,""qtyBox"":1,""total"":97000},{""productId"":""1441bc6d-2850-4d09-92ef-032b2b3ad3c0"",""nama"":""SWEET CORN"",""hargaPerBox"":96000,""isiPerBox"":40,""qtyBox"":1,""total"":96000},{""productId"":""49e0231e-af99-4110-9592-072d18ec59a0"",""nama"":""TARO CRISPY"",""hargaPerBox"":96500,""isiPerBox"":40,""qtyBox"":1,""total"":96500}]","d7a0a3fe-0865-496c-9c1c-d2f30603fc27"
"86c5013d-3fb3-4968-9d6f-a4c6ac3e34bd","ELLA 2 KANTIN MTS BALEKAMBANG","K0391","","2025-10-23T05:49:37.716Z","1046000","[{""productId"":""ff94f02b-8423-412b-84a7-90a4cdf95acd"",""nama"":""2 COLOR"",""hargaPerBox"":92000,""isiPerBox"":40,""qtyBox"":1,""total"":92000},{""productId"":""19153282-2d60-4826-932a-c7c9a0a958b7"",""nama"":""COFFE CRISPY"",""hargaPerBox"":110000,""isiPerBox"":40,""qtyBox"":1,""total"":110000},{""productId"":""4b126c6b-3c14-49dd-9ff4-f3dec8bc3662"",""nama"":""CRISPY BALLS COOKIS"",""hargaPerBox"":118500,""isiPerBox"":40,""qtyBox"":1,""total"":118500},{""productId"":""813ea956-40e3-4408-bee3-acdb66980318"",""nama"":""FRUIZY BLUEBERRY YOGURT"",""hargaPerBox"":96000,""isiPerBox"":40,""qtyBox"":1,""total"":96000},{""productId"":""0e3a07fb-d3a0-48fc-8209-d3d3649b292f"",""nama"":""JERUK"",""hargaPerBox"":78000,""isiPerBox"":50,""qtyBox"":1,""total"":78000},{""productId"":""adf3703f-33c4-4b26-b6eb-7e5731dbdb67"",""nama"":""MIKI-MIKI"",""hargaPerBox"":93500,""isiPerBox"":60,""qtyBox"":1,""total"":93500},{""productId"":""8b377101-fe06-48f8-84f8-62c3ff2d94f4"",""nama"":""MILK MELON"",""hargaPerBox"":95000,""isiPerBox"":40,""qtyBox"":1,""total"":95000},{""productId"":""ce412f53-cbe1-4f99-a97f-994f9d4639fb"",""nama"":""MOCHI VANILLA"",""hargaPerBox"":92500,""isiPerBox"":40,""qtyBox"":1,""total"":92500},{""productId"":""f9135088-2cf1-45ae-94b7-2dd4d6c54632"",""nama"":""SEMANGKA"",""hargaPerBox"":77500,""isiPerBox"":50,""qtyBox"":1,""total"":77500},{""productId"":""e24cbe96-3587-437f-9a4a-36041590c16a"",""nama"":""SUNDAE STRAWBERRY"",""hargaPerBox"":97000,""isiPerBox"":24,""qtyBox"":1,""total"":97000},{""productId"":""1441bc6d-2850-4d09-92ef-032b2b3ad3c0"",""nama"":""SWEET CORN"",""hargaPerBox"":96000,""isiPerBox"":40,""qtyBox"":1,""total"":96000}]","bf4619b0-7e21-4fd1-9370-1c7abe2de90a"
"86c5013d-3fb3-4968-9d6f-a4c6ac3e34bd","ELLA 2 KANTIN MTS BALEKAMBANG","K0391","","2025-11-13T11:02:05.616Z","1213500","[{""productId"":""02942549-9659-4352-804b-5a5665a1302a"",""nama"":""CHOCO MALT"",""hargaPerBox"":80000,""isiPerBox"":50,""qtyBox"":1,""total"":80000},{""productId"":""97bfb86b-50f3-4725-8ebc-a930107e1f3f"",""nama"":""CHOCOLATE CRISPY"",""hargaPerBox"":117000,""isiPerBox"":30,""qtyBox"":1,""total"":117000},{""productId"":""978f2fba-a58a-4ead-b548-8fb64417b093"",""nama"":""CHOCOLATE STICK (BINGO)"",""hargaPerBox"":97000,""isiPerBox"":50,""qtyBox"":1,""total"":97000},{""productId"":""4b126c6b-3c14-49dd-9ff4-f3dec8bc3662"",""nama"":""CRISPY BALLS COOKIS"",""hargaPerBox"":118500,""isiPerBox"":30,""qtyBox"":1,""total"":118500},{""productId"":""421a7ad7-a36a-4882-b7fc-18004318e776"",""nama"":""CRISPY BALLS ORIGINAL"",""hargaPerBox"":118500,""isiPerBox"":30,""qtyBox"":1,""total"":118500},{""productId"":""813ea956-40e3-4408-bee3-acdb66980318"",""nama"":""FRUIZY BLUEBERRY YOGURT"",""hargaPerBox"":96000,""isiPerBox"":40,""qtyBox"":1,""total"":96000},{""productId"":""c64f588e-f38a-463e-be49-d005ce119adc"",""nama"":""MOCHI MANGO"",""hargaPerBox"":94500,""isiPerBox"":40,""qtyBox"":1,""total"":94500},{""productId"":""ce412f53-cbe1-4f99-a97f-994f9d4639fb"",""nama"":""MOCHI VANILLA"",""hargaPerBox"":92500,""isiPerBox"":40,""qtyBox"":1,""total"":92500},{""productId"":""b54e5a8a-a7b0-4f58-854e-151b9ac7b147"",""nama"":""STRAWBERRY CRISPY"",""hargaPerBox"":110000,""isiPerBox"":40,""qtyBox"":1,""total"":110000},{""productId"":""55cb8d5e-5852-4e6c-ae02-1a6a02f7ea29"",""nama"":""SUNDAE CHOCOLATE"",""hargaPerBox"":97000,""isiPerBox"":24,""qtyBox"":1,""total"":97000},{""productId"":""1441bc6d-2850-4d09-92ef-032b2b3ad3c0"",""nama"":""SWEET CORN"",""hargaPerBox"":96000,""isiPerBox"":40,""qtyBox"":1,""total"":96000},{""productId"":""49e0231e-af99-4110-9592-072d18ec59a0"",""nama"":""TARO CRISPY"",""hargaPerBox"":96500,""isiPerBox"":40,""qtyBox"":1,""total"":96500}]","b86eccd5-1b58-4477-8e88-17c38b60538f"
"0baeec56-611a-42f1-a19c-64e3e6ca6120","ENDANG RISTIYOWATI","K0532","Order dari kunjungan: ","2025-10-30T08:39:19.722Z","947200","[{""productId"":""02942549-9659-4352-804b-5a5665a1302a"",""nama"":""CHOCO MALT"",""hargaPerBox"":80000,""isiPerBox"":50,""qtyBox"":1,""total"":80000},{""productId"":""978f2fba-a58a-4ead-b548-8fb64417b093"",""nama"":""CHOCOLATE STICK (BINGO)"",""hargaPerBox"":97000,""isiPerBox"":50,""qtyBox"":1,""total"":97000},{""productId"":""421a7ad7-a36a-4882-b7fc-18004318e776"",""nama"":""CRISPY BALLS ORIGINAL"",""hargaPerBox"":118500,""isiPerBox"":30,""qtyBox"":1,""total"":118500},{""productId"":""344b79cf-a037-4561-ba42-50626465dc90"",""nama"":""FRUIZY GRAPE"",""hargaPerBox"":80000,""isiPerBox"":50,""qtyBox"":1,""total"":80000},{""productId"":""97c8c35f-40d8-49fe-8e66-d051ebafe3fb"",""nama"":""MIKI-MIKI DOUBLE CHOCO"",""hargaPerBox"":93500,""isiPerBox"":60,""qtyBox"":1,""total"":93500},{""productId"":""ce412f53-cbe1-4f99-a97f-994f9d4639fb"",""nama"":""MOCHI VANILLA"",""hargaPerBox"":92500,""isiPerBox"":40,""qtyBox"":1,""total"":92500},{""productId"":""9aeec589-46a9-469d-80da-7d4b3b1a741b"",""nama"":""NANAS"",""hargaPerBox"":77500,""isiPerBox"":50,""qtyBox"":1,""total"":77500},{""productId"":""55cb8d5e-5852-4e6c-ae02-1a6a02f7ea29"",""nama"":""SUNDAE CHOCOLATE"",""hargaPerBox"":97000,""isiPerBox"":24,""qtyBox"":1,""total"":97000},{""productId"":""1441bc6d-2850-4d09-92ef-032b2b3ad3c0"",""nama"":""SWEET CORN"",""hargaPerBox"":96000,""isiPerBox"":40,""qtyBox"":1,""total"":96000},{""productId"":""39defa48-f6f5-4088-8127-a832bf021ac8"",""nama"":""VANILLA BERRY CONE"",""hargaPerBox"":115200,""isiPerBox"":48,""qtyBox"":1,""total"":115200}]","bed2a855-c2be-4b8d-a7df-85d9e19709ef"
"96c0664e-91cd-44e1-aff7-d506a4ab7270","RATU WALI","K1498","","2025-11-16T05:24:11.857Z","967000","[{""productId"":""02942549-9659-4352-804b-5a5665a1302a"",""nama"":""CHOCO MALT"",""hargaPerBox"":80000,""isiPerBox"":50,""qtyBox"":1,""total"":80000},{""productId"":""091c691a-b5a5-41d4-9a77-d70b2fb32811"",""nama"":""CHOCOMELT CONE"",""hargaPerBox"":97500,""isiPerBox"":24,""qtyBox"":1,""total"":97500},{""productId"":""4b126c6b-3c14-49dd-9ff4-f3dec8bc3662"",""nama"":""CRISPY BALLS COOKIS"",""hargaPerBox"":118500,""isiPerBox"":30,""qtyBox"":1,""total"":118500},{""productId"":""adf3703f-33c4-4b26-b6eb-7e5731dbdb67"",""nama"":""MIKI-MIKI"",""hargaPerBox"":93500,""isiPerBox"":60,""qtyBox"":1,""total"":93500},{""productId"":""97c8c35f-40d8-49fe-8e66-d051ebafe3fb"",""nama"":""MIKI-MIKI DOUBLE CHOCO"",""hargaPerBox"":93500,""isiPerBox"":60,""qtyBox"":1,""total"":93500},{""productId"":""cd48792b-8ef3-4cba-be2d-3283481e7c59"",""nama"":""STRAWBERRY CONE"",""hargaPerBox"":97500,""isiPerBox"":24,""qtyBox"":1,""total"":97500},{""productId"":""55cb8d5e-5852-4e6c-ae02-1a6a02f7ea29"",""nama"":""SUNDAE CHOCOLATE"",""hargaPerBox"":97000,""isiPerBox"":24,""qtyBox"":1,""total"":97000},{""productId"":""e24cbe96-3587-437f-9a4a-36041590c16a"",""nama"":""SUNDAE STRAWBERRY"",""hargaPerBox"":97000,""isiPerBox"":24,""qtyBox"":1,""total"":97000},{""productId"":""1441bc6d-2850-4d09-92ef-032b2b3ad3c0"",""nama"":""SWEET CORN"",""hargaPerBox"":96000,""isiPerBox"":40,""qtyBox"":1,""total"":96000},{""productId"":""49e0231e-af99-4110-9592-072d18ec59a0"",""nama"":""TARO CRISPY"",""hargaPerBox"":96500,""isiPerBox"":40,""qtyBox"":1,""total"":96500}]","3ce17810-e1fa-4042-9f88-aeb55dd6319f"
"cd8de274-8720-4a01-9e17-073fec4f4af1","TOKO KOBER","K1571","","2025-10-03T06:51:51.006Z","605500","[{""productId"":""02942549-9659-4352-804b-5a5665a1302a"",""nama"":""CHOCO MALT"",""isiPerBox"":50,""hargaPerBox"":80000,""total"":80000,""qtyBox"":1},{""total"":117000,""isiPerBox"":30,""productId"":""97bfb86b-50f3-4725-8ebc-a930107e1f3f"",""hargaPerBox"":117000,""nama"":""CHOCOLATE CRISPY"",""qtyBox"":1},{""hargaPerBox"":97000,""productId"":""978f2fba-a58a-4ead-b548-8fb64417b093"",""isiPerBox"":50,""nama"":""CHOCOLATE STICK"",""qtyBox"":1,""total"":97000},{""productId"":""4b126c6b-3c14-49dd-9ff4-f3dec8bc3662"",""total"":118500,""isiPerBox"":40,""hargaPerBox"":118500,""nama"":""CRISPY BALLS COOKIS"",""qtyBox"":1},{""total"":97000,""hargaPerBox"":97000,""qtyBox"":1,""isiPerBox"":24,""nama"":""SUNDAE CHOCOLATE"",""productId"":""55cb8d5e-5852-4e6c-ae02-1a6a02f7ea29""},{""hargaPerBox"":96000,""total"":96000,""productId"":""1441bc6d-2850-4d09-92ef-032b2b3ad3c0"",""qtyBox"":1,""isiPerBox"":40,""nama"":""SWEET CORN""}]","ff7e290a-4a38-4018-b136-7e9198e7ab0f"
"a23f56d7-66b7-4466-a4ee-4d79926c4689","SAMI JF MART","K1298","","2025-10-23T08:46:47.847Z","489500","[{""productId"":""ff94f02b-8423-412b-84a7-90a4cdf95acd"",""nama"":""2 COLOR"",""hargaPerBox"":92000,""isiPerBox"":40,""qtyBox"":1,""total"":92000},{""productId"":""19153282-2d60-4826-932a-c7c9a0a958b7"",""nama"":""COFFE CRISPY"",""hargaPerBox"":110000,""isiPerBox"":40,""qtyBox"":1,""total"":110000},{""productId"":""97c8c35f-40d8-49fe-8e66-d051ebafe3fb"",""nama"":""MIKI-MIKI DOUBLE CHOCO"",""hargaPerBox"":93500,""isiPerBox"":60,""qtyBox"":1,""total"":93500},{""productId"":""55cb8d5e-5852-4e6c-ae02-1a6a02f7ea29"",""nama"":""SUNDAE CHOCOLATE"",""hargaPerBox"":97000,""isiPerBox"":24,""qtyBox"":1,""total"":97000},{""productId"":""e24cbe96-3587-437f-9a4a-36041590c16a"",""nama"":""SUNDAE STRAWBERRY"",""hargaPerBox"":97000,""isiPerBox"":24,""qtyBox"":1,""total"":97000}]","fb2a5ac4-5e74-4e1e-9602-2c7e2d3b9bc3"
"b2a770ad-be1c-4bcf-b4e6-45e16744ee44","NYAH JIT","K1708","","2025-10-04T08:29:10.402Z","525500","[{""hargaPerBox"":110000,""total"":110000,""isiPerBox"":40,""productId"":""19153282-2d60-4826-932a-c7c9a0a958b7"",""nama"":""COFFE CRISPY"",""qtyBox"":1},{""nama"":""CRISPY BALLS COOKIS"",""total"":118500,""isiPerBox"":40,""productId"":""4b126c6b-3c14-49dd-9ff4-f3dec8bc3662"",""qtyBox"":1,""hargaPerBox"":118500},{""total"":93500,""qtyBox"":1,""isiPerBox"":60,""hargaPerBox"":93500,""nama"":""MIKI-MIKI"",""productId"":""adf3703f-33c4-4b26-b6eb-7e5731dbdb67""},{""nama"":""MIKI-MIKI DOUBLE CHOCO"",""qtyBox"":1,""hargaPerBox"":93500,""total"":93500,""isiPerBox"":60,""productId"":""97c8c35f-40d8-49fe-8e66-d051ebafe3fb""},{""productId"":""b54e5a8a-a7b0-4f58-854e-151b9ac7b147"",""isiPerBox"":40,""qtyBox"":1,""nama"":""STRAWBERRY CRISPY"",""hargaPerBox"":110000,""total"":110000}]","8406accb-1567-4c1a-bd62-5d028326caf6"
"4e30038c-8dae-43aa-99c9-ed8e324c2bdf","NUR YONO","K1982","Order dari kunjungan:","2025-10-11T06:30:46.673Z","784300","[{""productId"":""978f2fba-a58a-4ead-b548-8fb64417b093"",""nama"":""CHOCOLATE STICK"",""hargaPerBox"":97000,""isiPerBox"":50,""qtyBox"":1,""total"":97000},{""productId"":""091c691a-b5a5-41d4-9a77-d70b2fb32811"",""nama"":""CHOCOMELT CONE"",""hargaPerBox"":97500,""isiPerBox"":24,""qtyBox"":1,""total"":97500},{""productId"":""23736cae-26f2-4bb6-bfa5-1e9819418946"",""nama"":""FRUITY ROLL"",""hargaPerBox"":124800,""isiPerBox"":40,""qtyBox"":1,""total"":124800},{""productId"":""344b79cf-a037-4561-ba42-50626465dc90"",""nama"":""FRUIZY GRAPE"",""hargaPerBox"":80000,""isiPerBox"":50,""qtyBox"":1,""total"":80000},{""productId"":""adf3703f-33c4-4b26-b6eb-7e5731dbdb67"",""nama"":""MIKI-MIKI"",""hargaPerBox"":93500,""isiPerBox"":60,""qtyBox"":1,""total"":93500},{""productId"":""cd48792b-8ef3-4cba-be2d-3283481e7c59"",""nama"":""STRAWBERRY CONE"",""hargaPerBox"":97500,""isiPerBox"":24,""qtyBox"":1,""total"":97500},{""productId"":""55cb8d5e-5852-4e6c-ae02-1a6a02f7ea29"",""nama"":""SUNDAE CHOCOLATE"",""hargaPerBox"":97000,""isiPerBox"":24,""qtyBox"":1,""total"":97000},{""productId"":""e24cbe96-3587-437f-9a4a-36041590c16a"",""nama"":""SUNDAE STRAWBERRY"",""hargaPerBox"":97000,""isiPerBox"":24,""qtyBox"":1,""total"":97000}]","5e28f303-a304-4de7-9c05-f96532b16ac0"
"1ac0f0ae-3a27-4bca-934c-44da7fb0f09b","MASRUKIN","K1334","","2025-10-07T06:47:47.060Z","545000","[{""productId"":""02942549-9659-4352-804b-5a5665a1302a"",""nama"":""CHOCO MALT"",""hargaPerBox"":80000,""isiPerBox"":50,""qtyBox"":1,""total"":80000},{""productId"":""f9135088-2cf1-45ae-94b7-2dd4d6c54632"",""nama"":""SEMANGKA"",""hargaPerBox"":77500,""isiPerBox"":50,""qtyBox"":1,""total"":77500},{""productId"":""cd48792b-8ef3-4cba-be2d-3283481e7c59"",""nama"":""STRAWBERRY CONE"",""hargaPerBox"":97500,""isiPerBox"":24,""qtyBox"":1,""total"":97500},{""productId"":""55cb8d5e-5852-4e6c-ae02-1a6a02f7ea29"",""nama"":""SUNDAE CHOCOLATE"",""hargaPerBox"":97000,""isiPerBox"":24,""qtyBox"":1,""total"":97000},{""productId"":""e24cbe96-3587-437f-9a4a-36041590c16a"",""nama"":""SUNDAE STRAWBERRY"",""hargaPerBox"":97000,""isiPerBox"":24,""qtyBox"":1,""total"":97000},{""productId"":""1441bc6d-2850-4d09-92ef-032b2b3ad3c0"",""nama"":""SWEET CORN"",""hargaPerBox"":96000,""isiPerBox"":40,""qtyBox"":1,""total"":96000}]","c72d0272-b7a8-4755-a1fb-e89c3d53daa0"
"86c5013d-3fb3-4968-9d6f-a4c6ac3e34bd","ELLA 2 KANTIN MTS BALEKAMBANG","K0391","","2025-10-13T01:14:36.368Z","506500","[{""productId"":""091c691a-b5a5-41d4-9a77-d70b2fb32811"",""nama"":""CHOCOMELT CONE"",""hargaPerBox"":97500,""isiPerBox"":24,""qtyBox"":1,""total"":97500},{""productId"":""4b126c6b-3c14-49dd-9ff4-f3dec8bc3662"",""nama"":""CRISPY BALLS COOKIS"",""hargaPerBox"":118500,""isiPerBox"":40,""qtyBox"":1,""total"":118500},{""productId"":""55cb8d5e-5852-4e6c-ae02-1a6a02f7ea29"",""nama"":""SUNDAE CHOCOLATE"",""hargaPerBox"":97000,""isiPerBox"":24,""qtyBox"":1,""total"":97000},{""productId"":""e24cbe96-3587-437f-9a4a-36041590c16a"",""nama"":""SUNDAE STRAWBERRY"",""hargaPerBox"":97000,""isiPerBox"":24,""qtyBox"":1,""total"":97000},{""productId"":""49e0231e-af99-4110-9592-072d18ec59a0"",""nama"":""TARO CRISPY"",""hargaPerBox"":96500,""isiPerBox"":40,""qtyBox"":1,""total"":96500}]","22c6eeaa-2038-4478-ab7c-a5fd38091be2"
"54fdba50-504d-42aa-b316-bc482ba22865","MUHKAFI","K1832","Order dari kunjungan: ","2025-10-27T08:15:39.026Z","1021200","[{""productId"":""02942549-9659-4352-804b-5a5665a1302a"",""nama"":""CHOCO MALT"",""hargaPerBox"":80000,""isiPerBox"":50,""qtyBox"":1,""total"":80000},{""productId"":""978f2fba-a58a-4ead-b548-8fb64417b093"",""nama"":""CHOCOLATE STICK (BINGO)"",""hargaPerBox"":97000,""isiPerBox"":50,""qtyBox"":1,""total"":97000},{""productId"":""4b126c6b-3c14-49dd-9ff4-f3dec8bc3662"",""nama"":""CRISPY BALLS COOKIS"",""hargaPerBox"":118500,""isiPerBox"":40,""qtyBox"":1,""total"":118500},{""productId"":""0e3a07fb-d3a0-48fc-8209-d3d3649b292f"",""nama"":""JERUK"",""hargaPerBox"":78000,""isiPerBox"":50,""qtyBox"":1,""total"":78000},{""productId"":""adf3703f-33c4-4b26-b6eb-7e5731dbdb67"",""nama"":""MIKI-MIKI"",""hargaPerBox"":93500,""isiPerBox"":60,""qtyBox"":1,""total"":93500},{""productId"":""97c8c35f-40d8-49fe-8e66-d051ebafe3fb"",""nama"":""MIKI-MIKI DOUBLE CHOCO"",""hargaPerBox"":93500,""isiPerBox"":60,""qtyBox"":1,""total"":93500},{""productId"":""c64f588e-f38a-463e-be49-d005ce119adc"",""nama"":""MOCHI MANGO"",""hargaPerBox"":94500,""isiPerBox"":40,""qtyBox"":1,""total"":94500},{""productId"":""9aeec589-46a9-469d-80da-7d4b3b1a741b"",""nama"":""NANAS"",""hargaPerBox"":77500,""isiPerBox"":50,""qtyBox"":1,""total"":77500},{""productId"":""f9135088-2cf1-45ae-94b7-2dd4d6c54632"",""nama"":""SEMANGKA"",""hargaPerBox"":77500,""isiPerBox"":50,""qtyBox"":1,""total"":77500},{""productId"":""1441bc6d-2850-4d09-92ef-032b2b3ad3c0"",""nama"":""SWEET CORN"",""hargaPerBox"":96000,""isiPerBox"":40,""qtyBox"":1,""total"":96000},{""productId"":""39defa48-f6f5-4088-8127-a832bf021ac8"",""nama"":""VANILLA BERRY CONE"",""hargaPerBox"":115200,""isiPerBox"":48,""qtyBox"":1,""total"":115200}]","5a3330df-d145-4574-ba1a-9bcdbcdceb4c"
"6eec6ca7-9c50-4869-aee5-594f3bfe1588","ALIYA CELL","K0721","Order dari kunjungan:","2025-10-18T07:12:55.388Z","607000","[{""productId"":""02942549-9659-4352-804b-5a5665a1302a"",""nama"":""CHOCO MALT"",""hargaPerBox"":80000,""isiPerBox"":50,""qtyBox"":1,""total"":80000},{""productId"":""19153282-2d60-4826-932a-c7c9a0a958b7"",""nama"":""COFFE CRISPY"",""hargaPerBox"":110000,""isiPerBox"":40,""qtyBox"":1,""total"":110000},{""productId"":""4b126c6b-3c14-49dd-9ff4-f3dec8bc3662"",""nama"":""CRISPY BALLS COOKIS"",""hargaPerBox"":118500,""isiPerBox"":40,""qtyBox"":1,""total"":118500},{""productId"":""ce412f53-cbe1-4f99-a97f-994f9d4639fb"",""nama"":""MOCHI VANILLA"",""hargaPerBox"":92500,""isiPerBox"":40,""qtyBox"":1,""total"":92500},{""productId"":""b54e5a8a-a7b0-4f58-854e-151b9ac7b147"",""nama"":""STRAWBERRY CRISPY"",""hargaPerBox"":110000,""isiPerBox"":40,""qtyBox"":1,""total"":110000},{""productId"":""1441bc6d-2850-4d09-92ef-032b2b3ad3c0"",""nama"":""SWEET CORN"",""hargaPerBox"":96000,""isiPerBox"":40,""qtyBox"":1,""total"":96000}]","4e502ca8-1897-494c-be18-4003d9a241f4"
"c12ade19-3806-4495-a693-5801bd341095","TOKO LISA","K1899","","2025-10-28T09:53:52.423Z","991800","[{""productId"":""02942549-9659-4352-804b-5a5665a1302a"",""nama"":""CHOCO MALT"",""hargaPerBox"":80000,""isiPerBox"":50,""qtyBox"":1,""total"":80000},{""productId"":""091c691a-b5a5-41d4-9a77-d70b2fb32811"",""nama"":""CHOCOMELT CONE"",""hargaPerBox"":97500,""isiPerBox"":24,""qtyBox"":1,""total"":97500},{""productId"":""4b126c6b-3c14-49dd-9ff4-f3dec8bc3662"",""nama"":""CRISPY BALLS COOKIS"",""hargaPerBox"":118500,""isiPerBox"":40,""qtyBox"":1,""total"":118500},{""productId"":""23736cae-26f2-4bb6-bfa5-1e9819418946"",""nama"":""FRUITY ROLL"",""hargaPerBox"":124800,""isiPerBox"":40,""qtyBox"":1,""total"":124800},{""productId"":""adf3703f-33c4-4b26-b6eb-7e5731dbdb67"",""nama"":""MIKI-MIKI"",""hargaPerBox"":93500,""isiPerBox"":60,""qtyBox"":1,""total"":93500},{""productId"":""c64f588e-f38a-463e-be49-d005ce119adc"",""nama"":""MOCHI MANGO"",""hargaPerBox"":94500,""isiPerBox"":40,""qtyBox"":1,""total"":94500},{""productId"":""ce412f53-cbe1-4f99-a97f-994f9d4639fb"",""nama"":""MOCHI VANILLA"",""hargaPerBox"":92500,""isiPerBox"":40,""qtyBox"":1,""total"":92500},{""productId"":""cd48792b-8ef3-4cba-be2d-3283481e7c59"",""nama"":""STRAWBERRY CONE"",""hargaPerBox"":97500,""isiPerBox"":24,""qtyBox"":1,""total"":97500},{""productId"":""55cb8d5e-5852-4e6c-ae02-1a6a02f7ea29"",""nama"":""SUNDAE CHOCOLATE"",""hargaPerBox"":97000,""isiPerBox"":24,""qtyBox"":1,""total"":97000},{""productId"":""1441bc6d-2850-4d09-92ef-032b2b3ad3c0"",""nama"":""SWEET CORN"",""hargaPerBox"":96000,""isiPerBox"":40,""qtyBox"":1,""total"":96000}]","f1399150-0d02-4c9a-8110-ba141143373d"
"b94cfa77-8407-4578-af10-6b2772ecf219","TOKO MBAK RINI","K1725","","2025-11-06T09:41:58.000Z","476500","[{""productId"":""02942549-9659-4352-804b-5a5665a1302a"",""nama"":""CHOCO MALT"",""hargaPerBox"":80000,""isiPerBox"":50,""qtyBox"":1,""total"":80000},{""productId"":""adf3703f-33c4-4b26-b6eb-7e5731dbdb67"",""nama"":""MIKI-MIKI"",""hargaPerBox"":93500,""isiPerBox"":60,""qtyBox"":1,""total"":93500},{""productId"":""b54e5a8a-a7b0-4f58-854e-151b9ac7b147"",""nama"":""STRAWBERRY CRISPY"",""hargaPerBox"":110000,""isiPerBox"":40,""qtyBox"":1,""total"":110000},{""productId"":""55cb8d5e-5852-4e6c-ae02-1a6a02f7ea29"",""nama"":""SUNDAE CHOCOLATE"",""hargaPerBox"":97000,""isiPerBox"":24,""qtyBox"":1,""total"":97000},{""productId"":""1441bc6d-2850-4d09-92ef-032b2b3ad3c0"",""nama"":""SWEET CORN"",""hargaPerBox"":96000,""isiPerBox"":40,""qtyBox"":1,""total"":96000}]","81bfb0aa-c9a2-4bc2-a503-07e4421f352d"
"a93d19f4-87ce-4bab-bf80-90060d03f4fb","TOKO BINTANI MART","K1409","","2025-10-22T06:16:49.932Z","512300","[{""productId"":""23736cae-26f2-4bb6-bfa5-1e9819418946"",""nama"":""FRUITY ROLL"",""hargaPerBox"":124800,""isiPerBox"":40,""qtyBox"":1,""total"":124800},{""productId"":""cd48792b-8ef3-4cba-be2d-3283481e7c59"",""nama"":""STRAWBERRY CONE"",""hargaPerBox"":97500,""isiPerBox"":24,""qtyBox"":1,""total"":97500},{""productId"":""55cb8d5e-5852-4e6c-ae02-1a6a02f7ea29"",""nama"":""SUNDAE CHOCOLATE"",""hargaPerBox"":97000,""isiPerBox"":24,""qtyBox"":1,""total"":97000},{""productId"":""e24cbe96-3587-437f-9a4a-36041590c16a"",""nama"":""SUNDAE STRAWBERRY"",""hargaPerBox"":97000,""isiPerBox"":24,""qtyBox"":1,""total"":97000},{""productId"":""1441bc6d-2850-4d09-92ef-032b2b3ad3c0"",""nama"":""SWEET CORN"",""hargaPerBox"":96000,""isiPerBox"":40,""qtyBox"":1,""total"":96000}]","090f4397-6735-417e-8310-72c42d34986c"
"de837004-998f-4d9d-9ceb-27c3277a4493","ALHUSNA MART","K0439","","2025-10-02T08:39:34.220Z","475000","[{""hargaPerBox"":92000,""isiPerBox"":40,""qtyBox"":1,""total"":92000,""productId"":""ff94f02b-8423-412b-84a7-90a4cdf95acd"",""nama"":""2 COLOR""},{""qtyBox"":1,""nama"":""CHOCOMELT CONE"",""isiPerBox"":24,""productId"":""091c691a-b5a5-41d4-9a77-d70b2fb32811"",""total"":97500,""hargaPerBox"":97500},{""productId"":""813ea956-40e3-4408-bee3-acdb66980318"",""qtyBox"":1,""total"":96000,""isiPerBox"":40,""hargaPerBox"":96000,""nama"":""FRUIZY BLUEBERRY YOGURT""},{""isiPerBox"":40,""total"":92500,""nama"":""MOCHI VANILLA"",""hargaPerBox"":92500,""qtyBox"":1,""productId"":""ce412f53-cbe1-4f99-a97f-994f9d4639fb""},{""isiPerBox"":24,""qtyBox"":1,""total"":97000,""hargaPerBox"":97000,""nama"":""SUNDAE CHOCOLATE"",""productId"":""55cb8d5e-5852-4e6c-ae02-1a6a02f7ea29""}]","6cbef6fe-5fe8-4214-bf4e-76cb6c86279e"
"0630e12f-8ff5-437e-b65f-fafce6d99e07","PUTRA / ADE ZONE","K1480","Order dari kunjungan: ","2025-10-09T06:11:25.081Z","597000","[{""productId"":""02942549-9659-4352-804b-5a5665a1302a"",""nama"":""CHOCO MALT"",""hargaPerBox"":80000,""isiPerBox"":50,""qtyBox"":1,""total"":80000},{""productId"":""97bfb86b-50f3-4725-8ebc-a930107e1f3f"",""nama"":""CHOCOLATE CRISPY"",""hargaPerBox"":117000,""isiPerBox"":30,""qtyBox"":1,""total"":117000},{""productId"":""b54e5a8a-a7b0-4f58-854e-151b9ac7b147"",""nama"":""STRAWBERRY CRISPY"",""hargaPerBox"":110000,""isiPerBox"":40,""qtyBox"":1,""total"":110000},{""productId"":""55cb8d5e-5852-4e6c-ae02-1a6a02f7ea29"",""nama"":""SUNDAE CHOCOLATE"",""hargaPerBox"":97000,""isiPerBox"":24,""qtyBox"":1,""total"":97000},{""productId"":""e24cbe96-3587-437f-9a4a-36041590c16a"",""nama"":""SUNDAE STRAWBERRY"",""hargaPerBox"":97000,""isiPerBox"":24,""qtyBox"":1,""total"":97000},{""productId"":""1441bc6d-2850-4d09-92ef-032b2b3ad3c0"",""nama"":""SWEET CORN"",""hargaPerBox"":96000,""isiPerBox"":40,""qtyBox"":1,""total"":96000}]","b150f2e3-dff5-4fb3-9df6-6f771735c47f"
"99b2e217-3eaf-45b5-ad6d-156c660cf300","M. FAIZUN","K1614","","2025-11-15T03:58:33.000Z","542500","[{""productId"":""091c691a-b5a5-41d4-9a77-d70b2fb32811"",""nama"":""CHOCOMELT CONE"",""hargaPerBox"":97500,""isiPerBox"":24,""qtyBox"":1,""total"":97500},{""productId"":""344b79cf-a037-4561-ba42-50626465dc90"",""nama"":""FRUIZY GRAPE"",""hargaPerBox"":80000,""isiPerBox"":50,""qtyBox"":1,""total"":80000},{""productId"":""adf3703f-33c4-4b26-b6eb-7e5731dbdb67"",""nama"":""MIKI-MIKI"",""hargaPerBox"":93500,""isiPerBox"":60,""qtyBox"":1,""total"":93500},{""productId"":""f9135088-2cf1-45ae-94b7-2dd4d6c54632"",""nama"":""SEMANGKA"",""hargaPerBox"":77500,""isiPerBox"":50,""qtyBox"":1,""total"":77500},{""productId"":""55cb8d5e-5852-4e6c-ae02-1a6a02f7ea29"",""nama"":""SUNDAE CHOCOLATE"",""hargaPerBox"":97000,""isiPerBox"":24,""qtyBox"":1,""total"":97000},{""productId"":""e24cbe96-3587-437f-9a4a-36041590c16a"",""nama"":""SUNDAE STRAWBERRY"",""hargaPerBox"":97000,""isiPerBox"":24,""qtyBox"":1,""total"":97000}]","98fa9b2c-e424-4805-836e-a6b4eae6165f"
"a93d19f4-87ce-4bab-bf80-90060d03f4fb","TOKO BINTANI MART","K1409","","2025-11-02T06:40:07.418Z","658500","[{""productId"":""97bfb86b-50f3-4725-8ebc-a930107e1f3f"",""nama"":""CHOCOLATE CRISPY"",""hargaPerBox"":117000,""isiPerBox"":30,""qtyBox"":1,""total"":117000},{""productId"":""091c691a-b5a5-41d4-9a77-d70b2fb32811"",""nama"":""CHOCOMELT CONE"",""hargaPerBox"":97500,""isiPerBox"":24,""qtyBox"":1,""total"":97500},{""productId"":""4b126c6b-3c14-49dd-9ff4-f3dec8bc3662"",""nama"":""CRISPY BALLS COOKIS"",""hargaPerBox"":118500,""isiPerBox"":40,""qtyBox"":1,""total"":118500},{""productId"":""421a7ad7-a36a-4882-b7fc-18004318e776"",""nama"":""CRISPY BALLS ORIGINAL"",""hargaPerBox"":118500,""isiPerBox"":30,""qtyBox"":1,""total"":118500},{""productId"":""b54e5a8a-a7b0-4f58-854e-151b9ac7b147"",""nama"":""STRAWBERRY CRISPY"",""hargaPerBox"":110000,""isiPerBox"":40,""qtyBox"":1,""total"":110000},{""productId"":""55cb8d5e-5852-4e6c-ae02-1a6a02f7ea29"",""nama"":""SUNDAE CHOCOLATE"",""hargaPerBox"":97000,""isiPerBox"":24,""qtyBox"":1,""total"":97000}]","ba6ac013-9c34-4b3f-98ce-e308b465c909"
"489380bc-8dca-446c-b652-3e71ea347503","TOKO HAPSARI","K1936","","2025-10-16T03:34:35.000Z","460000","[{""productId"":""adf3703f-33c4-4b26-b6eb-7e5731dbdb67"",""nama"":""MIKI-MIKI"",""hargaPerBox"":93500,""isiPerBox"":60,""qtyBox"":1,""total"":93500},{""productId"":""f9135088-2cf1-45ae-94b7-2dd4d6c54632"",""nama"":""SEMANGKA"",""hargaPerBox"":77500,""isiPerBox"":50,""qtyBox"":1,""total"":77500},{""productId"":""1441bc6d-2850-4d09-92ef-032b2b3ad3c0"",""nama"":""SWEET CORN"",""hargaPerBox"":96000,""isiPerBox"":40,""qtyBox"":1,""total"":96000},{""productId"":""49e0231e-af99-4110-9592-072d18ec59a0"",""nama"":""TARO CRISPY"",""hargaPerBox"":96500,""isiPerBox"":40,""qtyBox"":2,""total"":193000}]","1152991f-43de-46fe-af14-2ff3e7c2ef82"
"075fb1be-a864-4c5d-a4c3-79a3d0d9dc17","SUMUK CELL","K0504","","2025-10-03T06:16:25.463Z","539000","[{""productId"":""02942549-9659-4352-804b-5a5665a1302a"",""total"":80000,""qtyBox"":1,""isiPerBox"":50,""nama"":""CHOCO MALT"",""hargaPerBox"":80000},{""productId"":""9aeec589-46a9-469d-80da-7d4b3b1a741b"",""isiPerBox"":50,""total"":77500,""hargaPerBox"":77500,""qtyBox"":1,""nama"":""NANAS""},{""hargaPerBox"":77500,""total"":77500,""qtyBox"":1,""isiPerBox"":50,""nama"":""SEMANGKA"",""productId"":""f9135088-2cf1-45ae-94b7-2dd4d6c54632""},{""hargaPerBox"":110000,""qtyBox"":1,""isiPerBox"":40,""productId"":""b54e5a8a-a7b0-4f58-854e-151b9ac7b147"",""total"":110000,""nama"":""STRAWBERRY CRISPY""},{""total"":97000,""isiPerBox"":24,""productId"":""55cb8d5e-5852-4e6c-ae02-1a6a02f7ea29"",""hargaPerBox"":97000,""qtyBox"":1,""nama"":""SUNDAE CHOCOLATE""},{""nama"":""SUNDAE STRAWBERRY"",""qtyBox"":1,""total"":97000,""hargaPerBox"":97000,""productId"":""e24cbe96-3587-437f-9a4a-36041590c16a"",""isiPerBox"":24}]","67b6fb0e-2058-4d42-a041-93b73074ee3b"
"73b2db6a-6e48-4727-b318-67da1d4bad20","SMK ISLAM AL HIKMAH MAYONG","K1387","Order dari kunjungan: ","2025-10-23T02:17:41.209Z","1260500","[{""productId"":""ff94f02b-8423-412b-84a7-90a4cdf95acd"",""nama"":""2 COLOR"",""hargaPerBox"":92000,""isiPerBox"":40,""qtyBox"":1,""total"":92000},{""productId"":""97bfb86b-50f3-4725-8ebc-a930107e1f3f"",""nama"":""CHOCOLATE CRISPY"",""hargaPerBox"":117000,""isiPerBox"":30,""qtyBox"":1,""total"":117000},{""productId"":""421a7ad7-a36a-4882-b7fc-18004318e776"",""nama"":""CRISPY BALLS ORIGINAL"",""hargaPerBox"":118500,""isiPerBox"":30,""qtyBox"":1,""total"":118500},{""productId"":""813ea956-40e3-4408-bee3-acdb66980318"",""nama"":""FRUIZY BLUEBERRY YOGURT"",""hargaPerBox"":96000,""isiPerBox"":40,""qtyBox"":1,""total"":96000},{""productId"":""267ea0f8-db2a-4831-8eeb-35cbaae04604"",""nama"":""MANGO SLUSH"",""hargaPerBox"":90500,""isiPerBox"":30,""qtyBox"":1,""total"":90500},{""productId"":""adf3703f-33c4-4b26-b6eb-7e5731dbdb67"",""nama"":""MIKI-MIKI"",""hargaPerBox"":93500,""isiPerBox"":60,""qtyBox"":1,""total"":93500},{""productId"":""97c8c35f-40d8-49fe-8e66-d051ebafe3fb"",""nama"":""MIKI-MIKI DOUBLE CHOCO"",""hargaPerBox"":93500,""isiPerBox"":60,""qtyBox"":1,""total"":93500},{""productId"":""8b377101-fe06-48f8-84f8-62c3ff2d94f4"",""nama"":""MILK MELON"",""hargaPerBox"":95000,""isiPerBox"":40,""qtyBox"":1,""total"":95000},{""productId"":""9aeec589-46a9-469d-80da-7d4b3b1a741b"",""nama"":""NANAS"",""hargaPerBox"":77500,""isiPerBox"":50,""qtyBox"":1,""total"":77500},{""productId"":""cd48792b-8ef3-4cba-be2d-3283481e7c59"",""nama"":""STRAWBERRY CONE"",""hargaPerBox"":97500,""isiPerBox"":24,""qtyBox"":1,""total"":97500},{""productId"":""e24cbe96-3587-437f-9a4a-36041590c16a"",""nama"":""SUNDAE STRAWBERRY"",""hargaPerBox"":97000,""isiPerBox"":24,""qtyBox"":1,""total"":97000},{""productId"":""1441bc6d-2850-4d09-92ef-032b2b3ad3c0"",""nama"":""SWEET CORN"",""hargaPerBox"":96000,""isiPerBox"":40,""qtyBox"":1,""total"":96000},{""productId"":""49e0231e-af99-4110-9592-072d18ec59a0"",""nama"":""TARO CRISPY"",""hargaPerBox"":96500,""isiPerBox"":40,""qtyBox"":1,""total"":96500}]","7d5209af-5d7a-4b62-b92a-9dfa8245a7ac"
"1b2f93c6-34d6-48b6-bea9-0ad62463a02b","TOKO SAUDARA","K1916","","2025-11-06T02:07:05.586Z","474500","[{""productId"":""02942549-9659-4352-804b-5a5665a1302a"",""nama"":""CHOCO MALT"",""hargaPerBox"":80000,""isiPerBox"":50,""qtyBox"":1,""total"":80000},{""productId"":""19153282-2d60-4826-932a-c7c9a0a958b7"",""nama"":""COFFE CRISPY"",""hargaPerBox"":110000,""isiPerBox"":40,""qtyBox"":1,""total"":110000},{""productId"":""f9135088-2cf1-45ae-94b7-2dd4d6c54632"",""nama"":""SEMANGKA"",""hargaPerBox"":77500,""isiPerBox"":50,""qtyBox"":1,""total"":77500},{""productId"":""b54e5a8a-a7b0-4f58-854e-151b9ac7b147"",""nama"":""STRAWBERRY CRISPY"",""hargaPerBox"":110000,""isiPerBox"":40,""qtyBox"":1,""total"":110000},{""productId"":""55cb8d5e-5852-4e6c-ae02-1a6a02f7ea29"",""nama"":""SUNDAE CHOCOLATE"",""hargaPerBox"":97000,""isiPerBox"":24,""qtyBox"":1,""total"":97000}]","0517fd11-51f9-45ca-9141-e02508b5e75b"
"a7c7182a-009a-4ea1-ae84-f5392b6e438d","TOKO PAK MUL","K1323","","2025-10-13T04:25:19.139Z","485000","[{""productId"":""02942549-9659-4352-804b-5a5665a1302a"",""nama"":""CHOCO MALT"",""hargaPerBox"":80000,""isiPerBox"":50,""qtyBox"":1,""total"":80000},{""productId"":""978f2fba-a58a-4ead-b548-8fb64417b093"",""nama"":""CHOCOLATE STICK"",""hargaPerBox"":97000,""isiPerBox"":50,""qtyBox"":1,""total"":97000},{""productId"":""4b126c6b-3c14-49dd-9ff4-f3dec8bc3662"",""nama"":""CRISPY BALLS COOKIS"",""hargaPerBox"":118500,""isiPerBox"":40,""qtyBox"":1,""total"":118500},{""productId"":""adf3703f-33c4-4b26-b6eb-7e5731dbdb67"",""nama"":""MIKI-MIKI"",""hargaPerBox"":93500,""isiPerBox"":60,""qtyBox"":1,""total"":93500},{""productId"":""1441bc6d-2850-4d09-92ef-032b2b3ad3c0"",""nama"":""SWEET CORN"",""hargaPerBox"":96000,""isiPerBox"":40,""qtyBox"":1,""total"":96000}]","61d7f61e-4113-4fb7-b215-9b490717eca5"
"9bcbb48e-0211-483a-b795-18515c9f35e3","MADUN","K0373","Order dari kunjungan: ","2025-10-07T08:35:56.654Z","460000","[{""productId"":""ce412f53-cbe1-4f99-a97f-994f9d4639fb"",""nama"":""MOCHI VANILLA"",""hargaPerBox"":92500,""isiPerBox"":40,""qtyBox"":1,""total"":92500},{""productId"":""9aeec589-46a9-469d-80da-7d4b3b1a741b"",""nama"":""NANAS"",""hargaPerBox"":77500,""isiPerBox"":50,""qtyBox"":1,""total"":77500},{""productId"":""55cb8d5e-5852-4e6c-ae02-1a6a02f7ea29"",""nama"":""SUNDAE CHOCOLATE"",""hargaPerBox"":97000,""isiPerBox"":24,""qtyBox"":1,""total"":97000},{""productId"":""e24cbe96-3587-437f-9a4a-36041590c16a"",""nama"":""SUNDAE STRAWBERRY"",""hargaPerBox"":97000,""isiPerBox"":24,""qtyBox"":1,""total"":97000},{""productId"":""1441bc6d-2850-4d09-92ef-032b2b3ad3c0"",""nama"":""SWEET CORN"",""hargaPerBox"":96000,""isiPerBox"":40,""qtyBox"":1,""total"":96000}]","56def1ac-b0a9-4dc3-95de-81f583dfb0af"
"01211cd5-a06d-4d0a-bb4d-bf5a2ce00879","APOTEK PANCUR","K0352","Order dari kunjungan: ","2025-10-06T09:26:47.977Z","1038800","[{""productId"":""97bfb86b-50f3-4725-8ebc-a930107e1f3f"",""nama"":""CHOCOLATE CRISPY"",""hargaPerBox"":117000,""isiPerBox"":30,""qtyBox"":1,""total"":117000},{""productId"":""091c691a-b5a5-41d4-9a77-d70b2fb32811"",""nama"":""CHOCOMELT CONE"",""hargaPerBox"":97500,""isiPerBox"":24,""qtyBox"":1,""total"":97500},{""productId"":""19153282-2d60-4826-932a-c7c9a0a958b7"",""nama"":""COFFE CRISPY"",""hargaPerBox"":110000,""isiPerBox"":40,""qtyBox"":1,""total"":110000},{""productId"":""23736cae-26f2-4bb6-bfa5-1e9819418946"",""nama"":""FRUITY ROLL"",""hargaPerBox"":124800,""isiPerBox"":40,""qtyBox"":1,""total"":124800},{""productId"":""97c8c35f-40d8-49fe-8e66-d051ebafe3fb"",""nama"":""MIKI-MIKI DOUBLE CHOCO"",""hargaPerBox"":93500,""isiPerBox"":60,""qtyBox"":1,""total"":93500},{""productId"":""b54e5a8a-a7b0-4f58-854e-151b9ac7b147"",""nama"":""STRAWBERRY CRISPY"",""hargaPerBox"":110000,""isiPerBox"":40,""qtyBox"":1,""total"":110000},{""productId"":""55cb8d5e-5852-4e6c-ae02-1a6a02f7ea29"",""nama"":""SUNDAE CHOCOLATE"",""hargaPerBox"":97000,""isiPerBox"":24,""qtyBox"":1,""total"":97000},{""productId"":""e24cbe96-3587-437f-9a4a-36041590c16a"",""nama"":""SUNDAE STRAWBERRY"",""hargaPerBox"":97000,""isiPerBox"":24,""qtyBox"":1,""total"":97000},{""productId"":""1441bc6d-2850-4d09-92ef-032b2b3ad3c0"",""nama"":""SWEET CORN"",""hargaPerBox"":96000,""isiPerBox"":40,""qtyBox"":2,""total"":192000}]","254aa8c5-dfba-4518-b983-2577b2282ddc"
"a93d19f4-87ce-4bab-bf80-90060d03f4fb","TOKO BINTANI MART","K1409","","2025-10-15T08:39:34.477Z","526500","[{""productId"":""4b126c6b-3c14-49dd-9ff4-f3dec8bc3662"",""nama"":""CRISPY BALLS COOKIS"",""hargaPerBox"":118500,""isiPerBox"":40,""qtyBox"":1,""total"":118500},{""productId"":""421a7ad7-a36a-4882-b7fc-18004318e776"",""nama"":""CRISPY BALLS ORIGINAL"",""hargaPerBox"":118500,""isiPerBox"":30,""qtyBox"":1,""total"":118500},{""productId"":""813ea956-40e3-4408-bee3-acdb66980318"",""nama"":""FRUIZY BLUEBERRY YOGURT"",""hargaPerBox"":96000,""isiPerBox"":40,""qtyBox"":1,""total"":96000},{""productId"":""cd48792b-8ef3-4cba-be2d-3283481e7c59"",""nama"":""STRAWBERRY CONE"",""hargaPerBox"":97500,""isiPerBox"":24,""qtyBox"":1,""total"":97500},{""productId"":""1441bc6d-2850-4d09-92ef-032b2b3ad3c0"",""nama"":""SWEET CORN"",""hargaPerBox"":96000,""isiPerBox"":40,""qtyBox"":1,""total"":96000}]","4706564a-a1d7-4520-a449-499619e6b71b"
"489380bc-8dca-446c-b652-3e71ea347503","TOKO HAPSARI","K1936","","2025-10-28T09:50:58.150Z","463000","[{""productId"":""02942549-9659-4352-804b-5a5665a1302a"",""nama"":""CHOCO MALT"",""hargaPerBox"":80000,""isiPerBox"":50,""qtyBox"":1,""total"":80000},{""productId"":""091c691a-b5a5-41d4-9a77-d70b2fb32811"",""nama"":""CHOCOMELT CONE"",""hargaPerBox"":97500,""isiPerBox"":24,""qtyBox"":1,""total"":97500},{""productId"":""1b10562d-5172-4528-a5fc-1f5c68630147"",""nama"":""MOCHI PEACH"",""hargaPerBox"":92500,""isiPerBox"":40,""qtyBox"":1,""total"":92500},{""productId"":""55cb8d5e-5852-4e6c-ae02-1a6a02f7ea29"",""nama"":""SUNDAE CHOCOLATE"",""hargaPerBox"":97000,""isiPerBox"":24,""qtyBox"":1,""total"":97000},{""productId"":""1441bc6d-2850-4d09-92ef-032b2b3ad3c0"",""nama"":""SWEET CORN"",""hargaPerBox"":96000,""isiPerBox"":40,""qtyBox"":1,""total"":96000}]","142adbe1-6441-4a63-8bdc-3212e63c0db5"
"31ec4308-1feb-466a-b016-366534a6c708","SIDO MULYO","K1484","Order dari kunjungan: ","2025-10-28T04:39:32.212Z","1037200","[{""productId"":""02942549-9659-4352-804b-5a5665a1302a"",""nama"":""CHOCO MALT"",""hargaPerBox"":80000,""isiPerBox"":50,""qtyBox"":1,""total"":80000},{""productId"":""978f2fba-a58a-4ead-b548-8fb64417b093"",""nama"":""CHOCOLATE STICK (BINGO)"",""hargaPerBox"":97000,""isiPerBox"":50,""qtyBox"":1,""total"":97000},{""productId"":""4b126c6b-3c14-49dd-9ff4-f3dec8bc3662"",""nama"":""CRISPY BALLS COOKIS"",""hargaPerBox"":118500,""isiPerBox"":40,""qtyBox"":1,""total"":118500},{""productId"":""344b79cf-a037-4561-ba42-50626465dc90"",""nama"":""FRUIZY GRAPE"",""hargaPerBox"":80000,""isiPerBox"":50,""qtyBox"":1,""total"":80000},{""productId"":""0e3a07fb-d3a0-48fc-8209-d3d3649b292f"",""nama"":""JERUK"",""hargaPerBox"":78000,""isiPerBox"":50,""qtyBox"":1,""total"":78000},{""productId"":""267ea0f8-db2a-4831-8eeb-35cbaae04604"",""nama"":""MANGO SLUSH"",""hargaPerBox"":90500,""isiPerBox"":30,""qtyBox"":1,""total"":90500},{""productId"":""adf3703f-33c4-4b26-b6eb-7e5731dbdb67"",""nama"":""MIKI-MIKI"",""hargaPerBox"":93500,""isiPerBox"":60,""qtyBox"":1,""total"":93500},{""productId"":""ce412f53-cbe1-4f99-a97f-994f9d4639fb"",""nama"":""MOCHI VANILLA"",""hargaPerBox"":92500,""isiPerBox"":40,""qtyBox"":1,""total"":92500},{""productId"":""1441bc6d-2850-4d09-92ef-032b2b3ad3c0"",""nama"":""SWEET CORN"",""hargaPerBox"":96000,""isiPerBox"":40,""qtyBox"":2,""total"":192000},{""productId"":""39defa48-f6f5-4088-8127-a832bf021ac8"",""nama"":""VANILLA BERRY CONE"",""hargaPerBox"":115200,""isiPerBox"":48,""qtyBox"":1,""total"":115200}]","9ebc5b5a-b61f-422d-8142-00bbfbf1b891"
"cd8de274-8720-4a01-9e17-073fec4f4af1","TOKO KOBER","K1571","","2025-10-23T17:00:00.000Z","363500","[{""productId"":""02942549-9659-4352-804b-5a5665a1302a"",""nama"":""CHOCO MALT"",""hargaPerBox"":80000,""isiPerBox"":50,""qtyBox"":1,""total"":80000},{""productId"":""978f2fba-a58a-4ead-b548-8fb64417b093"",""nama"":""CHOCOLATE STICK"",""hargaPerBox"":97000,""isiPerBox"":50,""qtyBox"":1,""total"":97000},{""productId"":""267ea0f8-db2a-4831-8eeb-35cbaae04604"",""nama"":""MANGO SLUSH"",""hargaPerBox"":90500,""isiPerBox"":30,""qtyBox"":1,""total"":90500},{""productId"":""1441bc6d-2850-4d09-92ef-032b2b3ad3c0"",""nama"":""SWEET CORN"",""hargaPerBox"":96000,""isiPerBox"":40,""qtyBox"":1,""total"":96000}]","9cb3a746-7eb6-4ac6-8bb9-92234d28bc7f"
"b157661d-c0af-4658-8937-8d24c55731f9","MUSTAQIM","K1352","Order dari kunjungan:","2025-10-06T07:13:13.667Z","761500","[{""productId"":""02942549-9659-4352-804b-5a5665a1302a"",""nama"":""CHOCO MALT"",""hargaPerBox"":80000,""isiPerBox"":50,""qtyBox"":1,""total"":80000},{""productId"":""97c8c35f-40d8-49fe-8e66-d051ebafe3fb"",""nama"":""MIKI-MIKI DOUBLE CHOCO"",""hargaPerBox"":93500,""isiPerBox"":60,""qtyBox"":1,""total"":93500},{""productId"":""ce412f53-cbe1-4f99-a97f-994f9d4639fb"",""nama"":""MOCHI VANILLA"",""hargaPerBox"":92500,""isiPerBox"":40,""qtyBox"":1,""total"":92500},{""productId"":""b54e5a8a-a7b0-4f58-854e-151b9ac7b147"",""nama"":""STRAWBERRY CRISPY"",""hargaPerBox"":110000,""isiPerBox"":40,""qtyBox"":1,""total"":110000},{""productId"":""55cb8d5e-5852-4e6c-ae02-1a6a02f7ea29"",""nama"":""SUNDAE CHOCOLATE"",""hargaPerBox"":97000,""isiPerBox"":24,""qtyBox"":1,""total"":97000},{""productId"":""1441bc6d-2850-4d09-92ef-032b2b3ad3c0"",""nama"":""SWEET CORN"",""hargaPerBox"":96000,""isiPerBox"":40,""qtyBox"":2,""total"":192000},{""productId"":""49e0231e-af99-4110-9592-072d18ec59a0"",""nama"":""TARO CRISPY"",""hargaPerBox"":96500,""isiPerBox"":40,""qtyBox"":1,""total"":96500}]","21ff7695-fe49-48fe-aedd-558fcc42127c"
"0854317f-6841-4c58-b632-29a134dc533c","MUSYAFAK","K0512","Order dari kunjungan: ","2025-11-15T03:10:34.419Z","515500","[{""productId"":""02942549-9659-4352-804b-5a5665a1302a"",""nama"":""CHOCO MALT"",""hargaPerBox"":80000,""isiPerBox"":50,""qtyBox"":1,""total"":80000},{""productId"":""19153282-2d60-4826-932a-c7c9a0a958b7"",""nama"":""COFFE CRISPY"",""hargaPerBox"":110000,""isiPerBox"":40,""qtyBox"":1,""total"":110000},{""productId"":""4b126c6b-3c14-49dd-9ff4-f3dec8bc3662"",""nama"":""CRISPY BALLS COOKIS"",""hargaPerBox"":118500,""isiPerBox"":30,""qtyBox"":1,""total"":118500},{""productId"":""b54e5a8a-a7b0-4f58-854e-151b9ac7b147"",""nama"":""STRAWBERRY CRISPY"",""hargaPerBox"":110000,""isiPerBox"":40,""qtyBox"":1,""total"":110000},{""productId"":""55cb8d5e-5852-4e6c-ae02-1a6a02f7ea29"",""nama"":""SUNDAE CHOCOLATE"",""hargaPerBox"":97000,""isiPerBox"":24,""qtyBox"":1,""total"":97000}]","fe02ced2-3ab4-4b71-9696-dcc7b9767a48"
"4d252543-4e0e-4fc1-b82d-6a6fc91f9228","TIGA SAUDARA 2","K1149","Order dari kunjungan: ","2025-11-04T09:35:50.000Z","613200","[{""productId"":""4b126c6b-3c14-49dd-9ff4-f3dec8bc3662"",""nama"":""CRISPY BALLS COOKIS"",""hargaPerBox"":118500,""isiPerBox"":40,""qtyBox"":1,""total"":118500},{""productId"":""8b377101-fe06-48f8-84f8-62c3ff2d94f4"",""nama"":""MILK MELON"",""hargaPerBox"":95000,""isiPerBox"":40,""qtyBox"":1,""total"":95000},{""productId"":""9aeec589-46a9-469d-80da-7d4b3b1a741b"",""nama"":""NANAS"",""hargaPerBox"":77500,""isiPerBox"":50,""qtyBox"":1,""total"":77500},{""productId"":""b54e5a8a-a7b0-4f58-854e-151b9ac7b147"",""nama"":""STRAWBERRY CRISPY"",""hargaPerBox"":110000,""isiPerBox"":40,""qtyBox"":1,""total"":110000},{""productId"":""55cb8d5e-5852-4e6c-ae02-1a6a02f7ea29"",""nama"":""SUNDAE CHOCOLATE"",""hargaPerBox"":97000,""isiPerBox"":24,""qtyBox"":1,""total"":97000},{""productId"":""39defa48-f6f5-4088-8127-a832bf021ac8"",""nama"":""VANILLA BERRY CONE"",""hargaPerBox"":115200,""isiPerBox"":48,""qtyBox"":1,""total"":115200}]","50a1407c-0098-4156-aee0-e0811053b9a5"
"86c5013d-3fb3-4968-9d6f-a4c6ac3e34bd","ELLA 2 KANTIN MTS BALEKAMBANG","K0391","","2025-10-18T06:49:50.219Z","632500","[{""productId"":""813ea956-40e3-4408-bee3-acdb66980318"",""nama"":""FRUIZY BLUEBERRY YOGURT"",""hargaPerBox"":96000,""isiPerBox"":40,""qtyBox"":1,""total"":96000},{""productId"":""adf3703f-33c4-4b26-b6eb-7e5731dbdb67"",""nama"":""MIKI-MIKI"",""hargaPerBox"":93500,""isiPerBox"":60,""qtyBox"":1,""total"":93500},{""productId"":""8b377101-fe06-48f8-84f8-62c3ff2d94f4"",""nama"":""MILK MELON"",""hargaPerBox"":95000,""isiPerBox"":40,""qtyBox"":1,""total"":95000},{""productId"":""9aeec589-46a9-469d-80da-7d4b3b1a741b"",""nama"":""NANAS"",""hargaPerBox"":77500,""isiPerBox"":50,""qtyBox"":1,""total"":77500},{""productId"":""f9135088-2cf1-45ae-94b7-2dd4d6c54632"",""nama"":""SEMANGKA"",""hargaPerBox"":77500,""isiPerBox"":50,""qtyBox"":1,""total"":77500},{""productId"":""55cb8d5e-5852-4e6c-ae02-1a6a02f7ea29"",""nama"":""SUNDAE CHOCOLATE"",""hargaPerBox"":97000,""isiPerBox"":24,""qtyBox"":1,""total"":97000},{""productId"":""1441bc6d-2850-4d09-92ef-032b2b3ad3c0"",""nama"":""SWEET CORN"",""hargaPerBox"":96000,""isiPerBox"":40,""qtyBox"":1,""total"":96000}]","bbe36bb1-bb87-48ad-b416-7df8a5e717d1"
"86c5013d-3fb3-4968-9d6f-a4c6ac3e34bd","ELLA 2 KANTIN MTS BALEKAMBANG","K0391","","2025-10-17T01:55:02.266Z","1012000","[{""productId"":""02942549-9659-4352-804b-5a5665a1302a"",""nama"":""CHOCO MALT"",""hargaPerBox"":80000,""isiPerBox"":50,""qtyBox"":1,""total"":80000},{""productId"":""97bfb86b-50f3-4725-8ebc-a930107e1f3f"",""nama"":""CHOCOLATE CRISPY"",""hargaPerBox"":117000,""isiPerBox"":30,""qtyBox"":1,""total"":117000},{""productId"":""978f2fba-a58a-4ead-b548-8fb64417b093"",""nama"":""CHOCOLATE STICK"",""hargaPerBox"":97000,""isiPerBox"":50,""qtyBox"":1,""total"":97000},{""productId"":""4b126c6b-3c14-49dd-9ff4-f3dec8bc3662"",""nama"":""CRISPY BALLS COOKIS"",""hargaPerBox"":118500,""isiPerBox"":40,""qtyBox"":1,""total"":118500},{""productId"":""421a7ad7-a36a-4882-b7fc-18004318e776"",""nama"":""CRISPY BALLS ORIGINAL"",""hargaPerBox"":118500,""isiPerBox"":30,""qtyBox"":1,""total"":118500},{""productId"":""c64f588e-f38a-463e-be49-d005ce119adc"",""nama"":""MOCHI MANGO"",""hargaPerBox"":94500,""isiPerBox"":40,""qtyBox"":1,""total"":94500},{""productId"":""55cb8d5e-5852-4e6c-ae02-1a6a02f7ea29"",""nama"":""SUNDAE CHOCOLATE"",""hargaPerBox"":97000,""isiPerBox"":24,""qtyBox"":1,""total"":97000},{""productId"":""e24cbe96-3587-437f-9a4a-36041590c16a"",""nama"":""SUNDAE STRAWBERRY"",""hargaPerBox"":97000,""isiPerBox"":24,""qtyBox"":1,""total"":97000},{""productId"":""1441bc6d-2850-4d09-92ef-032b2b3ad3c0"",""nama"":""SWEET CORN"",""hargaPerBox"":96000,""isiPerBox"":40,""qtyBox"":1,""total"":96000},{""productId"":""49e0231e-af99-4110-9592-072d18ec59a0"",""nama"":""TARO CRISPY"",""hargaPerBox"":96500,""isiPerBox"":40,""qtyBox"":1,""total"":96500}]","bad73560-bdc5-4e4d-859e-388d2c9d6810"
"86c5013d-3fb3-4968-9d6f-a4c6ac3e34bd","ELLA 2 KANTIN MTS BALEKAMBANG","K0391","","2025-10-30T09:32:17.000Z","1052200","[{""productId"":""97bfb86b-50f3-4725-8ebc-a930107e1f3f"",""nama"":""CHOCOLATE CRISPY"",""hargaPerBox"":117000,""isiPerBox"":30,""qtyBox"":1,""total"":117000},{""productId"":""091c691a-b5a5-41d4-9a77-d70b2fb32811"",""nama"":""CHOCOMELT CONE"",""hargaPerBox"":97500,""isiPerBox"":24,""qtyBox"":1,""total"":97500},{""productId"":""19153282-2d60-4826-932a-c7c9a0a958b7"",""nama"":""COFFE CRISPY"",""hargaPerBox"":110000,""isiPerBox"":40,""qtyBox"":1,""total"":110000},{""productId"":""4b126c6b-3c14-49dd-9ff4-f3dec8bc3662"",""nama"":""CRISPY BALLS COOKIS"",""hargaPerBox"":118500,""isiPerBox"":40,""qtyBox"":1,""total"":118500},{""productId"":""c64f588e-f38a-463e-be49-d005ce119adc"",""nama"":""MOCHI MANGO"",""hargaPerBox"":94500,""isiPerBox"":40,""qtyBox"":1,""total"":94500},{""productId"":""b54e5a8a-a7b0-4f58-854e-151b9ac7b147"",""nama"":""STRAWBERRY CRISPY"",""hargaPerBox"":110000,""isiPerBox"":40,""qtyBox"":1,""total"":110000},{""productId"":""55cb8d5e-5852-4e6c-ae02-1a6a02f7ea29"",""nama"":""SUNDAE CHOCOLATE"",""hargaPerBox"":97000,""isiPerBox"":24,""qtyBox"":1,""total"":97000},{""productId"":""1441bc6d-2850-4d09-92ef-032b2b3ad3c0"",""nama"":""SWEET CORN"",""hargaPerBox"":96000,""isiPerBox"":40,""qtyBox"":1,""total"":96000},{""productId"":""49e0231e-af99-4110-9592-072d18ec59a0"",""nama"":""TARO CRISPY"",""hargaPerBox"":96500,""isiPerBox"":40,""qtyBox"":1,""total"":96500},{""productId"":""39defa48-f6f5-4088-8127-a832bf021ac8"",""nama"":""VANILLA BERRY CONE"",""hargaPerBox"":115200,""isiPerBox"":48,""qtyBox"":1,""total"":115200}]","44146d04-9ef5-4c3c-895e-8afef0807795"
"0a8c5daa-4367-4b2e-ba73-90c306b70543","TOKO VANIA","K1868","Order dari kunjungan: ","2025-10-22T04:42:43.237Z","620800","[{""productId"":""23736cae-26f2-4bb6-bfa5-1e9819418946"",""nama"":""FRUITY ROLL"",""hargaPerBox"":124800,""isiPerBox"":40,""qtyBox"":1,""total"":124800},{""productId"":""b54e5a8a-a7b0-4f58-854e-151b9ac7b147"",""nama"":""STRAWBERRY CRISPY"",""hargaPerBox"":110000,""isiPerBox"":40,""qtyBox"":1,""total"":110000},{""productId"":""55cb8d5e-5852-4e6c-ae02-1a6a02f7ea29"",""nama"":""SUNDAE CHOCOLATE"",""hargaPerBox"":97000,""isiPerBox"":24,""qtyBox"":1,""total"":97000},{""productId"":""e24cbe96-3587-437f-9a4a-36041590c16a"",""nama"":""SUNDAE STRAWBERRY"",""hargaPerBox"":97000,""isiPerBox"":24,""qtyBox"":1,""total"":97000},{""productId"":""1441bc6d-2850-4d09-92ef-032b2b3ad3c0"",""nama"":""SWEET CORN"",""hargaPerBox"":96000,""isiPerBox"":40,""qtyBox"":2,""total"":192000}]","46d54702-e395-460a-b32d-34fb05b483cb"
"73b2db6a-6e48-4727-b318-67da1d4bad20","SMK ISLAM AL HIKMAH MAYONG","K1387","Order dari kunjungan: ","2025-10-16T02:52:10.000Z","777500","[{""productId"":""ff94f02b-8423-412b-84a7-90a4cdf95acd"",""nama"":""2 COLOR"",""hargaPerBox"":92000,""isiPerBox"":40,""qtyBox"":1,""total"":92000},{""productId"":""978f2fba-a58a-4ead-b548-8fb64417b093"",""nama"":""CHOCOLATE STICK"",""hargaPerBox"":97000,""isiPerBox"":50,""qtyBox"":1,""total"":97000},{""productId"":""19153282-2d60-4826-932a-c7c9a0a958b7"",""nama"":""COFFE CRISPY"",""hargaPerBox"":110000,""isiPerBox"":40,""qtyBox"":1,""total"":110000},{""productId"":""4b126c6b-3c14-49dd-9ff4-f3dec8bc3662"",""nama"":""CRISPY BALLS COOKIS"",""hargaPerBox"":118500,""isiPerBox"":40,""qtyBox"":1,""total"":118500},{""productId"":""adf3703f-33c4-4b26-b6eb-7e5731dbdb67"",""nama"":""MIKI-MIKI"",""hargaPerBox"":93500,""isiPerBox"":60,""qtyBox"":1,""total"":93500},{""productId"":""57b1bf22-e334-4079-8a45-8ee4d997fd29"",""nama"":""MOCHI BANANA"",""hargaPerBox"":92500,""isiPerBox"":40,""qtyBox"":1,""total"":92500},{""productId"":""f9135088-2cf1-45ae-94b7-2dd4d6c54632"",""nama"":""SEMANGKA"",""hargaPerBox"":77500,""isiPerBox"":50,""qtyBox"":1,""total"":77500},{""productId"":""49e0231e-af99-4110-9592-072d18ec59a0"",""nama"":""TARO CRISPY"",""hargaPerBox"":96500,""isiPerBox"":40,""qtyBox"":1,""total"":96500}]","43bffbf6-abde-41ac-9f20-782e04d36a25"
"e2c738ed-833e-467a-be25-e3a8ce9caf9c","YANI 2","K1018","Order dari kunjungan:","2025-11-07T06:00:52.000Z","519500","[{""productId"":""091c691a-b5a5-41d4-9a77-d70b2fb32811"",""nama"":""CHOCOMELT CONE"",""hargaPerBox"":97500,""isiPerBox"":24,""qtyBox"":1,""total"":97500},{""productId"":""19153282-2d60-4826-932a-c7c9a0a958b7"",""nama"":""COFFE CRISPY"",""hargaPerBox"":110000,""isiPerBox"":40,""qtyBox"":1,""total"":110000},{""productId"":""4b126c6b-3c14-49dd-9ff4-f3dec8bc3662"",""nama"":""CRISPY BALLS COOKIS"",""hargaPerBox"":118500,""isiPerBox"":40,""qtyBox"":1,""total"":118500},{""productId"":""55cb8d5e-5852-4e6c-ae02-1a6a02f7ea29"",""nama"":""SUNDAE CHOCOLATE"",""hargaPerBox"":97000,""isiPerBox"":24,""qtyBox"":1,""total"":97000},{""productId"":""49e0231e-af99-4110-9592-072d18ec59a0"",""nama"":""TARO CRISPY"",""hargaPerBox"":96500,""isiPerBox"":40,""qtyBox"":1,""total"":96500}]","81e9119d-8a30-47ff-b75b-acca763187b3"
"c90bb0bc-7d18-4531-bf39-eee5fb08812e","SD IT AL ANWAR","K1658","","2025-11-15T01:20:08.153Z","469000","[{""productId"":""02942549-9659-4352-804b-5a5665a1302a"",""nama"":""CHOCO MALT"",""hargaPerBox"":80000,""isiPerBox"":50,""qtyBox"":1,""total"":80000},{""productId"":""4b126c6b-3c14-49dd-9ff4-f3dec8bc3662"",""nama"":""CRISPY BALLS COOKIS"",""hargaPerBox"":118500,""isiPerBox"":30,""qtyBox"":1,""total"":118500},{""productId"":""0e3a07fb-d3a0-48fc-8209-d3d3649b292f"",""nama"":""JERUK"",""hargaPerBox"":78000,""isiPerBox"":50,""qtyBox"":1,""total"":78000},{""productId"":""1441bc6d-2850-4d09-92ef-032b2b3ad3c0"",""nama"":""SWEET CORN"",""hargaPerBox"":96000,""isiPerBox"":40,""qtyBox"":1,""total"":96000},{""productId"":""49e0231e-af99-4110-9592-072d18ec59a0"",""nama"":""TARO CRISPY"",""hargaPerBox"":96500,""isiPerBox"":40,""qtyBox"":1,""total"":96500}]","64e316c7-33d4-4333-b3a2-d23f85a14f34"
"e2c738ed-833e-467a-be25-e3a8ce9caf9c","YANI 2","K1018","","2025-10-02T04:35:31.964Z","506000","[{""nama"":""CHOCOLATE CRISPY"",""hargaPerBox"":117000,""isiPerBox"":30,""qtyBox"":1,""total"":117000,""productId"":""97bfb86b-50f3-4725-8ebc-a930107e1f3f""},{""hargaPerBox"":118500,""isiPerBox"":40,""nama"":""CRISPY BALLS COOKIS"",""qtyBox"":1,""productId"":""4b126c6b-3c14-49dd-9ff4-f3dec8bc3662"",""total"":118500},{""isiPerBox"":40,""qtyBox"":1,""productId"":""23736cae-26f2-4bb6-bfa5-1e9819418946"",""hargaPerBox"":97000,""total"":97000,""nama"":""FRUITY ROLL""},{""nama"":""FRUIZY BLUEBERRY YOGURT"",""total"":96000,""qtyBox"":1,""isiPerBox"":40,""hargaPerBox"":96000,""productId"":""813ea956-40e3-4408-bee3-acdb66980318""},{""hargaPerBox"":77500,""qtyBox"":1,""total"":77500,""nama"":""NANAS"",""isiPerBox"":50,""productId"":""9aeec589-46a9-469d-80da-7d4b3b1a741b""}]","6f8c924d-26df-4dae-91fd-2e70747e59a0"
"a93d19f4-87ce-4bab-bf80-90060d03f4fb","TOKO BINTANI MART","K1409","","2025-10-01T04:36:36.888Z","693500","[{""productId"":""97bfb86b-50f3-4725-8ebc-a930107e1f3f"",""total"":117000,""hargaPerBox"":117000,""qtyBox"":1,""nama"":""CHOCOLATE CRISPY"",""isiPerBox"":30},{""productId"":""091c691a-b5a5-41d4-9a77-d70b2fb32811"",""qtyBox"":1,""hargaPerBox"":97500,""isiPerBox"":24,""nama"":""CHOCOMELT CONE"",""total"":97500},{""nama"":""FRUIZY BLUEBERRY YOGURT"",""hargaPerBox"":96000,""total"":96000,""qtyBox"":1,""productId"":""813ea956-40e3-4408-bee3-acdb66980318"",""isiPerBox"":40},{""isiPerBox"":40,""qtyBox"":1,""nama"":""MOCHI VANILLA"",""hargaPerBox"":92500,""productId"":""ce412f53-cbe1-4f99-a97f-994f9d4639fb"",""total"":92500},{""qtyBox"":1,""hargaPerBox"":97500,""productId"":""cd48792b-8ef3-4cba-be2d-3283481e7c59"",""nama"":""STRAWBERRY CONE"",""isiPerBox"":24,""total"":97500},{""isiPerBox"":24,""total"":97000,""qtyBox"":1,""productId"":""55cb8d5e-5852-4e6c-ae02-1a6a02f7ea29"",""nama"":""SUNDAE CHOCOLATE"",""hargaPerBox"":97000},{""nama"":""SWEET CORN"",""productId"":""1441bc6d-2850-4d09-92ef-032b2b3ad3c0"",""qtyBox"":1,""hargaPerBox"":96000,""isiPerBox"":40,""total"":96000}]","d4322905-c63e-472a-a5b9-b720f8640cad"
"89eb1af4-9c31-45a6-981a-682f6cad4935","ABDUL MUJIB","K1315","","2025-10-01T09:03:55.359Z","388000","[{""hargaPerBox"":80000,""isiPerBox"":50,""productId"":""02942549-9659-4352-804b-5a5665a1302a"",""total"":80000,""nama"":""CHOCO MALT"",""qtyBox"":1},{""nama"":""CHOCOLATE CRISPY"",""qtyBox"":1,""total"":117000,""isiPerBox"":30,""hargaPerBox"":117000,""productId"":""97bfb86b-50f3-4725-8ebc-a930107e1f3f""},{""nama"":""CHOCOMELT CONE"",""isiPerBox"":24,""hargaPerBox"":97500,""total"":97500,""qtyBox"":1,""productId"":""091c691a-b5a5-41d4-9a77-d70b2fb32811""},{""total"":93500,""productId"":""adf3703f-33c4-4b26-b6eb-7e5731dbdb67"",""hargaPerBox"":93500,""nama"":""MIKI-MIKI"",""isiPerBox"":60,""qtyBox"":1}]","184925d4-9a05-405b-b5bc-1764f85d7fa2"
"01211cd5-a06d-4d0a-bb4d-bf5a2ce00879","APOTEK PANCUR","K0352","Order dari kunjungan:","2025-10-20T08:22:52.500Z","1307300","[{""productId"":""ff94f02b-8423-412b-84a7-90a4cdf95acd"",""nama"":""2 COLOR"",""hargaPerBox"":92000,""isiPerBox"":40,""qtyBox"":1,""total"":92000},{""productId"":""091c691a-b5a5-41d4-9a77-d70b2fb32811"",""nama"":""CHOCOMELT CONE"",""hargaPerBox"":97500,""isiPerBox"":24,""qtyBox"":1,""total"":97500},{""productId"":""19153282-2d60-4826-932a-c7c9a0a958b7"",""nama"":""COFFE CRISPY"",""hargaPerBox"":110000,""isiPerBox"":40,""qtyBox"":1,""total"":110000},{""productId"":""421a7ad7-a36a-4882-b7fc-18004318e776"",""nama"":""CRISPY BALLS ORIGINAL"",""hargaPerBox"":118500,""isiPerBox"":30,""qtyBox"":1,""total"":118500},{""productId"":""23736cae-26f2-4bb6-bfa5-1e9819418946"",""nama"":""FRUITY ROLL"",""hargaPerBox"":124800,""isiPerBox"":40,""qtyBox"":1,""total"":124800},{""productId"":""344b79cf-a037-4561-ba42-50626465dc90"",""nama"":""FRUIZY GRAPE"",""hargaPerBox"":80000,""isiPerBox"":50,""qtyBox"":1,""total"":80000},{""productId"":""97c8c35f-40d8-49fe-8e66-d051ebafe3fb"",""nama"":""MIKI-MIKI DOUBLE CHOCO"",""hargaPerBox"":93500,""isiPerBox"":60,""qtyBox"":1,""total"":93500},{""productId"":""8b377101-fe06-48f8-84f8-62c3ff2d94f4"",""nama"":""MILK MELON"",""hargaPerBox"":95000,""isiPerBox"":40,""qtyBox"":1,""total"":95000},{""productId"":""b54e5a8a-a7b0-4f58-854e-151b9ac7b147"",""nama"":""STRAWBERRY CRISPY"",""hargaPerBox"":110000,""isiPerBox"":40,""qtyBox"":1,""total"":110000},{""productId"":""55cb8d5e-5852-4e6c-ae02-1a6a02f7ea29"",""nama"":""SUNDAE CHOCOLATE"",""hargaPerBox"":97000,""isiPerBox"":24,""qtyBox"":1,""total"":97000},{""productId"":""e24cbe96-3587-437f-9a4a-36041590c16a"",""nama"":""SUNDAE STRAWBERRY"",""hargaPerBox"":97000,""isiPerBox"":24,""qtyBox"":1,""total"":97000},{""productId"":""1441bc6d-2850-4d09-92ef-032b2b3ad3c0"",""nama"":""SWEET CORN"",""hargaPerBox"":96000,""isiPerBox"":40,""qtyBox"":2,""total"":192000}]","a9dfbc1b-97dd-4606-a682-5a0b7e73650e"
"9a4ca1b7-f882-40dc-b5e2-b6a2a3aa1bb5","TOKO ANUGERAH","K1969","","2025-11-11T09:26:34.402Z","662800","[{""productId"":""02942549-9659-4352-804b-5a5665a1302a"",""nama"":""CHOCO MALT"",""hargaPerBox"":80000,""isiPerBox"":50,""qtyBox"":1,""total"":80000},{""productId"":""091c691a-b5a5-41d4-9a77-d70b2fb32811"",""nama"":""CHOCOMELT CONE"",""hargaPerBox"":97500,""isiPerBox"":24,""qtyBox"":1,""total"":97500},{""productId"":""23736cae-26f2-4bb6-bfa5-1e9819418946"",""nama"":""FRUITY ROLL"",""hargaPerBox"":124800,""isiPerBox"":40,""qtyBox"":1,""total"":124800},{""productId"":""adf3703f-33c4-4b26-b6eb-7e5731dbdb67"",""nama"":""MIKI-MIKI"",""hargaPerBox"":93500,""isiPerBox"":60,""qtyBox"":1,""total"":93500},{""productId"":""97c8c35f-40d8-49fe-8e66-d051ebafe3fb"",""nama"":""MIKI-MIKI DOUBLE CHOCO"",""hargaPerBox"":93500,""isiPerBox"":60,""qtyBox"":1,""total"":93500},{""productId"":""f9135088-2cf1-45ae-94b7-2dd4d6c54632"",""nama"":""SEMANGKA"",""hargaPerBox"":77500,""isiPerBox"":50,""qtyBox"":1,""total"":77500},{""productId"":""1441bc6d-2850-4d09-92ef-032b2b3ad3c0"",""nama"":""SWEET CORN"",""hargaPerBox"":96000,""isiPerBox"":40,""qtyBox"":1,""total"":96000}]","c7159154-63a5-4cfd-8189-cf90f09dab62"
"e1c8d2c7-8b0d-4895-b0f1-a995d145c4ab","ILMA JAYA","K1118","Order dari kunjungan:","2025-11-12T04:10:23.000Z","590000","[{""productId"":""4b126c6b-3c14-49dd-9ff4-f3dec8bc3662"",""nama"":""CRISPY BALLS COOKIS"",""hargaPerBox"":118500,""isiPerBox"":30,""qtyBox"":1,""total"":118500},{""productId"":""267ea0f8-db2a-4831-8eeb-35cbaae04604"",""nama"":""MANGO SLUSH"",""hargaPerBox"":90500,""isiPerBox"":30,""qtyBox"":1,""total"":90500},{""productId"":""c64f588e-f38a-463e-be49-d005ce119adc"",""nama"":""MOCHI MANGO"",""hargaPerBox"":94500,""isiPerBox"":40,""qtyBox"":1,""total"":94500},{""productId"":""ce412f53-cbe1-4f99-a97f-994f9d4639fb"",""nama"":""MOCHI VANILLA"",""hargaPerBox"":92500,""isiPerBox"":40,""qtyBox"":1,""total"":92500},{""productId"":""55cb8d5e-5852-4e6c-ae02-1a6a02f7ea29"",""nama"":""SUNDAE CHOCOLATE"",""hargaPerBox"":97000,""isiPerBox"":24,""qtyBox"":1,""total"":97000},{""productId"":""e24cbe96-3587-437f-9a4a-36041590c16a"",""nama"":""SUNDAE STRAWBERRY"",""hargaPerBox"":97000,""isiPerBox"":24,""qtyBox"":1,""total"":97000}]","c010380a-94e0-4358-aee1-fa895467b86a"
"a741d86a-e4b0-413b-96bf-e9be7940219e","SDN 1 BAKALAN ( TOKO SEMBAKO AHLIS )","K2015","Order dari kunjungan: ","2025-11-01T03:52:03.000Z","475700","[{""productId"":""02942549-9659-4352-804b-5a5665a1302a"",""nama"":""CHOCO MALT"",""hargaPerBox"":80000,""isiPerBox"":50,""qtyBox"":1,""total"":80000},{""productId"":""adf3703f-33c4-4b26-b6eb-7e5731dbdb67"",""nama"":""MIKI-MIKI"",""hargaPerBox"":93500,""isiPerBox"":60,""qtyBox"":1,""total"":93500},{""productId"":""57b1bf22-e334-4079-8a45-8ee4d997fd29"",""nama"":""MOCHI BANANA"",""hargaPerBox"":92500,""isiPerBox"":40,""qtyBox"":1,""total"":92500},{""productId"":""c64f588e-f38a-463e-be49-d005ce119adc"",""nama"":""MOCHI MANGO"",""hargaPerBox"":94500,""isiPerBox"":40,""qtyBox"":1,""total"":94500},{""productId"":""39defa48-f6f5-4088-8127-a832bf021ac8"",""nama"":""VANILLA BERRY CONE"",""hargaPerBox"":115200,""isiPerBox"":48,""qtyBox"":1,""total"":115200}]","911b2bb5-9941-4eb3-8786-81531e8671fe"
"0630e12f-8ff5-437e-b65f-fafce6d99e07","PUTRA / ADE ZONE","K1480","Order dari kunjungan: ","2025-10-23T04:18:47.109Z","480000","[{""productId"":""813ea956-40e3-4408-bee3-acdb66980318"",""nama"":""FRUIZY BLUEBERRY YOGURT"",""hargaPerBox"":96000,""isiPerBox"":40,""qtyBox"":1,""total"":96000},{""productId"":""97c8c35f-40d8-49fe-8e66-d051ebafe3fb"",""nama"":""MIKI-MIKI DOUBLE CHOCO"",""hargaPerBox"":93500,""isiPerBox"":60,""qtyBox"":1,""total"":93500},{""productId"":""55cb8d5e-5852-4e6c-ae02-1a6a02f7ea29"",""nama"":""SUNDAE CHOCOLATE"",""hargaPerBox"":97000,""isiPerBox"":24,""qtyBox"":1,""total"":97000},{""productId"":""e24cbe96-3587-437f-9a4a-36041590c16a"",""nama"":""SUNDAE STRAWBERRY"",""hargaPerBox"":97000,""isiPerBox"":24,""qtyBox"":1,""total"":97000},{""productId"":""49e0231e-af99-4110-9592-072d18ec59a0"",""nama"":""TARO CRISPY"",""hargaPerBox"":96500,""isiPerBox"":40,""qtyBox"":1,""total"":96500}]","cedc7865-cefd-4bed-b964-5ad437b18584"
"1a59b3df-9602-48d3-9e38-45a07274d3b5","WINARNO","K2021","","2025-10-03T04:41:11.719Z","290500","[{""hargaPerBox"":97500,""productId"":""091c691a-b5a5-41d4-9a77-d70b2fb32811"",""qtyBox"":1,""total"":97500,""isiPerBox"":24,""nama"":""CHOCOMELT CONE""},{""isiPerBox"":24,""total"":97000,""qtyBox"":1,""nama"":""SUNDAE STRAWBERRY"",""hargaPerBox"":97000,""productId"":""e24cbe96-3587-437f-9a4a-36041590c16a""},{""nama"":""SWEET CORN"",""productId"":""1441bc6d-2850-4d09-92ef-032b2b3ad3c0"",""hargaPerBox"":96000,""isiPerBox"":40,""total"":96000,""qtyBox"":1}]","ad3f4939-173e-4284-9df0-c0dd92c7ee01"
"a93d19f4-87ce-4bab-bf80-90060d03f4fb","TOKO BINTANI MART","K1409","","2025-10-29T05:10:54.990Z","619800","[{""productId"":""97bfb86b-50f3-4725-8ebc-a930107e1f3f"",""nama"":""CHOCOLATE CRISPY"",""hargaPerBox"":117000,""isiPerBox"":30,""qtyBox"":1,""total"":117000},{""productId"":""23736cae-26f2-4bb6-bfa5-1e9819418946"",""nama"":""FRUITY ROLL"",""hargaPerBox"":124800,""isiPerBox"":40,""qtyBox"":1,""total"":124800},{""productId"":""813ea956-40e3-4408-bee3-acdb66980318"",""nama"":""FRUIZY BLUEBERRY YOGURT"",""hargaPerBox"":96000,""isiPerBox"":40,""qtyBox"":1,""total"":96000},{""productId"":""adf3703f-33c4-4b26-b6eb-7e5731dbdb67"",""nama"":""MIKI-MIKI"",""hargaPerBox"":93500,""isiPerBox"":60,""qtyBox"":1,""total"":93500},{""productId"":""1b10562d-5172-4528-a5fc-1f5c68630147"",""nama"":""MOCHI PEACH"",""hargaPerBox"":92500,""isiPerBox"":40,""qtyBox"":1,""total"":92500},{""productId"":""1441bc6d-2850-4d09-92ef-032b2b3ad3c0"",""nama"":""SWEET CORN"",""hargaPerBox"":96000,""isiPerBox"":40,""qtyBox"":1,""total"":96000}]","cc4a4c35-f6c4-48b6-a401-53bca8f51870"
"85cf10d5-57cb-40af-ab28-5793be5a97f1","PONPES MAYONG/ AL ISHOM","K0991","Order dari kunjungan: ","2025-11-09T05:41:32.174Z","685000","[{""productId"":""ff94f02b-8423-412b-84a7-90a4cdf95acd"",""nama"":""2 COLOR"",""hargaPerBox"":92000,""isiPerBox"":40,""qtyBox"":1,""total"":92000},{""productId"":""02942549-9659-4352-804b-5a5665a1302a"",""nama"":""CHOCO MALT"",""hargaPerBox"":80000,""isiPerBox"":50,""qtyBox"":1,""total"":80000},{""productId"":""19153282-2d60-4826-932a-c7c9a0a958b7"",""nama"":""COFFE CRISPY"",""hargaPerBox"":110000,""isiPerBox"":40,""qtyBox"":1,""total"":110000},{""productId"":""4b126c6b-3c14-49dd-9ff4-f3dec8bc3662"",""nama"":""CRISPY BALLS COOKIS"",""hargaPerBox"":118500,""isiPerBox"":40,""qtyBox"":1,""total"":118500},{""productId"":""813ea956-40e3-4408-bee3-acdb66980318"",""nama"":""FRUIZY BLUEBERRY YOGURT"",""hargaPerBox"":96000,""isiPerBox"":40,""qtyBox"":1,""total"":96000},{""productId"":""ce412f53-cbe1-4f99-a97f-994f9d4639fb"",""nama"":""MOCHI VANILLA"",""hargaPerBox"":92500,""isiPerBox"":40,""qtyBox"":1,""total"":92500},{""productId"":""1441bc6d-2850-4d09-92ef-032b2b3ad3c0"",""nama"":""SWEET CORN"",""hargaPerBox"":96000,""isiPerBox"":40,""qtyBox"":1,""total"":96000}]","1f8889d9-2069-406a-8849-788c45f825e0"
"67abfcd5-d88a-4513-bd29-597353ebb2a9","NIKMAT SEMBAKO","K1543","","2025-10-17T06:25:36.070Z","455000","[{""productId"":""02942549-9659-4352-804b-5a5665a1302a"",""nama"":""CHOCO MALT"",""hargaPerBox"":80000,""isiPerBox"":50,""qtyBox"":1,""total"":80000},{""productId"":""813ea956-40e3-4408-bee3-acdb66980318"",""nama"":""FRUIZY BLUEBERRY YOGURT"",""hargaPerBox"":96000,""isiPerBox"":40,""qtyBox"":1,""total"":96000},{""productId"":""267ea0f8-db2a-4831-8eeb-35cbaae04604"",""nama"":""MANGO SLUSH"",""hargaPerBox"":90500,""isiPerBox"":30,""qtyBox"":1,""total"":90500},{""productId"":""ce412f53-cbe1-4f99-a97f-994f9d4639fb"",""nama"":""MOCHI VANILLA"",""hargaPerBox"":92500,""isiPerBox"":40,""qtyBox"":1,""total"":92500},{""productId"":""1441bc6d-2850-4d09-92ef-032b2b3ad3c0"",""nama"":""SWEET CORN"",""hargaPerBox"":96000,""isiPerBox"":40,""qtyBox"":1,""total"":96000}]","90df3814-d017-4210-911d-7374e49c6b91"
"4eb562d0-9280-4e70-92ea-ccff2b2e6623","ULFA KHASANAH","K1127","Order dari kunjungan: ","2025-10-28T07:02:54.271Z","496200","[{""productId"":""97bfb86b-50f3-4725-8ebc-a930107e1f3f"",""nama"":""CHOCOLATE CRISPY"",""hargaPerBox"":117000,""isiPerBox"":30,""qtyBox"":1,""total"":117000},{""productId"":""0e3a07fb-d3a0-48fc-8209-d3d3649b292f"",""nama"":""JERUK"",""hargaPerBox"":78000,""isiPerBox"":50,""qtyBox"":1,""total"":78000},{""productId"":""97c8c35f-40d8-49fe-8e66-d051ebafe3fb"",""nama"":""MIKI-MIKI DOUBLE CHOCO"",""hargaPerBox"":93500,""isiPerBox"":60,""qtyBox"":1,""total"":93500},{""productId"":""ce412f53-cbe1-4f99-a97f-994f9d4639fb"",""nama"":""MOCHI VANILLA"",""hargaPerBox"":92500,""isiPerBox"":40,""qtyBox"":1,""total"":92500},{""productId"":""39defa48-f6f5-4088-8127-a832bf021ac8"",""nama"":""VANILLA BERRY CONE"",""hargaPerBox"":115200,""isiPerBox"":48,""qtyBox"":1,""total"":115200}]","904307fc-3fcd-4a67-8a9b-3d4f1562e990"
"46b5f2b0-e099-4d90-a699-93e51cd88145","TOKO HALIMAH","K1607","Order dari kunjungan:","2025-11-05T02:45:32.000Z","497200","[{""productId"":""ff94f02b-8423-412b-84a7-90a4cdf95acd"",""nama"":""2 COLOR"",""hargaPerBox"":92000,""isiPerBox"":40,""qtyBox"":1,""total"":92000},{""productId"":""97bfb86b-50f3-4725-8ebc-a930107e1f3f"",""nama"":""CHOCOLATE CRISPY"",""hargaPerBox"":117000,""isiPerBox"":30,""qtyBox"":1,""total"":117000},{""productId"":""0e3a07fb-d3a0-48fc-8209-d3d3649b292f"",""nama"":""JERUK"",""hargaPerBox"":78000,""isiPerBox"":50,""qtyBox"":1,""total"":78000},{""productId"":""8b377101-fe06-48f8-84f8-62c3ff2d94f4"",""nama"":""MILK MELON"",""hargaPerBox"":95000,""isiPerBox"":40,""qtyBox"":1,""total"":95000},{""productId"":""39defa48-f6f5-4088-8127-a832bf021ac8"",""nama"":""VANILLA BERRY CONE"",""hargaPerBox"":115200,""isiPerBox"":48,""qtyBox"":1,""total"":115200}]","8c240586-1e93-448c-bcda-106c39c62b06"
"4c4cb1e2-7e9f-45b2-97e8-4f1de565ca6e","SD IT AL HUSNA PELEMKEREP","K1656","Order dari kunjungan:","2025-10-11T05:04:46.348Z","754800","[{""productId"":""ff94f02b-8423-412b-84a7-90a4cdf95acd"",""nama"":""2 COLOR"",""hargaPerBox"":92000,""isiPerBox"":40,""qtyBox"":1,""total"":92000},{""productId"":""02942549-9659-4352-804b-5a5665a1302a"",""nama"":""CHOCO MALT"",""hargaPerBox"":80000,""isiPerBox"":50,""qtyBox"":1,""total"":80000},{""productId"":""23736cae-26f2-4bb6-bfa5-1e9819418946"",""nama"":""FRUITY ROLL"",""hargaPerBox"":124800,""isiPerBox"":40,""qtyBox"":1,""total"":124800},{""productId"":""813ea956-40e3-4408-bee3-acdb66980318"",""nama"":""FRUIZY BLUEBERRY YOGURT"",""hargaPerBox"":96000,""isiPerBox"":40,""qtyBox"":1,""total"":96000},{""productId"":""344b79cf-a037-4561-ba42-50626465dc90"",""nama"":""FRUIZY GRAPE"",""hargaPerBox"":80000,""isiPerBox"":50,""qtyBox"":1,""total"":80000},{""productId"":""adf3703f-33c4-4b26-b6eb-7e5731dbdb67"",""nama"":""MIKI-MIKI"",""hargaPerBox"":93500,""isiPerBox"":60,""qtyBox"":1,""total"":93500},{""productId"":""ce412f53-cbe1-4f99-a97f-994f9d4639fb"",""nama"":""MOCHI VANILLA"",""hargaPerBox"":92500,""isiPerBox"":40,""qtyBox"":1,""total"":92500},{""productId"":""1441bc6d-2850-4d09-92ef-032b2b3ad3c0"",""nama"":""SWEET CORN"",""hargaPerBox"":96000,""isiPerBox"":40,""qtyBox"":1,""total"":96000}]","d6f98082-5c67-4a91-8108-cc7467250163"
"ed99e387-6f40-41f7-9f96-0fedaa963ad2","ENDANG SRI WAHYUNI","K1367","","2025-10-01T05:11:45.912Z","426500","[{""hargaPerBox"":78000,""qtyBox"":1,""total"":78000,""productId"":""0e3a07fb-d3a0-48fc-8209-d3d3649b292f"",""nama"":""JERUK"",""isiPerBox"":50},{""total"":77500,""qtyBox"":1,""hargaPerBox"":77500,""nama"":""NANAS"",""isiPerBox"":50,""productId"":""9aeec589-46a9-469d-80da-7d4b3b1a741b""},{""productId"":""f9135088-2cf1-45ae-94b7-2dd4d6c54632"",""total"":77500,""nama"":""SEMANGKA"",""isiPerBox"":50,""qtyBox"":1,""hargaPerBox"":77500},{""total"":97000,""productId"":""55cb8d5e-5852-4e6c-ae02-1a6a02f7ea29"",""nama"":""SUNDAE CHOCOLATE"",""isiPerBox"":24,""hargaPerBox"":97000,""qtyBox"":1},{""isiPerBox"":40,""total"":96500,""qtyBox"":1,""productId"":""49e0231e-af99-4110-9592-072d18ec59a0"",""nama"":""TARO CRISPY"",""hargaPerBox"":96500}]","adb621d4-8c22-4c29-9cc1-f43e0f68d811"
"c8674610-9d57-4ee8-adb7-2f2fa51ba073","TOKO RIZKY OS","K1502","Order dari kunjungan: ","2025-11-04T08:32:00.000Z","584500","[{""productId"":""97c8c35f-40d8-49fe-8e66-d051ebafe3fb"",""nama"":""MIKI-MIKI DOUBLE CHOCO"",""hargaPerBox"":93500,""isiPerBox"":60,""qtyBox"":1,""total"":93500},{""productId"":""8b377101-fe06-48f8-84f8-62c3ff2d94f4"",""nama"":""MILK MELON"",""hargaPerBox"":95000,""isiPerBox"":40,""qtyBox"":1,""total"":95000},{""productId"":""1b10562d-5172-4528-a5fc-1f5c68630147"",""nama"":""MOCHI PEACH"",""hargaPerBox"":92500,""isiPerBox"":40,""qtyBox"":1,""total"":92500},{""productId"":""b54e5a8a-a7b0-4f58-854e-151b9ac7b147"",""nama"":""STRAWBERRY CRISPY"",""hargaPerBox"":110000,""isiPerBox"":40,""qtyBox"":1,""total"":110000},{""productId"":""55cb8d5e-5852-4e6c-ae02-1a6a02f7ea29"",""nama"":""SUNDAE CHOCOLATE"",""hargaPerBox"":97000,""isiPerBox"":24,""qtyBox"":1,""total"":97000},{""productId"":""49e0231e-af99-4110-9592-072d18ec59a0"",""nama"":""TARO CRISPY"",""hargaPerBox"":96500,""isiPerBox"":40,""qtyBox"":1,""total"":96500}]","2284e2f7-5560-4754-9552-1536fad81d70"
"899f4979-f37e-45a1-a867-04c21c04fe75","TOKO VIANA","K1911","","2025-11-05T09:54:48.000Z","287000","[{""productId"":""091c691a-b5a5-41d4-9a77-d70b2fb32811"",""nama"":""CHOCOMELT CONE"",""hargaPerBox"":97500,""isiPerBox"":24,""qtyBox"":1,""total"":97500},{""productId"":""adf3703f-33c4-4b26-b6eb-7e5731dbdb67"",""nama"":""MIKI-MIKI"",""hargaPerBox"":93500,""isiPerBox"":60,""qtyBox"":1,""total"":93500},{""productId"":""1441bc6d-2850-4d09-92ef-032b2b3ad3c0"",""nama"":""SWEET CORN"",""hargaPerBox"":96000,""isiPerBox"":40,""qtyBox"":1,""total"":96000}]","4e8fef10-c183-4fd1-93d2-0168d0d301c5"
"13a5625d-3a12-4e79-b282-2bd369ec295f","RESTU","K0743","Order dari kunjungan: ","2025-11-12T06:14:23.204Z","463000","[{""productId"":""02942549-9659-4352-804b-5a5665a1302a"",""nama"":""CHOCO MALT"",""hargaPerBox"":80000,""isiPerBox"":50,""qtyBox"":1,""total"":80000},{""productId"":""97c8c35f-40d8-49fe-8e66-d051ebafe3fb"",""nama"":""MIKI-MIKI DOUBLE CHOCO"",""hargaPerBox"":93500,""isiPerBox"":60,""qtyBox"":1,""total"":93500},{""productId"":""55cb8d5e-5852-4e6c-ae02-1a6a02f7ea29"",""nama"":""SUNDAE CHOCOLATE"",""hargaPerBox"":97000,""isiPerBox"":24,""qtyBox"":1,""total"":97000},{""productId"":""1441bc6d-2850-4d09-92ef-032b2b3ad3c0"",""nama"":""SWEET CORN"",""hargaPerBox"":96000,""isiPerBox"":40,""qtyBox"":1,""total"":96000},{""productId"":""49e0231e-af99-4110-9592-072d18ec59a0"",""nama"":""TARO CRISPY"",""hargaPerBox"":96500,""isiPerBox"":40,""qtyBox"":1,""total"":96500}]","7924e9f7-ae41-40ec-a85d-cc54fc32f3d7"
"9bcbb48e-0211-483a-b795-18515c9f35e3","MADUN","K0373","","2025-09-30T17:00:00.000Z","454000","[{""productId"":""adf3703f-33c4-4b26-b6eb-7e5731dbdb67"",""nama"":""MIKI-MIKI"",""hargaPerBox"":93500,""isiPerBox"":60,""qtyBox"":3,""total"":280500},{""productId"":""f9135088-2cf1-45ae-94b7-2dd4d6c54632"",""nama"":""SEMANGKA"",""hargaPerBox"":77500,""isiPerBox"":50,""qtyBox"":1,""total"":77500},{""productId"":""1441bc6d-2850-4d09-92ef-032b2b3ad3c0"",""nama"":""SWEET CORN"",""hargaPerBox"":96000,""isiPerBox"":40,""qtyBox"":1,""total"":96000}]","5a335831-aab9-47dc-a0d4-49cf7244e314"
"1f920f03-02ba-4802-aa4b-cb4a97979cac","RONDHI ARDIYANTO","K0936","Order dari kunjungan:","2025-10-13T03:43:25.016Z","1067300","[{""productId"":""ff94f02b-8423-412b-84a7-90a4cdf95acd"",""nama"":""2 COLOR"",""hargaPerBox"":92000,""isiPerBox"":40,""qtyBox"":1,""total"":92000},{""productId"":""978f2fba-a58a-4ead-b548-8fb64417b093"",""nama"":""CHOCOLATE STICK"",""hargaPerBox"":97000,""isiPerBox"":50,""qtyBox"":1,""total"":97000},{""productId"":""4b126c6b-3c14-49dd-9ff4-f3dec8bc3662"",""nama"":""CRISPY BALLS COOKIS"",""hargaPerBox"":118500,""isiPerBox"":40,""qtyBox"":1,""total"":118500},{""productId"":""23736cae-26f2-4bb6-bfa5-1e9819418946"",""nama"":""FRUITY ROLL"",""hargaPerBox"":124800,""isiPerBox"":40,""qtyBox"":1,""total"":124800},{""productId"":""813ea956-40e3-4408-bee3-acdb66980318"",""nama"":""FRUIZY BLUEBERRY YOGURT"",""hargaPerBox"":96000,""isiPerBox"":40,""qtyBox"":1,""total"":96000},{""productId"":""0e3a07fb-d3a0-48fc-8209-d3d3649b292f"",""nama"":""JERUK"",""hargaPerBox"":78000,""isiPerBox"":50,""qtyBox"":1,""total"":78000},{""productId"":""adf3703f-33c4-4b26-b6eb-7e5731dbdb67"",""nama"":""MIKI-MIKI"",""hargaPerBox"":93500,""isiPerBox"":60,""qtyBox"":1,""total"":93500},{""productId"":""f9135088-2cf1-45ae-94b7-2dd4d6c54632"",""nama"":""SEMANGKA"",""hargaPerBox"":77500,""isiPerBox"":50,""qtyBox"":1,""total"":77500},{""productId"":""55cb8d5e-5852-4e6c-ae02-1a6a02f7ea29"",""nama"":""SUNDAE CHOCOLATE"",""hargaPerBox"":97000,""isiPerBox"":24,""qtyBox"":1,""total"":97000},{""productId"":""e24cbe96-3587-437f-9a4a-36041590c16a"",""nama"":""SUNDAE STRAWBERRY"",""hargaPerBox"":97000,""isiPerBox"":24,""qtyBox"":1,""total"":97000},{""productId"":""1441bc6d-2850-4d09-92ef-032b2b3ad3c0"",""nama"":""SWEET CORN"",""hargaPerBox"":96000,""isiPerBox"":40,""qtyBox"":1,""total"":96000}]","a9cecdad-9ac8-4b17-8659-e27b511d34f1"
"67abfcd5-d88a-4513-bd29-597353ebb2a9","NIKMAT SEMBAKO","K1543","","2025-10-11T08:41:21.331Z","485000","[{""productId"":""091c691a-b5a5-41d4-9a77-d70b2fb32811"",""nama"":""CHOCOMELT CONE"",""hargaPerBox"":97500,""isiPerBox"":24,""qtyBox"":1,""total"":97500},{""productId"":""cd48792b-8ef3-4cba-be2d-3283481e7c59"",""nama"":""STRAWBERRY CONE"",""hargaPerBox"":97500,""isiPerBox"":24,""qtyBox"":1,""total"":97500},{""productId"":""55cb8d5e-5852-4e6c-ae02-1a6a02f7ea29"",""nama"":""SUNDAE CHOCOLATE"",""hargaPerBox"":97000,""isiPerBox"":24,""qtyBox"":1,""total"":97000},{""productId"":""e24cbe96-3587-437f-9a4a-36041590c16a"",""nama"":""SUNDAE STRAWBERRY"",""hargaPerBox"":97000,""isiPerBox"":24,""qtyBox"":1,""total"":97000},{""productId"":""1441bc6d-2850-4d09-92ef-032b2b3ad3c0"",""nama"":""SWEET CORN"",""hargaPerBox"":96000,""isiPerBox"":40,""qtyBox"":1,""total"":96000}]","67601f90-8d5c-4d7f-826c-1ee84f055042"
"f5170c6c-2fd8-4a00-90af-f85325da4666","WARUNG MADURA AL-AMIN 2","K1649","","2025-10-30T09:33:38.343Z","1479000","[{""productId"":""ff94f02b-8423-412b-84a7-90a4cdf95acd"",""nama"":""2 COLOR"",""hargaPerBox"":92000,""isiPerBox"":40,""qtyBox"":1,""total"":92000},{""productId"":""02942549-9659-4352-804b-5a5665a1302a"",""nama"":""CHOCO MALT"",""hargaPerBox"":80000,""isiPerBox"":50,""qtyBox"":1,""total"":80000},{""productId"":""97bfb86b-50f3-4725-8ebc-a930107e1f3f"",""nama"":""CHOCOLATE CRISPY"",""hargaPerBox"":117000,""isiPerBox"":30,""qtyBox"":1,""total"":117000},{""productId"":""091c691a-b5a5-41d4-9a77-d70b2fb32811"",""nama"":""CHOCOMELT CONE"",""hargaPerBox"":97500,""isiPerBox"":24,""qtyBox"":1,""total"":97500},{""productId"":""4b126c6b-3c14-49dd-9ff4-f3dec8bc3662"",""nama"":""CRISPY BALLS COOKIS"",""hargaPerBox"":118500,""isiPerBox"":40,""qtyBox"":1,""total"":118500},{""productId"":""23736cae-26f2-4bb6-bfa5-1e9819418946"",""nama"":""FRUITY ROLL"",""hargaPerBox"":124800,""isiPerBox"":40,""qtyBox"":1,""total"":124800},{""productId"":""344b79cf-a037-4561-ba42-50626465dc90"",""nama"":""FRUIZY GRAPE"",""hargaPerBox"":80000,""isiPerBox"":50,""qtyBox"":1,""total"":80000},{""productId"":""57b1bf22-e334-4079-8a45-8ee4d997fd29"",""nama"":""MOCHI BANANA"",""hargaPerBox"":92500,""isiPerBox"":40,""qtyBox"":1,""total"":92500},{""productId"":""9aeec589-46a9-469d-80da-7d4b3b1a741b"",""nama"":""NANAS"",""hargaPerBox"":77500,""isiPerBox"":50,""qtyBox"":1,""total"":77500},{""productId"":""cd48792b-8ef3-4cba-be2d-3283481e7c59"",""nama"":""STRAWBERRY CONE"",""hargaPerBox"":97500,""isiPerBox"":24,""qtyBox"":1,""total"":97500},{""productId"":""55cb8d5e-5852-4e6c-ae02-1a6a02f7ea29"",""nama"":""SUNDAE CHOCOLATE"",""hargaPerBox"":97000,""isiPerBox"":24,""qtyBox"":2,""total"":194000},{""productId"":""1441bc6d-2850-4d09-92ef-032b2b3ad3c0"",""nama"":""SWEET CORN"",""hargaPerBox"":96000,""isiPerBox"":40,""qtyBox"":1,""total"":96000},{""productId"":""49e0231e-af99-4110-9592-072d18ec59a0"",""nama"":""TARO CRISPY"",""hargaPerBox"":96500,""isiPerBox"":40,""qtyBox"":1,""total"":96500},{""productId"":""39defa48-f6f5-4088-8127-a832bf021ac8"",""nama"":""VANILLA BERRY CONE"",""hargaPerBox"":115200,""isiPerBox"":48,""qtyBox"":1,""total"":115200}]","eb46b431-9641-4805-85a8-bc12c08f71dd"
"2821519d-7cc4-41e1-a814-90f13118ad5f","RIYADLUR QURAN","K1286","","2025-10-06T01:36:46.769Z","499000","[{""productId"":""4b126c6b-3c14-49dd-9ff4-f3dec8bc3662"",""nama"":""CRISPY BALLS COOKIS"",""hargaPerBox"":118500,""isiPerBox"":40,""qtyBox"":1,""total"":118500},{""productId"":""813ea956-40e3-4408-bee3-acdb66980318"",""nama"":""FRUIZY BLUEBERRY YOGURT"",""hargaPerBox"":96000,""isiPerBox"":40,""qtyBox"":1,""total"":96000},{""productId"":""f471b533-b60a-432d-8715-8d6951b581ad"",""nama"":""MOCHI KLEPON"",""hargaPerBox"":94500,""isiPerBox"":40,""qtyBox"":1,""total"":94500},{""productId"":""ce412f53-cbe1-4f99-a97f-994f9d4639fb"",""nama"":""MOCHI VANILLA"",""hargaPerBox"":92500,""isiPerBox"":40,""qtyBox"":1,""total"":92500},{""productId"":""cd48792b-8ef3-4cba-be2d-3283481e7c59"",""nama"":""STRAWBERRY CONE"",""hargaPerBox"":97500,""isiPerBox"":24,""qtyBox"":1,""total"":97500}]","45f315c5-85b6-4fb2-9473-9046edd645d5"
"82f35ef8-d7a6-49d1-8bb1-605548a65ffa","KANTOR PWI","K1877","","2025-11-07T04:40:42.506Z","1078700","[{""productId"":""97bfb86b-50f3-4725-8ebc-a930107e1f3f"",""nama"":""CHOCOLATE CRISPY"",""hargaPerBox"":117000,""isiPerBox"":30,""qtyBox"":1,""total"":117000},{""productId"":""091c691a-b5a5-41d4-9a77-d70b2fb32811"",""nama"":""CHOCOMELT CONE"",""hargaPerBox"":97500,""isiPerBox"":24,""qtyBox"":1,""total"":97500},{""productId"":""4b126c6b-3c14-49dd-9ff4-f3dec8bc3662"",""nama"":""CRISPY BALLS COOKIS"",""hargaPerBox"":118500,""isiPerBox"":40,""qtyBox"":1,""total"":118500},{""productId"":""267ea0f8-db2a-4831-8eeb-35cbaae04604"",""nama"":""MANGO SLUSH"",""hargaPerBox"":90500,""isiPerBox"":30,""qtyBox"":1,""total"":90500},{""productId"":""c64f588e-f38a-463e-be49-d005ce119adc"",""nama"":""MOCHI MANGO"",""hargaPerBox"":94500,""isiPerBox"":40,""qtyBox"":1,""total"":94500},{""productId"":""9aeec589-46a9-469d-80da-7d4b3b1a741b"",""nama"":""NANAS"",""hargaPerBox"":77500,""isiPerBox"":50,""qtyBox"":1,""total"":77500},{""productId"":""f9135088-2cf1-45ae-94b7-2dd4d6c54632"",""nama"":""SEMANGKA"",""hargaPerBox"":77500,""isiPerBox"":50,""qtyBox"":1,""total"":77500},{""productId"":""cd48792b-8ef3-4cba-be2d-3283481e7c59"",""nama"":""STRAWBERRY CONE"",""hargaPerBox"":97500,""isiPerBox"":24,""qtyBox"":1,""total"":97500},{""productId"":""55cb8d5e-5852-4e6c-ae02-1a6a02f7ea29"",""nama"":""SUNDAE CHOCOLATE"",""hargaPerBox"":97000,""isiPerBox"":24,""qtyBox"":1,""total"":97000},{""productId"":""1441bc6d-2850-4d09-92ef-032b2b3ad3c0"",""nama"":""SWEET CORN"",""hargaPerBox"":96000,""isiPerBox"":40,""qtyBox"":1,""total"":96000},{""productId"":""39defa48-f6f5-4088-8127-a832bf021ac8"",""nama"":""VANILLA BERRY CONE"",""hargaPerBox"":115200,""isiPerBox"":48,""qtyBox"":1,""total"":115200}]","7d829ce8-a81b-45f9-b0b5-c0438a92d2d0"
"3ff0830c-2f2f-45e4-9566-8fe33eb7c93f","SUKATI","K0467","Order dari kunjungan: ","2025-10-16T05:32:23.073Z","702500","[{""productId"":""97bfb86b-50f3-4725-8ebc-a930107e1f3f"",""nama"":""CHOCOLATE CRISPY"",""hargaPerBox"":117000,""isiPerBox"":30,""qtyBox"":1,""total"":117000},{""productId"":""091c691a-b5a5-41d4-9a77-d70b2fb32811"",""nama"":""CHOCOMELT CONE"",""hargaPerBox"":97500,""isiPerBox"":24,""qtyBox"":1,""total"":97500},{""productId"":""267ea0f8-db2a-4831-8eeb-35cbaae04604"",""nama"":""MANGO SLUSH"",""hargaPerBox"":90500,""isiPerBox"":30,""qtyBox"":1,""total"":90500},{""productId"":""c64f588e-f38a-463e-be49-d005ce119adc"",""nama"":""MOCHI MANGO"",""hargaPerBox"":94500,""isiPerBox"":40,""qtyBox"":1,""total"":94500},{""productId"":""b54e5a8a-a7b0-4f58-854e-151b9ac7b147"",""nama"":""STRAWBERRY CRISPY"",""hargaPerBox"":110000,""isiPerBox"":40,""qtyBox"":1,""total"":110000},{""productId"":""e24cbe96-3587-437f-9a4a-36041590c16a"",""nama"":""SUNDAE STRAWBERRY"",""hargaPerBox"":97000,""isiPerBox"":24,""qtyBox"":1,""total"":97000},{""productId"":""1441bc6d-2850-4d09-92ef-032b2b3ad3c0"",""nama"":""SWEET CORN"",""hargaPerBox"":96000,""isiPerBox"":40,""qtyBox"":1,""total"":96000}]","b128355f-2cca-4f42-940f-8c70bcc276f6"
"6741fcee-d6a3-41c0-bd06-d23b4b20f021","BU ISTIANAH ( MTS URWATIL WATSQO )","K2066","","2025-11-18T02:59:38.044Z","291000","[{""productId"":""091c691a-b5a5-41d4-9a77-d70b2fb32811"",""nama"":""CHOCOMELT CONE"",""hargaPerBox"":97500,""isiPerBox"":24,""qtyBox"":1,""total"":97500},{""productId"":""55cb8d5e-5852-4e6c-ae02-1a6a02f7ea29"",""nama"":""SUNDAE CHOCOLATE"",""hargaPerBox"":97000,""isiPerBox"":24,""qtyBox"":1,""total"":97000},{""productId"":""49e0231e-af99-4110-9592-072d18ec59a0"",""nama"":""TARO CRISPY"",""hargaPerBox"":96500,""isiPerBox"":40,""qtyBox"":1,""total"":96500}]","3d0413c3-c21d-4b1f-afaa-80fd094937a0"
"b48bca8c-78a2-4ec1-9b16-84849a0b9b5a","REZEKI LANCAR","K1540","Order dari kunjungan: ","2025-10-27T05:39:26.069Z","536700","[{""productId"":""19153282-2d60-4826-932a-c7c9a0a958b7"",""nama"":""COFFE CRISPY"",""hargaPerBox"":110000,""isiPerBox"":40,""qtyBox"":1,""total"":110000},{""productId"":""4b126c6b-3c14-49dd-9ff4-f3dec8bc3662"",""nama"":""CRISPY BALLS COOKIS"",""hargaPerBox"":118500,""isiPerBox"":40,""qtyBox"":1,""total"":118500},{""productId"":""55cb8d5e-5852-4e6c-ae02-1a6a02f7ea29"",""nama"":""SUNDAE CHOCOLATE"",""hargaPerBox"":97000,""isiPerBox"":24,""qtyBox"":1,""total"":97000},{""productId"":""1441bc6d-2850-4d09-92ef-032b2b3ad3c0"",""nama"":""SWEET CORN"",""hargaPerBox"":96000,""isiPerBox"":40,""qtyBox"":1,""total"":96000},{""productId"":""39defa48-f6f5-4088-8127-a832bf021ac8"",""nama"":""VANILLA BERRY CONE"",""hargaPerBox"":115200,""isiPerBox"":48,""qtyBox"":1,""total"":115200}]","af6c8b08-4cbc-43b2-8e8c-7e7f2c7388a7"
"085bbef4-729a-4a83-b1e3-fd32ded0b809","TOKO ALI","K1154","Order dari kunjungan: ","2025-11-06T06:52:20.336Z","471000","[{""productId"":""02942549-9659-4352-804b-5a5665a1302a"",""nama"":""CHOCO MALT"",""hargaPerBox"":80000,""isiPerBox"":50,""qtyBox"":1,""total"":80000},{""productId"":""267ea0f8-db2a-4831-8eeb-35cbaae04604"",""nama"":""MANGO SLUSH"",""hargaPerBox"":90500,""isiPerBox"":30,""qtyBox"":1,""total"":90500},{""productId"":""adf3703f-33c4-4b26-b6eb-7e5731dbdb67"",""nama"":""MIKI-MIKI"",""hargaPerBox"":93500,""isiPerBox"":60,""qtyBox"":1,""total"":93500},{""productId"":""b54e5a8a-a7b0-4f58-854e-151b9ac7b147"",""nama"":""STRAWBERRY CRISPY"",""hargaPerBox"":110000,""isiPerBox"":40,""qtyBox"":1,""total"":110000},{""productId"":""55cb8d5e-5852-4e6c-ae02-1a6a02f7ea29"",""nama"":""SUNDAE CHOCOLATE"",""hargaPerBox"":97000,""isiPerBox"":24,""qtyBox"":1,""total"":97000}]","626f0fa1-62dd-475e-97d5-27eb311883b7"
"ee44c035-af97-46c2-93cd-934252ce01a9","MUNAWAROH","K1121","","2025-11-18T07:20:00.170Z","519900","[{""productId"":""978f2fba-a58a-4ead-b548-8fb64417b093"",""nama"":""CHOCOLATE STICK (BINGO)"",""hargaPerBox"":97000,""isiPerBox"":50,""qtyBox"":1,""total"":97000},{""productId"":""1441bc6d-2850-4d09-92ef-032b2b3ad3c0"",""nama"":""SWEET CORN"",""hargaPerBox"":96000,""isiPerBox"":40,""qtyBox"":1,""total"":96000},{""productId"":""49e0231e-af99-4110-9592-072d18ec59a0"",""nama"":""TARO CRISPY"",""hargaPerBox"":96500,""isiPerBox"":40,""qtyBox"":1,""total"":96500},{""productId"":""39defa48-f6f5-4088-8127-a832bf021ac8"",""nama"":""VANILLA BERRY CONE"",""hargaPerBox"":115200,""isiPerBox"":48,""qtyBox"":2,""total"":230400}]","048e5a36-8d42-46bf-b391-a1baa9914a76"
"c3d5fd74-b777-410a-8463-833c6a80fa6f","Toko Koss Mart","K2014","Order dari kunjungan: ","2025-10-16T06:18:07.544Z","507500","[{""productId"":""19153282-2d60-4826-932a-c7c9a0a958b7"",""nama"":""COFFE CRISPY"",""hargaPerBox"":110000,""isiPerBox"":40,""qtyBox"":1,""total"":110000},{""productId"":""4b126c6b-3c14-49dd-9ff4-f3dec8bc3662"",""nama"":""CRISPY BALLS COOKIS"",""hargaPerBox"":118500,""isiPerBox"":40,""qtyBox"":1,""total"":118500},{""productId"":""813ea956-40e3-4408-bee3-acdb66980318"",""nama"":""FRUIZY BLUEBERRY YOGURT"",""hargaPerBox"":96000,""isiPerBox"":40,""qtyBox"":1,""total"":96000},{""productId"":""267ea0f8-db2a-4831-8eeb-35cbaae04604"",""nama"":""MANGO SLUSH"",""hargaPerBox"":90500,""isiPerBox"":30,""qtyBox"":1,""total"":90500},{""productId"":""57b1bf22-e334-4079-8a45-8ee4d997fd29"",""nama"":""MOCHI BANANA"",""hargaPerBox"":92500,""isiPerBox"":40,""qtyBox"":1,""total"":92500}]","502b7835-c0e0-424e-9274-8271ce6be1b8"
"447595c6-2025-4419-a012-8d94be89e4bc","TOSERBA JIWA MART","K2008","Order dari kunjungan:","2025-10-28T07:30:00.000Z","482700","[{""productId"":""091c691a-b5a5-41d4-9a77-d70b2fb32811"",""nama"":""CHOCOMELT CONE"",""hargaPerBox"":97500,""isiPerBox"":24,""qtyBox"":1,""total"":97500},{""productId"":""344b79cf-a037-4561-ba42-50626465dc90"",""nama"":""FRUIZY GRAPE"",""hargaPerBox"":80000,""isiPerBox"":50,""qtyBox"":1,""total"":80000},{""productId"":""97c8c35f-40d8-49fe-8e66-d051ebafe3fb"",""nama"":""MIKI-MIKI DOUBLE CHOCO"",""hargaPerBox"":93500,""isiPerBox"":60,""qtyBox"":1,""total"":93500},{""productId"":""49e0231e-af99-4110-9592-072d18ec59a0"",""nama"":""TARO CRISPY"",""hargaPerBox"":96500,""isiPerBox"":40,""qtyBox"":1,""total"":96500},{""productId"":""39defa48-f6f5-4088-8127-a832bf021ac8"",""nama"":""VANILLA BERRY CONE"",""hargaPerBox"":115200,""isiPerBox"":48,""qtyBox"":1,""total"":115200}]","3ee38d2c-9a2d-4182-9d5e-f6203dfa709e"
"86c5013d-3fb3-4968-9d6f-a4c6ac3e34bd","ELLA 2 KANTIN MTS BALEKAMBANG","K0391","","2025-11-04T01:06:17.959Z","488000","[{""productId"":""02942549-9659-4352-804b-5a5665a1302a"",""nama"":""CHOCO MALT"",""hargaPerBox"":80000,""isiPerBox"":50,""qtyBox"":1,""total"":80000},{""productId"":""4b126c6b-3c14-49dd-9ff4-f3dec8bc3662"",""nama"":""CRISPY BALLS COOKIS"",""hargaPerBox"":118500,""isiPerBox"":40,""qtyBox"":1,""total"":118500},{""productId"":""55cb8d5e-5852-4e6c-ae02-1a6a02f7ea29"",""nama"":""SUNDAE CHOCOLATE"",""hargaPerBox"":97000,""isiPerBox"":24,""qtyBox"":1,""total"":97000},{""productId"":""1441bc6d-2850-4d09-92ef-032b2b3ad3c0"",""nama"":""SWEET CORN"",""hargaPerBox"":96000,""isiPerBox"":40,""qtyBox"":1,""total"":96000},{""productId"":""49e0231e-af99-4110-9592-072d18ec59a0"",""nama"":""TARO CRISPY"",""hargaPerBox"":96500,""isiPerBox"":40,""qtyBox"":1,""total"":96500}]","705ae552-7293-4199-95f5-bd7adfa9969e"
"6741fcee-d6a3-41c0-bd06-d23b4b20f021","BU ISTIANAH ( MTS URWATIL WATSQO )","K2066","","2025-11-02T04:39:21.000Z","399200","[{""productId"":""f9135088-2cf1-45ae-94b7-2dd4d6c54632"",""nama"":""SEMANGKA"",""hargaPerBox"":77500,""isiPerBox"":50,""qtyBox"":1,""total"":77500},{""productId"":""b54e5a8a-a7b0-4f58-854e-151b9ac7b147"",""nama"":""STRAWBERRY CRISPY"",""hargaPerBox"":110000,""isiPerBox"":40,""qtyBox"":1,""total"":110000},{""productId"":""49e0231e-af99-4110-9592-072d18ec59a0"",""nama"":""TARO CRISPY"",""hargaPerBox"":96500,""isiPerBox"":40,""qtyBox"":1,""total"":96500},{""productId"":""39defa48-f6f5-4088-8127-a832bf021ac8"",""nama"":""VANILLA BERRY CONE"",""hargaPerBox"":115200,""isiPerBox"":48,""qtyBox"":1,""total"":115200}]","0a342b28-a67a-4d2c-aa1a-f18051b663ee"
"a0ad1bcb-101a-4c18-b744-f91787682c64","MJ CELL","K0441","Order dari kunjungan:","2025-11-15T03:50:42.000Z","686500","[{""productId"":""ff94f02b-8423-412b-84a7-90a4cdf95acd"",""nama"":""2 COLOR"",""hargaPerBox"":92000,""isiPerBox"":40,""qtyBox"":1,""total"":92000},{""productId"":""97bfb86b-50f3-4725-8ebc-a930107e1f3f"",""nama"":""CHOCOLATE CRISPY"",""hargaPerBox"":117000,""isiPerBox"":30,""qtyBox"":1,""total"":117000},{""productId"":""97c8c35f-40d8-49fe-8e66-d051ebafe3fb"",""nama"":""MIKI-MIKI DOUBLE CHOCO"",""hargaPerBox"":93500,""isiPerBox"":60,""qtyBox"":1,""total"":93500},{""productId"":""ce412f53-cbe1-4f99-a97f-994f9d4639fb"",""nama"":""MOCHI VANILLA"",""hargaPerBox"":92500,""isiPerBox"":40,""qtyBox"":1,""total"":92500},{""productId"":""cd48792b-8ef3-4cba-be2d-3283481e7c59"",""nama"":""STRAWBERRY CONE"",""hargaPerBox"":97500,""isiPerBox"":24,""qtyBox"":1,""total"":97500},{""productId"":""55cb8d5e-5852-4e6c-ae02-1a6a02f7ea29"",""nama"":""SUNDAE CHOCOLATE"",""hargaPerBox"":97000,""isiPerBox"":24,""qtyBox"":1,""total"":97000},{""productId"":""e24cbe96-3587-437f-9a4a-36041590c16a"",""nama"":""SUNDAE STRAWBERRY"",""hargaPerBox"":97000,""isiPerBox"":24,""qtyBox"":1,""total"":97000}]","50c16000-9259-4805-96e4-c026b1793830"
"b157661d-c0af-4658-8937-8d24c55731f9","MUSTAQIM","K1352","Order dari kunjungan: ","2025-10-27T07:51:04.363Z","504200","[{""productId"":""4b126c6b-3c14-49dd-9ff4-f3dec8bc3662"",""nama"":""CRISPY BALLS COOKIS"",""hargaPerBox"":118500,""isiPerBox"":40,""qtyBox"":1,""total"":118500},{""productId"":""f9135088-2cf1-45ae-94b7-2dd4d6c54632"",""nama"":""SEMANGKA"",""hargaPerBox"":77500,""isiPerBox"":50,""qtyBox"":1,""total"":77500},{""productId"":""55cb8d5e-5852-4e6c-ae02-1a6a02f7ea29"",""nama"":""SUNDAE CHOCOLATE"",""hargaPerBox"":97000,""isiPerBox"":24,""qtyBox"":1,""total"":97000},{""productId"":""1441bc6d-2850-4d09-92ef-032b2b3ad3c0"",""nama"":""SWEET CORN"",""hargaPerBox"":96000,""isiPerBox"":40,""qtyBox"":1,""total"":96000},{""productId"":""39defa48-f6f5-4088-8127-a832bf021ac8"",""nama"":""VANILLA BERRY CONE"",""hargaPerBox"":115200,""isiPerBox"":48,""qtyBox"":1,""total"":115200}]","519438f4-11ce-43cc-a816-880eef34682b"
"1a59b3df-9602-48d3-9e38-45a07274d3b5","WINARNO","K2021","","2025-10-20T08:43:56.564Z","364000","[{""productId"":""adf3703f-33c4-4b26-b6eb-7e5731dbdb67"",""nama"":""MIKI-MIKI"",""hargaPerBox"":93500,""isiPerBox"":60,""qtyBox"":1,""total"":93500},{""productId"":""f9135088-2cf1-45ae-94b7-2dd4d6c54632"",""nama"":""SEMANGKA"",""hargaPerBox"":77500,""isiPerBox"":50,""qtyBox"":1,""total"":77500},{""productId"":""e24cbe96-3587-437f-9a4a-36041590c16a"",""nama"":""SUNDAE STRAWBERRY"",""hargaPerBox"":97000,""isiPerBox"":24,""qtyBox"":1,""total"":97000},{""productId"":""1441bc6d-2850-4d09-92ef-032b2b3ad3c0"",""nama"":""SWEET CORN"",""hargaPerBox"":96000,""isiPerBox"":40,""qtyBox"":1,""total"":96000}]","55220e3b-3182-4461-87d0-c4c31c5d1d34"
"770d85f4-d20a-459c-bb58-08cf546bbee1","NICE SWALAYAN","-","Order dari kunjungan: ","2025-10-29T04:28:13.000Z","1068000","[{""productId"":""978f2fba-a58a-4ead-b548-8fb64417b093"",""nama"":""CHOCOLATE STICK (BINGO)"",""hargaPerBox"":97000,""isiPerBox"":50,""qtyBox"":1,""total"":97000},{""productId"":""19153282-2d60-4826-932a-c7c9a0a958b7"",""nama"":""COFFE CRISPY"",""hargaPerBox"":110000,""isiPerBox"":40,""qtyBox"":1,""total"":110000},{""productId"":""421a7ad7-a36a-4882-b7fc-18004318e776"",""nama"":""CRISPY BALLS ORIGINAL"",""hargaPerBox"":118500,""isiPerBox"":30,""qtyBox"":1,""total"":118500},{""productId"":""adf3703f-33c4-4b26-b6eb-7e5731dbdb67"",""nama"":""MIKI-MIKI"",""hargaPerBox"":93500,""isiPerBox"":60,""qtyBox"":1,""total"":93500},{""productId"":""97c8c35f-40d8-49fe-8e66-d051ebafe3fb"",""nama"":""MIKI-MIKI DOUBLE CHOCO"",""hargaPerBox"":93500,""isiPerBox"":60,""qtyBox"":1,""total"":93500},{""productId"":""8b377101-fe06-48f8-84f8-62c3ff2d94f4"",""nama"":""MILK MELON"",""hargaPerBox"":95000,""isiPerBox"":40,""qtyBox"":1,""total"":95000},{""productId"":""ce412f53-cbe1-4f99-a97f-994f9d4639fb"",""nama"":""MOCHI VANILLA"",""hargaPerBox"":92500,""isiPerBox"":40,""qtyBox"":1,""total"":92500},{""productId"":""f9135088-2cf1-45ae-94b7-2dd4d6c54632"",""nama"":""SEMANGKA"",""hargaPerBox"":77500,""isiPerBox"":50,""qtyBox"":1,""total"":77500},{""productId"":""cd48792b-8ef3-4cba-be2d-3283481e7c59"",""nama"":""STRAWBERRY CONE"",""hargaPerBox"":97500,""isiPerBox"":24,""qtyBox"":1,""total"":97500},{""productId"":""55cb8d5e-5852-4e6c-ae02-1a6a02f7ea29"",""nama"":""SUNDAE CHOCOLATE"",""hargaPerBox"":97000,""isiPerBox"":24,""qtyBox"":1,""total"":97000},{""productId"":""1441bc6d-2850-4d09-92ef-032b2b3ad3c0"",""nama"":""SWEET CORN"",""hargaPerBox"":96000,""isiPerBox"":40,""qtyBox"":1,""total"":96000}]","880a9958-4136-4e74-a6fc-09d545e77cf0"
"4c4cb1e2-7e9f-45b2-97e8-4f1de565ca6e","SD IT AL HUSNA PELEMKEREP","K1656","","2025-10-23T17:00:00.000Z","694800","[{""productId"":""02942549-9659-4352-804b-5a5665a1302a"",""nama"":""CHOCO MALT"",""hargaPerBox"":80000,""isiPerBox"":50,""qtyBox"":1,""total"":80000},{""productId"":""23736cae-26f2-4bb6-bfa5-1e9819418946"",""nama"":""FRUITY ROLL"",""hargaPerBox"":124800,""isiPerBox"":40,""qtyBox"":1,""total"":124800},{""productId"":""813ea956-40e3-4408-bee3-acdb66980318"",""nama"":""FRUIZY BLUEBERRY YOGURT"",""hargaPerBox"":96000,""isiPerBox"":40,""qtyBox"":2,""total"":192000},{""productId"":""267ea0f8-db2a-4831-8eeb-35cbaae04604"",""nama"":""MANGO SLUSH"",""hargaPerBox"":90500,""isiPerBox"":30,""qtyBox"":1,""total"":90500},{""productId"":""cd48792b-8ef3-4cba-be2d-3283481e7c59"",""nama"":""STRAWBERRY CONE"",""hargaPerBox"":97500,""isiPerBox"":24,""qtyBox"":1,""total"":97500},{""productId"":""b54e5a8a-a7b0-4f58-854e-151b9ac7b147"",""nama"":""STRAWBERRY CRISPY"",""hargaPerBox"":110000,""isiPerBox"":40,""qtyBox"":1,""total"":110000}]","aa9bc15f-063d-4064-a1f0-a0b745e2cf71"
"1b9e05dd-0402-412e-9ba4-1e321199725e","NUR AFIDAH","K1278","Order dari kunjungan: ","2025-10-07T04:28:35.398Z","492800","[{""productId"":""23736cae-26f2-4bb6-bfa5-1e9819418946"",""nama"":""FRUITY ROLL"",""hargaPerBox"":124800,""isiPerBox"":40,""qtyBox"":1,""total"":124800},{""productId"":""f9135088-2cf1-45ae-94b7-2dd4d6c54632"",""nama"":""SEMANGKA"",""hargaPerBox"":77500,""isiPerBox"":50,""qtyBox"":1,""total"":77500},{""productId"":""cd48792b-8ef3-4cba-be2d-3283481e7c59"",""nama"":""STRAWBERRY CONE"",""hargaPerBox"":97500,""isiPerBox"":24,""qtyBox"":1,""total"":97500},{""productId"":""e24cbe96-3587-437f-9a4a-36041590c16a"",""nama"":""SUNDAE STRAWBERRY"",""hargaPerBox"":97000,""isiPerBox"":24,""qtyBox"":1,""total"":97000},{""productId"":""1441bc6d-2850-4d09-92ef-032b2b3ad3c0"",""nama"":""SWEET CORN"",""hargaPerBox"":96000,""isiPerBox"":40,""qtyBox"":1,""total"":96000}]","ac0887e7-7acd-475d-a33e-364f9b2a9848"
"83528420-dead-43fa-9297-c45b89e82dd9","DEWI","K0502","Order dari kunjungan:","2025-11-15T07:25:46.000Z","1053500","[{""productId"":""cd50fc88-32b3-41d6-893e-7253faa8da9b"",""nama"":""3 IN 1"",""hargaPerBox"":192000,""isiPerBox"":27,""qtyBox"":1,""total"":192000},{""productId"":""02942549-9659-4352-804b-5a5665a1302a"",""nama"":""CHOCO MALT"",""hargaPerBox"":80000,""isiPerBox"":50,""qtyBox"":1,""total"":80000},{""productId"":""978f2fba-a58a-4ead-b548-8fb64417b093"",""nama"":""CHOCOLATE STICK (BINGO)"",""hargaPerBox"":97000,""isiPerBox"":50,""qtyBox"":1,""total"":97000},{""productId"":""091c691a-b5a5-41d4-9a77-d70b2fb32811"",""nama"":""CHOCOMELT CONE"",""hargaPerBox"":97500,""isiPerBox"":24,""qtyBox"":1,""total"":97500},{""productId"":""19153282-2d60-4826-932a-c7c9a0a958b7"",""nama"":""COFFE CRISPY"",""hargaPerBox"":110000,""isiPerBox"":40,""qtyBox"":1,""total"":110000},{""productId"":""adf3703f-33c4-4b26-b6eb-7e5731dbdb67"",""nama"":""MIKI-MIKI"",""hargaPerBox"":93500,""isiPerBox"":60,""qtyBox"":1,""total"":93500},{""productId"":""ce412f53-cbe1-4f99-a97f-994f9d4639fb"",""nama"":""MOCHI VANILLA"",""hargaPerBox"":92500,""isiPerBox"":40,""qtyBox"":1,""total"":92500},{""productId"":""cd48792b-8ef3-4cba-be2d-3283481e7c59"",""nama"":""STRAWBERRY CONE"",""hargaPerBox"":97500,""isiPerBox"":24,""qtyBox"":1,""total"":97500},{""productId"":""55cb8d5e-5852-4e6c-ae02-1a6a02f7ea29"",""nama"":""SUNDAE CHOCOLATE"",""hargaPerBox"":97000,""isiPerBox"":24,""qtyBox"":1,""total"":97000},{""productId"":""49e0231e-af99-4110-9592-072d18ec59a0"",""nama"":""TARO CRISPY"",""hargaPerBox"":96500,""isiPerBox"":40,""qtyBox"":1,""total"":96500}]","b0a81ee1-40b9-4d25-9887-605c0f3d9087"
"4788336f-5c4c-4646-8d12-7936fe3b2d84","ELLA 3 SMK PUTRI BALEKAMBANG","K0392","","2025-11-09T06:12:20.000Z","1545500","[{""productId"":""ff94f02b-8423-412b-84a7-90a4cdf95acd"",""nama"":""2 COLOR"",""hargaPerBox"":92000,""isiPerBox"":40,""qtyBox"":1,""total"":92000},{""productId"":""02942549-9659-4352-804b-5a5665a1302a"",""nama"":""CHOCO MALT"",""hargaPerBox"":80000,""isiPerBox"":50,""qtyBox"":1,""total"":80000},{""productId"":""4b126c6b-3c14-49dd-9ff4-f3dec8bc3662"",""nama"":""CRISPY BALLS COOKIS"",""hargaPerBox"":118500,""isiPerBox"":40,""qtyBox"":10,""total"":1185000},{""productId"":""ce412f53-cbe1-4f99-a97f-994f9d4639fb"",""nama"":""MOCHI VANILLA"",""hargaPerBox"":92500,""isiPerBox"":40,""qtyBox"":1,""total"":92500},{""productId"":""1441bc6d-2850-4d09-92ef-032b2b3ad3c0"",""nama"":""SWEET CORN"",""hargaPerBox"":96000,""isiPerBox"":40,""qtyBox"":1,""total"":96000}]","4fb5ca8f-af3a-474a-ad94-ee2b8086bd24"
"b94cfa77-8407-4578-af10-6b2772ecf219","TOKO MBAK RINI","K1725","","2025-10-22T08:17:22.825Z","359500","[{""productId"":""02942549-9659-4352-804b-5a5665a1302a"",""nama"":""CHOCO MALT"",""hargaPerBox"":80000,""isiPerBox"":50,""qtyBox"":1,""total"":80000},{""productId"":""267ea0f8-db2a-4831-8eeb-35cbaae04604"",""nama"":""MANGO SLUSH"",""hargaPerBox"":90500,""isiPerBox"":30,""qtyBox"":1,""total"":90500},{""productId"":""ce412f53-cbe1-4f99-a97f-994f9d4639fb"",""nama"":""MOCHI VANILLA"",""hargaPerBox"":92500,""isiPerBox"":40,""qtyBox"":1,""total"":92500},{""productId"":""49e0231e-af99-4110-9592-072d18ec59a0"",""nama"":""TARO CRISPY"",""hargaPerBox"":96500,""isiPerBox"":40,""qtyBox"":1,""total"":96500}]","720dfa0f-1643-4ecd-b279-9060ddbb9630"
"075fb1be-a864-4c5d-a4c3-79a3d0d9dc17","SUMUK CELL","K0504","Order dari kunjungan: ","2025-11-08T06:33:57.000Z","985300","[{""productId"":""978f2fba-a58a-4ead-b548-8fb64417b093"",""nama"":""CHOCOLATE STICK (BINGO)"",""hargaPerBox"":97000,""isiPerBox"":50,""qtyBox"":1,""total"":97000},{""productId"":""091c691a-b5a5-41d4-9a77-d70b2fb32811"",""nama"":""CHOCOMELT CONE"",""hargaPerBox"":97500,""isiPerBox"":24,""qtyBox"":1,""total"":97500},{""productId"":""23736cae-26f2-4bb6-bfa5-1e9819418946"",""nama"":""FRUITY ROLL"",""hargaPerBox"":124800,""isiPerBox"":40,""qtyBox"":1,""total"":124800},{""productId"":""267ea0f8-db2a-4831-8eeb-35cbaae04604"",""nama"":""MANGO SLUSH"",""hargaPerBox"":90500,""isiPerBox"":30,""qtyBox"":1,""total"":90500},{""productId"":""ce412f53-cbe1-4f99-a97f-994f9d4639fb"",""nama"":""MOCHI VANILLA"",""hargaPerBox"":92500,""isiPerBox"":40,""qtyBox"":1,""total"":92500},{""productId"":""cd48792b-8ef3-4cba-be2d-3283481e7c59"",""nama"":""STRAWBERRY CONE"",""hargaPerBox"":97500,""isiPerBox"":24,""qtyBox"":1,""total"":97500},{""productId"":""55cb8d5e-5852-4e6c-ae02-1a6a02f7ea29"",""nama"":""SUNDAE CHOCOLATE"",""hargaPerBox"":97000,""isiPerBox"":24,""qtyBox"":1,""total"":97000},{""productId"":""1441bc6d-2850-4d09-92ef-032b2b3ad3c0"",""nama"":""SWEET CORN"",""hargaPerBox"":96000,""isiPerBox"":40,""qtyBox"":2,""total"":192000},{""productId"":""49e0231e-af99-4110-9592-072d18ec59a0"",""nama"":""TARO CRISPY"",""hargaPerBox"":96500,""isiPerBox"":40,""qtyBox"":1,""total"":96500}]","c3493b12-b8fc-4be6-9927-9ec70514fdcd"
"489380bc-8dca-446c-b652-3e71ea347503","TOKO HAPSARI","K1936","Order dari kunjungan: ","2025-10-09T03:46:21.239Z","372500","[{""productId"":""02942549-9659-4352-804b-5a5665a1302a"",""nama"":""CHOCO MALT"",""hargaPerBox"":80000,""isiPerBox"":50,""qtyBox"":1,""total"":80000},{""productId"":""4b126c6b-3c14-49dd-9ff4-f3dec8bc3662"",""nama"":""CRISPY BALLS COOKIS"",""hargaPerBox"":118500,""isiPerBox"":40,""qtyBox"":1,""total"":118500},{""productId"":""813ea956-40e3-4408-bee3-acdb66980318"",""nama"":""FRUIZY BLUEBERRY YOGURT"",""hargaPerBox"":96000,""isiPerBox"":40,""qtyBox"":1,""total"":96000},{""productId"":""0e3a07fb-d3a0-48fc-8209-d3d3649b292f"",""nama"":""JERUK"",""hargaPerBox"":78000,""isiPerBox"":50,""qtyBox"":1,""total"":78000}]","bf7e0036-2c5e-4885-9d75-d030518383af"
"73b2db6a-6e48-4727-b318-67da1d4bad20","SMK ISLAM AL HIKMAH MAYONG","K1387","Order dari kunjungan: ","2025-11-07T03:07:18.000Z","746200","[{""productId"":""97bfb86b-50f3-4725-8ebc-a930107e1f3f"",""nama"":""CHOCOLATE CRISPY"",""hargaPerBox"":117000,""isiPerBox"":30,""qtyBox"":1,""total"":117000},{""productId"":""4b126c6b-3c14-49dd-9ff4-f3dec8bc3662"",""nama"":""CRISPY BALLS COOKIS"",""hargaPerBox"":118500,""isiPerBox"":40,""qtyBox"":1,""total"":118500},{""productId"":""ce412f53-cbe1-4f99-a97f-994f9d4639fb"",""nama"":""MOCHI VANILLA"",""hargaPerBox"":92500,""isiPerBox"":40,""qtyBox"":1,""total"":92500},{""productId"":""b54e5a8a-a7b0-4f58-854e-151b9ac7b147"",""nama"":""STRAWBERRY CRISPY"",""hargaPerBox"":110000,""isiPerBox"":40,""qtyBox"":1,""total"":110000},{""productId"":""55cb8d5e-5852-4e6c-ae02-1a6a02f7ea29"",""nama"":""SUNDAE CHOCOLATE"",""hargaPerBox"":97000,""isiPerBox"":24,""qtyBox"":1,""total"":97000},{""productId"":""1441bc6d-2850-4d09-92ef-032b2b3ad3c0"",""nama"":""SWEET CORN"",""hargaPerBox"":96000,""isiPerBox"":40,""qtyBox"":1,""total"":96000},{""productId"":""39defa48-f6f5-4088-8127-a832bf021ac8"",""nama"":""VANILLA BERRY CONE"",""hargaPerBox"":115200,""isiPerBox"":48,""qtyBox"":1,""total"":115200}]","fb750be9-f3eb-4f7f-b532-e04941863a82"
"82f35ef8-d7a6-49d1-8bb1-605548a65ffa","KANTOR PWI","K1877","","2025-10-17T02:12:45.257Z","1196500","[{""productId"":""97bfb86b-50f3-4725-8ebc-a930107e1f3f"",""nama"":""CHOCOLATE CRISPY"",""hargaPerBox"":117000,""isiPerBox"":30,""qtyBox"":1,""total"":117000},{""productId"":""091c691a-b5a5-41d4-9a77-d70b2fb32811"",""nama"":""CHOCOMELT CONE"",""hargaPerBox"":97500,""isiPerBox"":24,""qtyBox"":1,""total"":97500},{""productId"":""19153282-2d60-4826-932a-c7c9a0a958b7"",""nama"":""COFFE CRISPY"",""hargaPerBox"":110000,""isiPerBox"":40,""qtyBox"":1,""total"":110000},{""productId"":""267ea0f8-db2a-4831-8eeb-35cbaae04604"",""nama"":""MANGO SLUSH"",""hargaPerBox"":90500,""isiPerBox"":30,""qtyBox"":1,""total"":90500},{""productId"":""8b377101-fe06-48f8-84f8-62c3ff2d94f4"",""nama"":""MILK MELON"",""hargaPerBox"":95000,""isiPerBox"":40,""qtyBox"":1,""total"":95000},{""productId"":""57b1bf22-e334-4079-8a45-8ee4d997fd29"",""nama"":""MOCHI BANANA"",""hargaPerBox"":92500,""isiPerBox"":40,""qtyBox"":1,""total"":92500},{""productId"":""cd48792b-8ef3-4cba-be2d-3283481e7c59"",""nama"":""STRAWBERRY CONE"",""hargaPerBox"":97500,""isiPerBox"":24,""qtyBox"":1,""total"":97500},{""productId"":""b54e5a8a-a7b0-4f58-854e-151b9ac7b147"",""nama"":""STRAWBERRY CRISPY"",""hargaPerBox"":110000,""isiPerBox"":40,""qtyBox"":1,""total"":110000},{""productId"":""55cb8d5e-5852-4e6c-ae02-1a6a02f7ea29"",""nama"":""SUNDAE CHOCOLATE"",""hargaPerBox"":97000,""isiPerBox"":24,""qtyBox"":1,""total"":97000},{""productId"":""e24cbe96-3587-437f-9a4a-36041590c16a"",""nama"":""SUNDAE STRAWBERRY"",""hargaPerBox"":97000,""isiPerBox"":24,""qtyBox"":1,""total"":97000},{""productId"":""1441bc6d-2850-4d09-92ef-032b2b3ad3c0"",""nama"":""SWEET CORN"",""hargaPerBox"":96000,""isiPerBox"":40,""qtyBox"":1,""total"":96000},{""productId"":""49e0231e-af99-4110-9592-072d18ec59a0"",""nama"":""TARO CRISPY"",""hargaPerBox"":96500,""isiPerBox"":40,""qtyBox"":1,""total"":96500}]","08039be8-1bbc-4552-a1cf-58cb6d986e9d"
"ffa0c4ae-3554-41eb-ad5b-29823634e4a5","NOR AMIN MAHMUD","K1987","Order dari kunjungan:","2025-10-07T04:46:21.126Z","756500","[{""productId"":""ff94f02b-8423-412b-84a7-90a4cdf95acd"",""nama"":""2 COLOR"",""hargaPerBox"":92000,""isiPerBox"":40,""qtyBox"":1,""total"":92000},{""productId"":""02942549-9659-4352-804b-5a5665a1302a"",""nama"":""CHOCO MALT"",""hargaPerBox"":80000,""isiPerBox"":50,""qtyBox"":1,""total"":80000},{""productId"":""091c691a-b5a5-41d4-9a77-d70b2fb32811"",""nama"":""CHOCOMELT CONE"",""hargaPerBox"":97500,""isiPerBox"":24,""qtyBox"":1,""total"":97500},{""productId"":""4b126c6b-3c14-49dd-9ff4-f3dec8bc3662"",""nama"":""CRISPY BALLS COOKIS"",""hargaPerBox"":118500,""isiPerBox"":40,""qtyBox"":1,""total"":118500},{""productId"":""0e3a07fb-d3a0-48fc-8209-d3d3649b292f"",""nama"":""JERUK"",""hargaPerBox"":78000,""isiPerBox"":50,""qtyBox"":1,""total"":78000},{""productId"":""55cb8d5e-5852-4e6c-ae02-1a6a02f7ea29"",""nama"":""SUNDAE CHOCOLATE"",""hargaPerBox"":97000,""isiPerBox"":24,""qtyBox"":1,""total"":97000},{""productId"":""e24cbe96-3587-437f-9a4a-36041590c16a"",""nama"":""SUNDAE STRAWBERRY"",""hargaPerBox"":97000,""isiPerBox"":24,""qtyBox"":1,""total"":97000},{""productId"":""49e0231e-af99-4110-9592-072d18ec59a0"",""nama"":""TARO CRISPY"",""hargaPerBox"":96500,""isiPerBox"":40,""qtyBox"":1,""total"":96500}]","c8ba1e13-5cc8-4ac6-a864-06f44e60b5de"
"899f4979-f37e-45a1-a867-04c21c04fe75","TOKO VIANA","K1911","Order dari kunjungan: ","2025-10-15T04:55:34.513Z","602500","[{""productId"":""4b126c6b-3c14-49dd-9ff4-f3dec8bc3662"",""nama"":""CRISPY BALLS COOKIS"",""hargaPerBox"":118500,""isiPerBox"":40,""qtyBox"":1,""total"":118500},{""productId"":""cd48792b-8ef3-4cba-be2d-3283481e7c59"",""nama"":""STRAWBERRY CONE"",""hargaPerBox"":97500,""isiPerBox"":24,""qtyBox"":1,""total"":97500},{""productId"":""55cb8d5e-5852-4e6c-ae02-1a6a02f7ea29"",""nama"":""SUNDAE CHOCOLATE"",""hargaPerBox"":97000,""isiPerBox"":24,""qtyBox"":1,""total"":97000},{""productId"":""e24cbe96-3587-437f-9a4a-36041590c16a"",""nama"":""SUNDAE STRAWBERRY"",""hargaPerBox"":97000,""isiPerBox"":24,""qtyBox"":1,""total"":97000},{""productId"":""1441bc6d-2850-4d09-92ef-032b2b3ad3c0"",""nama"":""SWEET CORN"",""hargaPerBox"":96000,""isiPerBox"":40,""qtyBox"":1,""total"":96000},{""productId"":""49e0231e-af99-4110-9592-072d18ec59a0"",""nama"":""TARO CRISPY"",""hargaPerBox"":96500,""isiPerBox"":40,""qtyBox"":1,""total"":96500}]","dacdabd6-c5f7-4daa-a2fb-7faa27f2f485"
"1a25730f-b5e5-401b-aeb9-2b1e07548778","TOKO M ANIQ ALFARUQI","K1533","","2025-10-13T10:24:42.340Z","649500","[{""productId"":""ff94f02b-8423-412b-84a7-90a4cdf95acd"",""nama"":""2 COLOR"",""hargaPerBox"":92000,""isiPerBox"":40,""qtyBox"":1,""total"":92000},{""productId"":""c64f588e-f38a-463e-be49-d005ce119adc"",""nama"":""MOCHI MANGO"",""hargaPerBox"":94500,""isiPerBox"":40,""qtyBox"":1,""total"":94500},{""productId"":""9aeec589-46a9-469d-80da-7d4b3b1a741b"",""nama"":""NANAS"",""hargaPerBox"":77500,""isiPerBox"":50,""qtyBox"":1,""total"":77500},{""productId"":""e24cbe96-3587-437f-9a4a-36041590c16a"",""nama"":""SUNDAE STRAWBERRY"",""hargaPerBox"":97000,""isiPerBox"":24,""qtyBox"":1,""total"":97000},{""productId"":""1441bc6d-2850-4d09-92ef-032b2b3ad3c0"",""nama"":""SWEET CORN"",""hargaPerBox"":96000,""isiPerBox"":40,""qtyBox"":2,""total"":192000},{""productId"":""49e0231e-af99-4110-9592-072d18ec59a0"",""nama"":""TARO CRISPY"",""hargaPerBox"":96500,""isiPerBox"":40,""qtyBox"":1,""total"":96500}]","ef1466ff-525c-4190-8c00-536c870fa225"
"99b2e217-3eaf-45b5-ad6d-156c660cf300","M. FAIZUN","K1614","Order dari kunjungan: ","2025-10-10T06:48:57.811Z","444500","[{""productId"":""02942549-9659-4352-804b-5a5665a1302a"",""nama"":""CHOCO MALT"",""hargaPerBox"":80000,""isiPerBox"":50,""qtyBox"":1,""total"":80000},{""productId"":""0e3a07fb-d3a0-48fc-8209-d3d3649b292f"",""nama"":""JERUK"",""hargaPerBox"":78000,""isiPerBox"":50,""qtyBox"":1,""total"":78000},{""productId"":""adf3703f-33c4-4b26-b6eb-7e5731dbdb67"",""nama"":""MIKI-MIKI"",""hargaPerBox"":93500,""isiPerBox"":60,""qtyBox"":1,""total"":93500},{""productId"":""e24cbe96-3587-437f-9a4a-36041590c16a"",""nama"":""SUNDAE STRAWBERRY"",""hargaPerBox"":97000,""isiPerBox"":24,""qtyBox"":1,""total"":97000},{""productId"":""1441bc6d-2850-4d09-92ef-032b2b3ad3c0"",""nama"":""SWEET CORN"",""hargaPerBox"":96000,""isiPerBox"":40,""qtyBox"":1,""total"":96000}]","5c1f439d-6a86-4083-b819-c733d56a8517"
"c8674610-9d57-4ee8-adb7-2f2fa51ba073","TOKO RIZKY OS","K1502","Order dari kunjungan: ","2025-11-11T06:44:59.000Z","679000","[{""productId"":""97bfb86b-50f3-4725-8ebc-a930107e1f3f"",""nama"":""CHOCOLATE CRISPY"",""hargaPerBox"":117000,""isiPerBox"":30,""qtyBox"":1,""total"":117000},{""productId"":""978f2fba-a58a-4ead-b548-8fb64417b093"",""nama"":""CHOCOLATE STICK (BINGO)"",""hargaPerBox"":97000,""isiPerBox"":50,""qtyBox"":1,""total"":97000},{""productId"":""091c691a-b5a5-41d4-9a77-d70b2fb32811"",""nama"":""CHOCOMELT CONE"",""hargaPerBox"":97500,""isiPerBox"":24,""qtyBox"":1,""total"":97500},{""productId"":""f9135088-2cf1-45ae-94b7-2dd4d6c54632"",""nama"":""SEMANGKA"",""hargaPerBox"":77500,""isiPerBox"":50,""qtyBox"":1,""total"":77500},{""productId"":""55cb8d5e-5852-4e6c-ae02-1a6a02f7ea29"",""nama"":""SUNDAE CHOCOLATE"",""hargaPerBox"":97000,""isiPerBox"":24,""qtyBox"":1,""total"":97000},{""productId"":""e24cbe96-3587-437f-9a4a-36041590c16a"",""nama"":""SUNDAE STRAWBERRY"",""hargaPerBox"":97000,""isiPerBox"":24,""qtyBox"":1,""total"":97000},{""productId"":""1441bc6d-2850-4d09-92ef-032b2b3ad3c0"",""nama"":""SWEET CORN"",""hargaPerBox"":96000,""isiPerBox"":40,""qtyBox"":1,""total"":96000}]","03155fc1-0cdd-4a1f-afca-02d0730da1fb"
"7d53152c-ff29-48d5-a39d-b6bcd58a85a3","KOPERASI AL-ALAWY","K1555","","2025-10-22T02:03:42.902Z","813000","[{""productId"":""ff94f02b-8423-412b-84a7-90a4cdf95acd"",""nama"":""2 COLOR"",""hargaPerBox"":92000,""isiPerBox"":40,""qtyBox"":1,""total"":92000},{""productId"":""978f2fba-a58a-4ead-b548-8fb64417b093"",""nama"":""CHOCOLATE STICK"",""hargaPerBox"":97000,""isiPerBox"":50,""qtyBox"":1,""total"":97000},{""productId"":""267ea0f8-db2a-4831-8eeb-35cbaae04604"",""nama"":""MANGO SLUSH"",""hargaPerBox"":90500,""isiPerBox"":30,""qtyBox"":1,""total"":90500},{""productId"":""97c8c35f-40d8-49fe-8e66-d051ebafe3fb"",""nama"":""MIKI-MIKI DOUBLE CHOCO"",""hargaPerBox"":93500,""isiPerBox"":60,""qtyBox"":1,""total"":93500},{""productId"":""ce412f53-cbe1-4f99-a97f-994f9d4639fb"",""nama"":""MOCHI VANILLA"",""hargaPerBox"":92500,""isiPerBox"":40,""qtyBox"":1,""total"":92500},{""productId"":""9aeec589-46a9-469d-80da-7d4b3b1a741b"",""nama"":""NANAS"",""hargaPerBox"":77500,""isiPerBox"":50,""qtyBox"":1,""total"":77500},{""productId"":""f9135088-2cf1-45ae-94b7-2dd4d6c54632"",""nama"":""SEMANGKA"",""hargaPerBox"":77500,""isiPerBox"":50,""qtyBox"":1,""total"":77500},{""productId"":""1441bc6d-2850-4d09-92ef-032b2b3ad3c0"",""nama"":""SWEET CORN"",""hargaPerBox"":96000,""isiPerBox"":40,""qtyBox"":1,""total"":96000},{""productId"":""49e0231e-af99-4110-9592-072d18ec59a0"",""nama"":""TARO CRISPY"",""hargaPerBox"":96500,""isiPerBox"":40,""qtyBox"":1,""total"":96500}]","4ea3fa6c-f03c-45b5-9c4d-3c9278be620b"
"c8674610-9d57-4ee8-adb7-2f2fa51ba073","TOKO RIZKY OS","K1502","Order dari kunjungan: ","2025-10-13T07:44:13.886Z","558500","[{""productId"":""978f2fba-a58a-4ead-b548-8fb64417b093"",""nama"":""CHOCOLATE STICK"",""hargaPerBox"":97000,""isiPerBox"":50,""qtyBox"":1,""total"":97000},{""productId"":""091c691a-b5a5-41d4-9a77-d70b2fb32811"",""nama"":""CHOCOMELT CONE"",""hargaPerBox"":97500,""isiPerBox"":24,""qtyBox"":1,""total"":97500},{""productId"":""adf3703f-33c4-4b26-b6eb-7e5731dbdb67"",""nama"":""MIKI-MIKI"",""hargaPerBox"":93500,""isiPerBox"":60,""qtyBox"":1,""total"":93500},{""productId"":""f9135088-2cf1-45ae-94b7-2dd4d6c54632"",""nama"":""SEMANGKA"",""hargaPerBox"":77500,""isiPerBox"":50,""qtyBox"":1,""total"":77500},{""productId"":""55cb8d5e-5852-4e6c-ae02-1a6a02f7ea29"",""nama"":""SUNDAE CHOCOLATE"",""hargaPerBox"":97000,""isiPerBox"":24,""qtyBox"":1,""total"":97000},{""productId"":""1441bc6d-2850-4d09-92ef-032b2b3ad3c0"",""nama"":""SWEET CORN"",""hargaPerBox"":96000,""isiPerBox"":40,""qtyBox"":1,""total"":96000}]","e30cb75d-4da1-4707-88b0-e380f76dbe93"
"4c4cb1e2-7e9f-45b2-97e8-4f1de565ca6e","SD IT AL HUSNA PELEMKEREP","K1656","Order dari kunjungan: ","2025-11-15T02:34:40.304Z","719300","[{""productId"":""978f2fba-a58a-4ead-b548-8fb64417b093"",""nama"":""CHOCOLATE STICK (BINGO)"",""hargaPerBox"":97000,""isiPerBox"":50,""qtyBox"":1,""total"":97000},{""productId"":""091c691a-b5a5-41d4-9a77-d70b2fb32811"",""nama"":""CHOCOMELT CONE"",""hargaPerBox"":97500,""isiPerBox"":24,""qtyBox"":1,""total"":97500},{""productId"":""4b126c6b-3c14-49dd-9ff4-f3dec8bc3662"",""nama"":""CRISPY BALLS COOKIS"",""hargaPerBox"":118500,""isiPerBox"":30,""qtyBox"":1,""total"":118500},{""productId"":""23736cae-26f2-4bb6-bfa5-1e9819418946"",""nama"":""FRUITY ROLL"",""hargaPerBox"":124800,""isiPerBox"":40,""qtyBox"":1,""total"":124800},{""productId"":""813ea956-40e3-4408-bee3-acdb66980318"",""nama"":""FRUIZY BLUEBERRY YOGURT"",""hargaPerBox"":96000,""isiPerBox"":40,""qtyBox"":1,""total"":96000},{""productId"":""267ea0f8-db2a-4831-8eeb-35cbaae04604"",""nama"":""MANGO SLUSH"",""hargaPerBox"":90500,""isiPerBox"":30,""qtyBox"":1,""total"":90500},{""productId"":""8b377101-fe06-48f8-84f8-62c3ff2d94f4"",""nama"":""MILK MELON"",""hargaPerBox"":95000,""isiPerBox"":40,""qtyBox"":1,""total"":95000}]","8845ab31-9636-4105-9541-a8fd5e7fd0ea"
"e9cf0e15-59df-4e0d-9bb7-864ab214b693","TOKO INDANAH","K1513","Order dari kunjungan: ","2025-11-06T05:21:54.624Z","681200","[{""productId"":""97bfb86b-50f3-4725-8ebc-a930107e1f3f"",""nama"":""CHOCOLATE CRISPY"",""hargaPerBox"":117000,""isiPerBox"":30,""qtyBox"":1,""total"":117000},{""productId"":""4b126c6b-3c14-49dd-9ff4-f3dec8bc3662"",""nama"":""CRISPY BALLS COOKIS"",""hargaPerBox"":118500,""isiPerBox"":40,""qtyBox"":3,""total"":355500},{""productId"":""adf3703f-33c4-4b26-b6eb-7e5731dbdb67"",""nama"":""MIKI-MIKI"",""hargaPerBox"":93500,""isiPerBox"":60,""qtyBox"":1,""total"":93500},{""productId"":""39defa48-f6f5-4088-8127-a832bf021ac8"",""nama"":""VANILLA BERRY CONE"",""hargaPerBox"":115200,""isiPerBox"":48,""qtyBox"":1,""total"":115200}]","249e68b8-b2f9-4b8e-a166-d5ec7d4ca870"
"1a6e6895-9913-4174-bcbb-ede34d8049ac","SUPARNO","K0390","","2025-10-08T06:58:51.085Z","476500","[{""productId"":""091c691a-b5a5-41d4-9a77-d70b2fb32811"",""nama"":""CHOCOMELT CONE"",""hargaPerBox"":97500,""isiPerBox"":24,""qtyBox"":1,""total"":97500},{""productId"":""adf3703f-33c4-4b26-b6eb-7e5731dbdb67"",""nama"":""MIKI-MIKI"",""hargaPerBox"":93500,""isiPerBox"":60,""qtyBox"":1,""total"":93500},{""productId"":""ce412f53-cbe1-4f99-a97f-994f9d4639fb"",""nama"":""MOCHI VANILLA"",""hargaPerBox"":92500,""isiPerBox"":40,""qtyBox"":1,""total"":92500},{""productId"":""55cb8d5e-5852-4e6c-ae02-1a6a02f7ea29"",""nama"":""SUNDAE CHOCOLATE"",""hargaPerBox"":97000,""isiPerBox"":24,""qtyBox"":1,""total"":97000},{""productId"":""1441bc6d-2850-4d09-92ef-032b2b3ad3c0"",""nama"":""SWEET CORN"",""hargaPerBox"":96000,""isiPerBox"":40,""qtyBox"":1,""total"":96000}]","d5ae1404-5a4c-44d4-b4a8-90a1c1e051c9"
"ee44c035-af97-46c2-93cd-934252ce01a9","MUNAWAROH","K1121","Order dari kunjungan: ","2025-11-11T07:31:49.276Z","586500","[{""productId"":""02942549-9659-4352-804b-5a5665a1302a"",""nama"":""CHOCO MALT"",""hargaPerBox"":80000,""isiPerBox"":50,""qtyBox"":1,""total"":80000},{""productId"":""97bfb86b-50f3-4725-8ebc-a930107e1f3f"",""nama"":""CHOCOLATE CRISPY"",""hargaPerBox"":117000,""isiPerBox"":30,""qtyBox"":1,""total"":117000},{""productId"":""091c691a-b5a5-41d4-9a77-d70b2fb32811"",""nama"":""CHOCOMELT CONE"",""hargaPerBox"":97500,""isiPerBox"":24,""qtyBox"":1,""total"":97500},{""productId"":""4b126c6b-3c14-49dd-9ff4-f3dec8bc3662"",""nama"":""CRISPY BALLS COOKIS"",""hargaPerBox"":118500,""isiPerBox"":30,""qtyBox"":1,""total"":118500},{""productId"":""f9135088-2cf1-45ae-94b7-2dd4d6c54632"",""nama"":""SEMANGKA"",""hargaPerBox"":77500,""isiPerBox"":50,""qtyBox"":1,""total"":77500},{""productId"":""1441bc6d-2850-4d09-92ef-032b2b3ad3c0"",""nama"":""SWEET CORN"",""hargaPerBox"":96000,""isiPerBox"":40,""qtyBox"":1,""total"":96000}]","8629b0a3-b9f7-4012-9c1a-639b235ac006"
"075fb1be-a864-4c5d-a4c3-79a3d0d9dc17","SUMUK CELL","K0504","Order dari kunjungan:","2025-10-10T05:59:11.414Z","1130000","[{""productId"":""97bfb86b-50f3-4725-8ebc-a930107e1f3f"",""nama"":""CHOCOLATE CRISPY"",""hargaPerBox"":117000,""isiPerBox"":30,""qtyBox"":1,""total"":117000},{""productId"":""091c691a-b5a5-41d4-9a77-d70b2fb32811"",""nama"":""CHOCOMELT CONE"",""hargaPerBox"":97500,""isiPerBox"":24,""qtyBox"":1,""total"":97500},{""productId"":""19153282-2d60-4826-932a-c7c9a0a958b7"",""nama"":""COFFE CRISPY"",""hargaPerBox"":110000,""isiPerBox"":40,""qtyBox"":1,""total"":110000},{""productId"":""4b126c6b-3c14-49dd-9ff4-f3dec8bc3662"",""nama"":""CRISPY BALLS COOKIS"",""hargaPerBox"":118500,""isiPerBox"":40,""qtyBox"":1,""total"":118500},{""productId"":""813ea956-40e3-4408-bee3-acdb66980318"",""nama"":""FRUIZY BLUEBERRY YOGURT"",""hargaPerBox"":96000,""isiPerBox"":40,""qtyBox"":1,""total"":96000},{""productId"":""97c8c35f-40d8-49fe-8e66-d051ebafe3fb"",""nama"":""MIKI-MIKI DOUBLE CHOCO"",""hargaPerBox"":93500,""isiPerBox"":60,""qtyBox"":1,""total"":93500},{""productId"":""cd48792b-8ef3-4cba-be2d-3283481e7c59"",""nama"":""STRAWBERRY CONE"",""hargaPerBox"":97500,""isiPerBox"":24,""qtyBox"":1,""total"":97500},{""productId"":""b54e5a8a-a7b0-4f58-854e-151b9ac7b147"",""nama"":""STRAWBERRY CRISPY"",""hargaPerBox"":110000,""isiPerBox"":40,""qtyBox"":1,""total"":110000},{""productId"":""55cb8d5e-5852-4e6c-ae02-1a6a02f7ea29"",""nama"":""SUNDAE CHOCOLATE"",""hargaPerBox"":97000,""isiPerBox"":24,""qtyBox"":1,""total"":97000},{""productId"":""e24cbe96-3587-437f-9a4a-36041590c16a"",""nama"":""SUNDAE STRAWBERRY"",""hargaPerBox"":97000,""isiPerBox"":24,""qtyBox"":1,""total"":97000},{""productId"":""1441bc6d-2850-4d09-92ef-032b2b3ad3c0"",""nama"":""SWEET CORN"",""hargaPerBox"":96000,""isiPerBox"":40,""qtyBox"":1,""total"":96000}]","2aad2e8d-5478-4f2c-9eac-3334b3d61c85"
"7d53152c-ff29-48d5-a39d-b6bcd58a85a3","KOPERASI AL-ALAWY","K1555","Order dari kunjungan: ","2025-11-16T03:52:45.088Z","813000","[{""productId"":""ff94f02b-8423-412b-84a7-90a4cdf95acd"",""nama"":""2 COLOR"",""hargaPerBox"":92000,""isiPerBox"":40,""qtyBox"":1,""total"":92000},{""productId"":""978f2fba-a58a-4ead-b548-8fb64417b093"",""nama"":""CHOCOLATE STICK (BINGO)"",""hargaPerBox"":97000,""isiPerBox"":50,""qtyBox"":1,""total"":97000},{""productId"":""267ea0f8-db2a-4831-8eeb-35cbaae04604"",""nama"":""MANGO SLUSH"",""hargaPerBox"":90500,""isiPerBox"":30,""qtyBox"":1,""total"":90500},{""productId"":""97c8c35f-40d8-49fe-8e66-d051ebafe3fb"",""nama"":""MIKI-MIKI DOUBLE CHOCO"",""hargaPerBox"":93500,""isiPerBox"":60,""qtyBox"":1,""total"":93500},{""productId"":""ce412f53-cbe1-4f99-a97f-994f9d4639fb"",""nama"":""MOCHI VANILLA"",""hargaPerBox"":92500,""isiPerBox"":40,""qtyBox"":1,""total"":92500},{""productId"":""9aeec589-46a9-469d-80da-7d4b3b1a741b"",""nama"":""NANAS"",""hargaPerBox"":77500,""isiPerBox"":50,""qtyBox"":1,""total"":77500},{""productId"":""f9135088-2cf1-45ae-94b7-2dd4d6c54632"",""nama"":""SEMANGKA"",""hargaPerBox"":77500,""isiPerBox"":50,""qtyBox"":1,""total"":77500},{""productId"":""1441bc6d-2850-4d09-92ef-032b2b3ad3c0"",""nama"":""SWEET CORN"",""hargaPerBox"":96000,""isiPerBox"":40,""qtyBox"":1,""total"":96000},{""productId"":""49e0231e-af99-4110-9592-072d18ec59a0"",""nama"":""TARO CRISPY"",""hargaPerBox"":96500,""isiPerBox"":40,""qtyBox"":1,""total"":96500}]","85df53f2-6280-4fad-92e2-2144650c785d"
"a0ad1bcb-101a-4c18-b744-f91787682c64","MJ CELL","K0441","","2025-10-03T05:45:08.695Z","513500","[{""total"":117000,""hargaPerBox"":117000,""nama"":""CHOCOLATE CRISPY"",""productId"":""97bfb86b-50f3-4725-8ebc-a930107e1f3f"",""isiPerBox"":30,""qtyBox"":1},{""total"":92500,""nama"":""MOCHI VANILLA"",""productId"":""ce412f53-cbe1-4f99-a97f-994f9d4639fb"",""isiPerBox"":40,""hargaPerBox"":92500,""qtyBox"":1},{""qtyBox"":1,""isiPerBox"":40,""productId"":""b54e5a8a-a7b0-4f58-854e-151b9ac7b147"",""nama"":""STRAWBERRY CRISPY"",""hargaPerBox"":110000,""total"":110000},{""qtyBox"":1,""isiPerBox"":24,""productId"":""55cb8d5e-5852-4e6c-ae02-1a6a02f7ea29"",""hargaPerBox"":97000,""nama"":""SUNDAE CHOCOLATE"",""total"":97000},{""nama"":""SUNDAE STRAWBERRY"",""qtyBox"":1,""hargaPerBox"":97000,""productId"":""e24cbe96-3587-437f-9a4a-36041590c16a"",""total"":97000,""isiPerBox"":24}]","3711cb0f-4aa8-47ca-98fc-4beed70784d2"
"1a25730f-b5e5-401b-aeb9-2b1e07548778","TOKO M ANIQ ALFARUQI","K1533","","2025-10-27T07:04:56.316Z","610900","[{""productId"":""9aeec589-46a9-469d-80da-7d4b3b1a741b"",""nama"":""NANAS"",""hargaPerBox"":77500,""isiPerBox"":50,""qtyBox"":1,""total"":77500},{""productId"":""b54e5a8a-a7b0-4f58-854e-151b9ac7b147"",""nama"":""STRAWBERRY CRISPY"",""hargaPerBox"":110000,""isiPerBox"":40,""qtyBox"":1,""total"":110000},{""productId"":""55cb8d5e-5852-4e6c-ae02-1a6a02f7ea29"",""nama"":""SUNDAE CHOCOLATE"",""hargaPerBox"":97000,""isiPerBox"":24,""qtyBox"":1,""total"":97000},{""productId"":""1441bc6d-2850-4d09-92ef-032b2b3ad3c0"",""nama"":""SWEET CORN"",""hargaPerBox"":96000,""isiPerBox"":40,""qtyBox"":1,""total"":96000},{""productId"":""39defa48-f6f5-4088-8127-a832bf021ac8"",""nama"":""VANILLA BERRY CONE"",""hargaPerBox"":115200,""isiPerBox"":48,""qtyBox"":2,""total"":230400}]","318e2564-29d3-4e24-8c09-e5530a49bc5a"
"be1da9ae-ecea-480f-860c-e9fd14864698","TOKO RENASYA","K1512","Order dari kunjungan: ","2025-11-07T03:28:25.000Z","669500","[{""productId"":""02942549-9659-4352-804b-5a5665a1302a"",""nama"":""CHOCO MALT"",""hargaPerBox"":80000,""isiPerBox"":50,""qtyBox"":1,""total"":80000},{""productId"":""091c691a-b5a5-41d4-9a77-d70b2fb32811"",""nama"":""CHOCOMELT CONE"",""hargaPerBox"":97500,""isiPerBox"":24,""qtyBox"":1,""total"":97500},{""productId"":""19153282-2d60-4826-932a-c7c9a0a958b7"",""nama"":""COFFE CRISPY"",""hargaPerBox"":110000,""isiPerBox"":40,""qtyBox"":1,""total"":110000},{""productId"":""9aeec589-46a9-469d-80da-7d4b3b1a741b"",""nama"":""NANAS"",""hargaPerBox"":77500,""isiPerBox"":50,""qtyBox"":1,""total"":77500},{""productId"":""cd48792b-8ef3-4cba-be2d-3283481e7c59"",""nama"":""STRAWBERRY CONE"",""hargaPerBox"":97500,""isiPerBox"":24,""qtyBox"":1,""total"":97500},{""productId"":""b54e5a8a-a7b0-4f58-854e-151b9ac7b147"",""nama"":""STRAWBERRY CRISPY"",""hargaPerBox"":110000,""isiPerBox"":40,""qtyBox"":1,""total"":110000},{""productId"":""55cb8d5e-5852-4e6c-ae02-1a6a02f7ea29"",""nama"":""SUNDAE CHOCOLATE"",""hargaPerBox"":97000,""isiPerBox"":24,""qtyBox"":1,""total"":97000}]","b2935bc8-e187-4278-91a3-583203db9787"
"4788336f-5c4c-4646-8d12-7936fe3b2d84","ELLA 3 SMK PUTRI BALEKAMBANG","K0392","","2025-09-30T17:00:00.000Z","900500","[{""productId"":""97bfb86b-50f3-4725-8ebc-a930107e1f3f"",""nama"":""CHOCOLATE CRISPY"",""hargaPerBox"":117000,""isiPerBox"":30,""qtyBox"":1,""total"":117000},{""productId"":""091c691a-b5a5-41d4-9a77-d70b2fb32811"",""nama"":""CHOCOMELT CONE"",""hargaPerBox"":97500,""isiPerBox"":24,""qtyBox"":1,""total"":97500},{""productId"":""4b126c6b-3c14-49dd-9ff4-f3dec8bc3662"",""nama"":""CRISPY BALLS COOKIS"",""hargaPerBox"":118500,""isiPerBox"":40,""qtyBox"":5,""total"":592500},{""productId"":""adf3703f-33c4-4b26-b6eb-7e5731dbdb67"",""nama"":""MIKI-MIKI"",""hargaPerBox"":93500,""isiPerBox"":60,""qtyBox"":1,""total"":93500}]","02fcda8d-6398-4534-8892-754396a3fc93"
"c12ade19-3806-4495-a693-5801bd341095","TOKO LISA","K1899","Order dari kunjungan: ","2025-10-16T08:03:18.480Z","965500","[{""productId"":""ff94f02b-8423-412b-84a7-90a4cdf95acd"",""nama"":""2 COLOR"",""hargaPerBox"":92000,""isiPerBox"":40,""qtyBox"":1,""total"":92000},{""productId"":""02942549-9659-4352-804b-5a5665a1302a"",""nama"":""CHOCO MALT"",""hargaPerBox"":80000,""isiPerBox"":50,""qtyBox"":1,""total"":80000},{""productId"":""091c691a-b5a5-41d4-9a77-d70b2fb32811"",""nama"":""CHOCOMELT CONE"",""hargaPerBox"":97500,""isiPerBox"":24,""qtyBox"":1,""total"":97500},{""productId"":""4b126c6b-3c14-49dd-9ff4-f3dec8bc3662"",""nama"":""CRISPY BALLS COOKIS"",""hargaPerBox"":118500,""isiPerBox"":40,""qtyBox"":1,""total"":118500},{""productId"":""adf3703f-33c4-4b26-b6eb-7e5731dbdb67"",""nama"":""MIKI-MIKI"",""hargaPerBox"":93500,""isiPerBox"":60,""qtyBox"":1,""total"":93500},{""productId"":""cd48792b-8ef3-4cba-be2d-3283481e7c59"",""nama"":""STRAWBERRY CONE"",""hargaPerBox"":97500,""isiPerBox"":24,""qtyBox"":1,""total"":97500},{""productId"":""55cb8d5e-5852-4e6c-ae02-1a6a02f7ea29"",""nama"":""SUNDAE CHOCOLATE"",""hargaPerBox"":97000,""isiPerBox"":24,""qtyBox"":1,""total"":97000},{""productId"":""e24cbe96-3587-437f-9a4a-36041590c16a"",""nama"":""SUNDAE STRAWBERRY"",""hargaPerBox"":97000,""isiPerBox"":24,""qtyBox"":1,""total"":97000},{""productId"":""1441bc6d-2850-4d09-92ef-032b2b3ad3c0"",""nama"":""SWEET CORN"",""hargaPerBox"":96000,""isiPerBox"":40,""qtyBox"":1,""total"":96000},{""productId"":""49e0231e-af99-4110-9592-072d18ec59a0"",""nama"":""TARO CRISPY"",""hargaPerBox"":96500,""isiPerBox"":40,""qtyBox"":1,""total"":96500}]","7c1e4a86-41b6-4386-b042-f577de0b4af2"
"0854317f-6841-4c58-b632-29a134dc533c","MUSYAFAK","K0512","","2025-10-03T09:14:11.623Z","502500","[{""nama"":""CHOCOMELT CONE"",""total"":97500,""qtyBox"":1,""hargaPerBox"":97500,""productId"":""091c691a-b5a5-41d4-9a77-d70b2fb32811"",""isiPerBox"":24},{""hargaPerBox"":118500,""total"":118500,""qtyBox"":1,""productId"":""4b126c6b-3c14-49dd-9ff4-f3dec8bc3662"",""nama"":""CRISPY BALLS COOKIS"",""isiPerBox"":40},{""hargaPerBox"":93500,""isiPerBox"":60,""nama"":""MIKI-MIKI"",""qtyBox"":1,""total"":93500,""productId"":""adf3703f-33c4-4b26-b6eb-7e5731dbdb67""},{""productId"":""55cb8d5e-5852-4e6c-ae02-1a6a02f7ea29"",""isiPerBox"":24,""total"":97000,""nama"":""SUNDAE CHOCOLATE"",""hargaPerBox"":97000,""qtyBox"":1},{""nama"":""SWEET CORN"",""qtyBox"":1,""productId"":""1441bc6d-2850-4d09-92ef-032b2b3ad3c0"",""isiPerBox"":40,""total"":96000,""hargaPerBox"":96000}]","84beef75-abe0-43d4-ba97-dfb7ef4364dd"
"13a5625d-3a12-4e79-b282-2bd369ec295f","RESTU","K0743","Order dari kunjungan: ","2025-10-14T05:21:26.100Z","477000","[{""productId"":""ff94f02b-8423-412b-84a7-90a4cdf95acd"",""nama"":""2 COLOR"",""hargaPerBox"":92000,""isiPerBox"":40,""qtyBox"":1,""total"":92000},{""productId"":""97bfb86b-50f3-4725-8ebc-a930107e1f3f"",""nama"":""CHOCOLATE CRISPY"",""hargaPerBox"":117000,""isiPerBox"":30,""qtyBox"":1,""total"":117000},{""productId"":""adf3703f-33c4-4b26-b6eb-7e5731dbdb67"",""nama"":""MIKI-MIKI"",""hargaPerBox"":93500,""isiPerBox"":60,""qtyBox"":1,""total"":93500},{""productId"":""f9135088-2cf1-45ae-94b7-2dd4d6c54632"",""nama"":""SEMANGKA"",""hargaPerBox"":77500,""isiPerBox"":50,""qtyBox"":1,""total"":77500},{""productId"":""55cb8d5e-5852-4e6c-ae02-1a6a02f7ea29"",""nama"":""SUNDAE CHOCOLATE"",""hargaPerBox"":97000,""isiPerBox"":24,""qtyBox"":1,""total"":97000}]","bbb9494c-e3f7-410d-9757-6e1850245e80"
"3edba757-a19f-4272-9fac-d97ad6526fca","BERKAH SHOLAWAT","K1476","Order dari kunjungan: ","2025-10-09T09:21:16.555Z","583500","[{""productId"":""adf3703f-33c4-4b26-b6eb-7e5731dbdb67"",""nama"":""MIKI-MIKI"",""hargaPerBox"":93500,""isiPerBox"":60,""qtyBox"":1,""total"":93500},{""productId"":""c64f588e-f38a-463e-be49-d005ce119adc"",""nama"":""MOCHI MANGO"",""hargaPerBox"":94500,""isiPerBox"":40,""qtyBox"":1,""total"":94500},{""productId"":""ce412f53-cbe1-4f99-a97f-994f9d4639fb"",""nama"":""MOCHI VANILLA"",""hargaPerBox"":92500,""isiPerBox"":40,""qtyBox"":1,""total"":92500},{""productId"":""b54e5a8a-a7b0-4f58-854e-151b9ac7b147"",""nama"":""STRAWBERRY CRISPY"",""hargaPerBox"":110000,""isiPerBox"":40,""qtyBox"":1,""total"":110000},{""productId"":""55cb8d5e-5852-4e6c-ae02-1a6a02f7ea29"",""nama"":""SUNDAE CHOCOLATE"",""hargaPerBox"":97000,""isiPerBox"":24,""qtyBox"":1,""total"":97000},{""productId"":""1441bc6d-2850-4d09-92ef-032b2b3ad3c0"",""nama"":""SWEET CORN"",""hargaPerBox"":96000,""isiPerBox"":40,""qtyBox"":1,""total"":96000}]","890c280b-acd8-431f-8dd3-d6c809946791"
"6741fcee-d6a3-41c0-bd06-d23b4b20f021","BU ISTIANAH ( MTS URWATIL WATSQO )","K2066","","2025-11-09T06:20:37.974Z","347500","[{""productId"":""02942549-9659-4352-804b-5a5665a1302a"",""nama"":""CHOCO MALT"",""hargaPerBox"":80000,""isiPerBox"":50,""qtyBox"":1,""total"":80000},{""productId"":""0e3a07fb-d3a0-48fc-8209-d3d3649b292f"",""nama"":""JERUK"",""hargaPerBox"":78000,""isiPerBox"":50,""qtyBox"":1,""total"":78000},{""productId"":""97c8c35f-40d8-49fe-8e66-d051ebafe3fb"",""nama"":""MIKI-MIKI DOUBLE CHOCO"",""hargaPerBox"":93500,""isiPerBox"":60,""qtyBox"":1,""total"":93500},{""productId"":""1441bc6d-2850-4d09-92ef-032b2b3ad3c0"",""nama"":""SWEET CORN"",""hargaPerBox"":96000,""isiPerBox"":40,""qtyBox"":1,""total"":96000}]","9eb36a5e-b7fe-4910-90c7-3c42aeda5c9b"
"6740f4eb-2965-4ce0-b956-ef3ea30624a8","TIGA SAUDARA","K0367","Order dari kunjungan: ","2025-11-04T09:10:50.818Z","613500","[{""productId"":""97bfb86b-50f3-4725-8ebc-a930107e1f3f"",""nama"":""CHOCOLATE CRISPY"",""hargaPerBox"":117000,""isiPerBox"":30,""qtyBox"":1,""total"":117000},{""productId"":""091c691a-b5a5-41d4-9a77-d70b2fb32811"",""nama"":""CHOCOMELT CONE"",""hargaPerBox"":97500,""isiPerBox"":24,""qtyBox"":1,""total"":97500},{""productId"":""b54e5a8a-a7b0-4f58-854e-151b9ac7b147"",""nama"":""STRAWBERRY CRISPY"",""hargaPerBox"":110000,""isiPerBox"":40,""qtyBox"":1,""total"":110000},{""productId"":""55cb8d5e-5852-4e6c-ae02-1a6a02f7ea29"",""nama"":""SUNDAE CHOCOLATE"",""hargaPerBox"":97000,""isiPerBox"":24,""qtyBox"":1,""total"":97000},{""productId"":""1441bc6d-2850-4d09-92ef-032b2b3ad3c0"",""nama"":""SWEET CORN"",""hargaPerBox"":96000,""isiPerBox"":40,""qtyBox"":2,""total"":192000}]","f587eb5b-e606-49f8-be75-a6fdb8de9e9c"
"1ac0f0ae-3a27-4bca-934c-44da7fb0f09b","MASRUKIN","K1334","Order dari kunjungan: ","2025-10-29T08:23:30.000Z","461000","[{""productId"":""02942549-9659-4352-804b-5a5665a1302a"",""nama"":""CHOCO MALT"",""hargaPerBox"":80000,""isiPerBox"":50,""qtyBox"":1,""total"":80000},{""productId"":""091c691a-b5a5-41d4-9a77-d70b2fb32811"",""nama"":""CHOCOMELT CONE"",""hargaPerBox"":97500,""isiPerBox"":24,""qtyBox"":1,""total"":97500},{""productId"":""267ea0f8-db2a-4831-8eeb-35cbaae04604"",""nama"":""MANGO SLUSH"",""hargaPerBox"":90500,""isiPerBox"":30,""qtyBox"":1,""total"":90500},{""productId"":""55cb8d5e-5852-4e6c-ae02-1a6a02f7ea29"",""nama"":""SUNDAE CHOCOLATE"",""hargaPerBox"":97000,""isiPerBox"":24,""qtyBox"":1,""total"":97000},{""productId"":""1441bc6d-2850-4d09-92ef-032b2b3ad3c0"",""nama"":""SWEET CORN"",""hargaPerBox"":96000,""isiPerBox"":40,""qtyBox"":1,""total"":96000}]","0a3c1c72-f315-4ff7-93af-cccc02455056"
"4e30038c-8dae-43aa-99c9-ed8e324c2bdf","NUR YONO","K1982","Order dari kunjungan:","2025-11-02T03:52:52.000Z","883700","[{""productId"":""19153282-2d60-4826-932a-c7c9a0a958b7"",""nama"":""COFFE CRISPY"",""hargaPerBox"":110000,""isiPerBox"":40,""qtyBox"":1,""total"":110000},{""productId"":""421a7ad7-a36a-4882-b7fc-18004318e776"",""nama"":""CRISPY BALLS ORIGINAL"",""hargaPerBox"":118500,""isiPerBox"":30,""qtyBox"":1,""total"":118500},{""productId"":""8b377101-fe06-48f8-84f8-62c3ff2d94f4"",""nama"":""MILK MELON"",""hargaPerBox"":95000,""isiPerBox"":40,""qtyBox"":1,""total"":95000},{""productId"":""9aeec589-46a9-469d-80da-7d4b3b1a741b"",""nama"":""NANAS"",""hargaPerBox"":77500,""isiPerBox"":50,""qtyBox"":1,""total"":77500},{""productId"":""f9135088-2cf1-45ae-94b7-2dd4d6c54632"",""nama"":""SEMANGKA"",""hargaPerBox"":77500,""isiPerBox"":50,""qtyBox"":1,""total"":77500},{""productId"":""55cb8d5e-5852-4e6c-ae02-1a6a02f7ea29"",""nama"":""SUNDAE CHOCOLATE"",""hargaPerBox"":97000,""isiPerBox"":24,""qtyBox"":2,""total"":194000},{""productId"":""1441bc6d-2850-4d09-92ef-032b2b3ad3c0"",""nama"":""SWEET CORN"",""hargaPerBox"":96000,""isiPerBox"":40,""qtyBox"":1,""total"":96000},{""productId"":""39defa48-f6f5-4088-8127-a832bf021ac8"",""nama"":""VANILLA BERRY CONE"",""hargaPerBox"":115200,""isiPerBox"":48,""qtyBox"":1,""total"":115200}]","896c4c5b-7994-4b2f-9524-87062348793d"
"e9cf0e15-59df-4e0d-9bb7-864ab214b693","TOKO INDANAH","K1513","Order dari kunjungan: ","2025-10-08T08:18:41.131Z","615000","[{""productId"":""091c691a-b5a5-41d4-9a77-d70b2fb32811"",""nama"":""CHOCOMELT CONE"",""hargaPerBox"":97500,""isiPerBox"":24,""qtyBox"":1,""total"":97500},{""productId"":""4b126c6b-3c14-49dd-9ff4-f3dec8bc3662"",""nama"":""CRISPY BALLS COOKIS"",""hargaPerBox"":118500,""isiPerBox"":40,""qtyBox"":1,""total"":118500},{""productId"":""813ea956-40e3-4408-bee3-acdb66980318"",""nama"":""FRUIZY BLUEBERRY YOGURT"",""hargaPerBox"":96000,""isiPerBox"":40,""qtyBox"":1,""total"":96000},{""productId"":""b54e5a8a-a7b0-4f58-854e-151b9ac7b147"",""nama"":""STRAWBERRY CRISPY"",""hargaPerBox"":110000,""isiPerBox"":40,""qtyBox"":1,""total"":110000},{""productId"":""55cb8d5e-5852-4e6c-ae02-1a6a02f7ea29"",""nama"":""SUNDAE CHOCOLATE"",""hargaPerBox"":97000,""isiPerBox"":24,""qtyBox"":1,""total"":97000},{""productId"":""1441bc6d-2850-4d09-92ef-032b2b3ad3c0"",""nama"":""SWEET CORN"",""hargaPerBox"":96000,""isiPerBox"":40,""qtyBox"":1,""total"":96000}]","f94a64e4-7cf8-4cf7-b71d-b8f28ce99fba"
"73aa11aa-beeb-48e7-ada7-b4570c1c748f","TOKO ANDI","K1179","","2025-10-29T07:50:50.000Z","929500","[{""productId"":""02942549-9659-4352-804b-5a5665a1302a"",""nama"":""CHOCO MALT"",""hargaPerBox"":80000,""isiPerBox"":50,""qtyBox"":1,""total"":80000},{""productId"":""978f2fba-a58a-4ead-b548-8fb64417b093"",""nama"":""CHOCOLATE STICK (BINGO)"",""hargaPerBox"":97000,""isiPerBox"":50,""qtyBox"":1,""total"":97000},{""productId"":""091c691a-b5a5-41d4-9a77-d70b2fb32811"",""nama"":""CHOCOMELT CONE"",""hargaPerBox"":97500,""isiPerBox"":24,""qtyBox"":1,""total"":97500},{""productId"":""813ea956-40e3-4408-bee3-acdb66980318"",""nama"":""FRUIZY BLUEBERRY YOGURT"",""hargaPerBox"":96000,""isiPerBox"":40,""qtyBox"":1,""total"":96000},{""productId"":""c64f588e-f38a-463e-be49-d005ce119adc"",""nama"":""MOCHI MANGO"",""hargaPerBox"":94500,""isiPerBox"":40,""qtyBox"":1,""total"":94500},{""productId"":""f9135088-2cf1-45ae-94b7-2dd4d6c54632"",""nama"":""SEMANGKA"",""hargaPerBox"":77500,""isiPerBox"":50,""qtyBox"":1,""total"":77500},{""productId"":""cd48792b-8ef3-4cba-be2d-3283481e7c59"",""nama"":""STRAWBERRY CONE"",""hargaPerBox"":97500,""isiPerBox"":24,""qtyBox"":1,""total"":97500},{""productId"":""55cb8d5e-5852-4e6c-ae02-1a6a02f7ea29"",""nama"":""SUNDAE CHOCOLATE"",""hargaPerBox"":97000,""isiPerBox"":24,""qtyBox"":1,""total"":97000},{""productId"":""1441bc6d-2850-4d09-92ef-032b2b3ad3c0"",""nama"":""SWEET CORN"",""hargaPerBox"":96000,""isiPerBox"":40,""qtyBox"":1,""total"":96000},{""productId"":""49e0231e-af99-4110-9592-072d18ec59a0"",""nama"":""TARO CRISPY"",""hargaPerBox"":96500,""isiPerBox"":40,""qtyBox"":1,""total"":96500}]","9bdb27ec-683a-44c6-8cc4-4e586baf0004"
"48ff2b1f-a4aa-4e1a-9ccf-d3611ccac180","SEJAHTERA FROZEN FOOD","K1854","","2025-10-02T03:57:22.544Z","483000","[{""qtyBox"":1,""nama"":""CHOCOMELT CONE"",""total"":97500,""productId"":""091c691a-b5a5-41d4-9a77-d70b2fb32811"",""hargaPerBox"":97500,""isiPerBox"":24},{""hargaPerBox"":97000,""nama"":""FRUITY ROLL"",""productId"":""23736cae-26f2-4bb6-bfa5-1e9819418946"",""qtyBox"":1,""total"":97000,""isiPerBox"":40},{""isiPerBox"":40,""qtyBox"":1,""nama"":""MOCHI MANGO"",""hargaPerBox"":94500,""productId"":""c64f588e-f38a-463e-be49-d005ce119adc"",""total"":94500},{""nama"":""SUNDAE CHOCOLATE"",""hargaPerBox"":97000,""isiPerBox"":24,""productId"":""55cb8d5e-5852-4e6c-ae02-1a6a02f7ea29"",""total"":97000,""qtyBox"":1},{""hargaPerBox"":97000,""productId"":""e24cbe96-3587-437f-9a4a-36041590c16a"",""total"":97000,""qtyBox"":1,""nama"":""SUNDAE STRAWBERRY"",""isiPerBox"":24}]","005969b6-bb0f-4ffc-afbb-fda47b9010a1"
"a23f56d7-66b7-4466-a4ee-4d79926c4689","SAMI JF MART","K1298","Order dari kunjungan: ","2025-10-09T09:02:55.196Z","509000","[{""productId"":""19153282-2d60-4826-932a-c7c9a0a958b7"",""nama"":""COFFE CRISPY"",""hargaPerBox"":110000,""isiPerBox"":40,""qtyBox"":1,""total"":110000},{""productId"":""8b377101-fe06-48f8-84f8-62c3ff2d94f4"",""nama"":""MILK MELON"",""hargaPerBox"":95000,""isiPerBox"":40,""qtyBox"":1,""total"":95000},{""productId"":""b54e5a8a-a7b0-4f58-854e-151b9ac7b147"",""nama"":""STRAWBERRY CRISPY"",""hargaPerBox"":110000,""isiPerBox"":40,""qtyBox"":1,""total"":110000},{""productId"":""55cb8d5e-5852-4e6c-ae02-1a6a02f7ea29"",""nama"":""SUNDAE CHOCOLATE"",""hargaPerBox"":97000,""isiPerBox"":24,""qtyBox"":1,""total"":97000},{""productId"":""e24cbe96-3587-437f-9a4a-36041590c16a"",""nama"":""SUNDAE STRAWBERRY"",""hargaPerBox"":97000,""isiPerBox"":24,""qtyBox"":1,""total"":97000}]","fcc608b7-dda9-48a4-a1b0-595542b10336"
"085bbef4-729a-4a83-b1e3-fd32ded0b809","TOKO ALI","K1154","","2025-10-01T09:46:18.825Z","483500","[{""qtyBox"":1,""hargaPerBox"":117000,""isiPerBox"":30,""total"":117000,""nama"":""CHOCOLATE CRISPY"",""productId"":""97bfb86b-50f3-4725-8ebc-a930107e1f3f""},{""productId"":""9aeec589-46a9-469d-80da-7d4b3b1a741b"",""isiPerBox"":50,""nama"":""NANAS"",""total"":77500,""hargaPerBox"":77500,""qtyBox"":1},{""nama"":""SUNDAE CHOCOLATE"",""total"":97000,""qtyBox"":1,""isiPerBox"":24,""productId"":""55cb8d5e-5852-4e6c-ae02-1a6a02f7ea29"",""hargaPerBox"":97000},{""isiPerBox"":40,""total"":192000,""qtyBox"":2,""nama"":""SWEET CORN"",""productId"":""1441bc6d-2850-4d09-92ef-032b2b3ad3c0"",""hargaPerBox"":96000}]","137180ad-94e7-4c98-be25-85a4557fa682"
"4788336f-5c4c-4646-8d12-7936fe3b2d84","ELLA 3 SMK PUTRI BALEKAMBANG","K0392","","2025-11-16T07:58:50.958Z","1185000","[{""productId"":""4b126c6b-3c14-49dd-9ff4-f3dec8bc3662"",""nama"":""CRISPY BALLS COOKIS"",""hargaPerBox"":118500,""isiPerBox"":30,""qtyBox"":10,""total"":1185000}]","10fef9dd-eac2-43f9-86ba-5cce6c6d5603"
"a93d19f4-87ce-4bab-bf80-90060d03f4fb","TOKO BINTANI MART","K1409","","2025-10-09T10:42:21.747Z","499000","[{""productId"":""091c691a-b5a5-41d4-9a77-d70b2fb32811"",""nama"":""CHOCOMELT CONE"",""hargaPerBox"":97500,""isiPerBox"":24,""qtyBox"":1,""total"":97500},{""productId"":""cd48792b-8ef3-4cba-be2d-3283481e7c59"",""nama"":""STRAWBERRY CONE"",""hargaPerBox"":97500,""isiPerBox"":24,""qtyBox"":1,""total"":97500},{""productId"":""b54e5a8a-a7b0-4f58-854e-151b9ac7b147"",""nama"":""STRAWBERRY CRISPY"",""hargaPerBox"":110000,""isiPerBox"":40,""qtyBox"":1,""total"":110000},{""productId"":""55cb8d5e-5852-4e6c-ae02-1a6a02f7ea29"",""nama"":""SUNDAE CHOCOLATE"",""hargaPerBox"":97000,""isiPerBox"":24,""qtyBox"":1,""total"":97000},{""productId"":""e24cbe96-3587-437f-9a4a-36041590c16a"",""nama"":""SUNDAE STRAWBERRY"",""hargaPerBox"":97000,""isiPerBox"":24,""qtyBox"":1,""total"":97000}]","c80b270a-fb64-4c56-9731-5067fd2f7d1b"
"85cf10d5-57cb-40af-ab28-5793be5a97f1","PONPES MAYONG/ AL ISHOM","K0991","","2025-10-11T08:45:34.967Z","529800","[{""productId"":""4b126c6b-3c14-49dd-9ff4-f3dec8bc3662"",""nama"":""CRISPY BALLS COOKIS"",""hargaPerBox"":118500,""isiPerBox"":40,""qtyBox"":1,""total"":118500},{""productId"":""23736cae-26f2-4bb6-bfa5-1e9819418946"",""nama"":""FRUITY ROLL"",""hargaPerBox"":124800,""isiPerBox"":40,""qtyBox"":1,""total"":124800},{""productId"":""813ea956-40e3-4408-bee3-acdb66980318"",""nama"":""FRUIZY BLUEBERRY YOGURT"",""hargaPerBox"":96000,""isiPerBox"":40,""qtyBox"":1,""total"":96000},{""productId"":""c64f588e-f38a-463e-be49-d005ce119adc"",""nama"":""MOCHI MANGO"",""hargaPerBox"":94500,""isiPerBox"":40,""qtyBox"":1,""total"":94500},{""productId"":""1441bc6d-2850-4d09-92ef-032b2b3ad3c0"",""nama"":""SWEET CORN"",""hargaPerBox"":96000,""isiPerBox"":40,""qtyBox"":1,""total"":96000}]","1ed5a0a7-9c42-426b-b1a0-acb4909b0667"
"01211cd5-a06d-4d0a-bb4d-bf5a2ce00879","APOTEK PANCUR","K0352","","2025-11-18T07:16:11.000Z","1074200","[{""productId"":""091c691a-b5a5-41d4-9a77-d70b2fb32811"",""nama"":""CHOCOMELT CONE"",""hargaPerBox"":97500,""isiPerBox"":24,""qtyBox"":1,""total"":97500},{""productId"":""4b126c6b-3c14-49dd-9ff4-f3dec8bc3662"",""nama"":""CRISPY BALLS COOKIS"",""hargaPerBox"":118500,""isiPerBox"":30,""qtyBox"":1,""total"":118500},{""productId"":""813ea956-40e3-4408-bee3-acdb66980318"",""nama"":""FRUIZY BLUEBERRY YOGURT"",""hargaPerBox"":96000,""isiPerBox"":40,""qtyBox"":1,""total"":96000},{""productId"":""0e3a07fb-d3a0-48fc-8209-d3d3649b292f"",""nama"":""JERUK"",""hargaPerBox"":78000,""isiPerBox"":50,""qtyBox"":1,""total"":78000},{""productId"":""267ea0f8-db2a-4831-8eeb-35cbaae04604"",""nama"":""MANGO SLUSH"",""hargaPerBox"":90500,""isiPerBox"":30,""qtyBox"":1,""total"":90500},{""productId"":""ce412f53-cbe1-4f99-a97f-994f9d4639fb"",""nama"":""MOCHI VANILLA"",""hargaPerBox"":92500,""isiPerBox"":40,""qtyBox"":1,""total"":92500},{""productId"":""55cb8d5e-5852-4e6c-ae02-1a6a02f7ea29"",""nama"":""SUNDAE CHOCOLATE"",""hargaPerBox"":97000,""isiPerBox"":24,""qtyBox"":1,""total"":97000},{""productId"":""e24cbe96-3587-437f-9a4a-36041590c16a"",""nama"":""SUNDAE STRAWBERRY"",""hargaPerBox"":97000,""isiPerBox"":24,""qtyBox"":1,""total"":97000},{""productId"":""1441bc6d-2850-4d09-92ef-032b2b3ad3c0"",""nama"":""SWEET CORN"",""hargaPerBox"":96000,""isiPerBox"":40,""qtyBox"":2,""total"":192000},{""productId"":""39defa48-f6f5-4088-8127-a832bf021ac8"",""nama"":""VANILLA BERRY CONE"",""hargaPerBox"":115200,""isiPerBox"":48,""qtyBox"":1,""total"":115200}]","78161626-aab5-429b-abea-13b2ee5531bd"
"918a9f86-c4d7-44b1-b1b6-aad9ecec0c8f","TOKO SHERLY","K1500","","2025-11-13T06:20:31.957Z","552500","[{""productId"":""adf3703f-33c4-4b26-b6eb-7e5731dbdb67"",""nama"":""MIKI-MIKI"",""hargaPerBox"":93500,""isiPerBox"":60,""qtyBox"":1,""total"":93500},{""productId"":""97c8c35f-40d8-49fe-8e66-d051ebafe3fb"",""nama"":""MIKI-MIKI DOUBLE CHOCO"",""hargaPerBox"":93500,""isiPerBox"":60,""qtyBox"":1,""total"":93500},{""productId"":""8b377101-fe06-48f8-84f8-62c3ff2d94f4"",""nama"":""MILK MELON"",""hargaPerBox"":95000,""isiPerBox"":40,""qtyBox"":1,""total"":95000},{""productId"":""f9135088-2cf1-45ae-94b7-2dd4d6c54632"",""nama"":""SEMANGKA"",""hargaPerBox"":77500,""isiPerBox"":50,""qtyBox"":1,""total"":77500},{""productId"":""55cb8d5e-5852-4e6c-ae02-1a6a02f7ea29"",""nama"":""SUNDAE CHOCOLATE"",""hargaPerBox"":97000,""isiPerBox"":24,""qtyBox"":1,""total"":97000},{""productId"":""1441bc6d-2850-4d09-92ef-032b2b3ad3c0"",""nama"":""SWEET CORN"",""hargaPerBox"":96000,""isiPerBox"":40,""qtyBox"":1,""total"":96000}]","6733b51c-859a-49b7-89a2-cd4eb1fcef49"
"899f4979-f37e-45a1-a867-04c21c04fe75","TOKO VIANA","K1911","","2025-10-29T05:30:49.000Z","961700","[{""productId"":""02942549-9659-4352-804b-5a5665a1302a"",""nama"":""CHOCO MALT"",""hargaPerBox"":80000,""isiPerBox"":50,""qtyBox"":1,""total"":80000},{""productId"":""978f2fba-a58a-4ead-b548-8fb64417b093"",""nama"":""CHOCOLATE STICK (BINGO)"",""hargaPerBox"":97000,""isiPerBox"":50,""qtyBox"":1,""total"":97000},{""productId"":""091c691a-b5a5-41d4-9a77-d70b2fb32811"",""nama"":""CHOCOMELT CONE"",""hargaPerBox"":97500,""isiPerBox"":24,""qtyBox"":1,""total"":97500},{""productId"":""4b126c6b-3c14-49dd-9ff4-f3dec8bc3662"",""nama"":""CRISPY BALLS COOKIS"",""hargaPerBox"":118500,""isiPerBox"":40,""qtyBox"":1,""total"":118500},{""productId"":""267ea0f8-db2a-4831-8eeb-35cbaae04604"",""nama"":""MANGO SLUSH"",""hargaPerBox"":90500,""isiPerBox"":30,""qtyBox"":1,""total"":90500},{""productId"":""ce412f53-cbe1-4f99-a97f-994f9d4639fb"",""nama"":""MOCHI VANILLA"",""hargaPerBox"":92500,""isiPerBox"":40,""qtyBox"":1,""total"":92500},{""productId"":""f9135088-2cf1-45ae-94b7-2dd4d6c54632"",""nama"":""SEMANGKA"",""hargaPerBox"":77500,""isiPerBox"":50,""qtyBox"":1,""total"":77500},{""productId"":""55cb8d5e-5852-4e6c-ae02-1a6a02f7ea29"",""nama"":""SUNDAE CHOCOLATE"",""hargaPerBox"":97000,""isiPerBox"":24,""qtyBox"":1,""total"":97000},{""productId"":""1441bc6d-2850-4d09-92ef-032b2b3ad3c0"",""nama"":""SWEET CORN"",""hargaPerBox"":96000,""isiPerBox"":40,""qtyBox"":1,""total"":96000},{""productId"":""39defa48-f6f5-4088-8127-a832bf021ac8"",""nama"":""VANILLA BERRY CONE"",""hargaPerBox"":115200,""isiPerBox"":48,""qtyBox"":1,""total"":115200}]","14efb0d8-0894-4794-b800-e02e3d5a11bb"
"504129c5-e443-44cc-97f8-0b61a7f78b57","SUDARTO","K0676","","2025-10-16T08:38:40.609Z","675000","[{""productId"":""091c691a-b5a5-41d4-9a77-d70b2fb32811"",""nama"":""CHOCOMELT CONE"",""hargaPerBox"":97500,""isiPerBox"":24,""qtyBox"":1,""total"":97500},{""productId"":""adf3703f-33c4-4b26-b6eb-7e5731dbdb67"",""nama"":""MIKI-MIKI"",""hargaPerBox"":93500,""isiPerBox"":60,""qtyBox"":1,""total"":93500},{""productId"":""cd48792b-8ef3-4cba-be2d-3283481e7c59"",""nama"":""STRAWBERRY CONE"",""hargaPerBox"":97500,""isiPerBox"":24,""qtyBox"":1,""total"":97500},{""productId"":""55cb8d5e-5852-4e6c-ae02-1a6a02f7ea29"",""nama"":""SUNDAE CHOCOLATE"",""hargaPerBox"":97000,""isiPerBox"":24,""qtyBox"":1,""total"":97000},{""productId"":""e24cbe96-3587-437f-9a4a-36041590c16a"",""nama"":""SUNDAE STRAWBERRY"",""hargaPerBox"":97000,""isiPerBox"":24,""qtyBox"":1,""total"":97000},{""productId"":""1441bc6d-2850-4d09-92ef-032b2b3ad3c0"",""nama"":""SWEET CORN"",""hargaPerBox"":96000,""isiPerBox"":40,""qtyBox"":1,""total"":96000},{""productId"":""49e0231e-af99-4110-9592-072d18ec59a0"",""nama"":""TARO CRISPY"",""hargaPerBox"":96500,""isiPerBox"":40,""qtyBox"":1,""total"":96500}]","0db1524b-5caa-4222-b134-d1df04f54d13"
"c3d5fd74-b777-410a-8463-833c6a80fa6f","Toko Koss Mart","K2014","","2025-10-09T07:28:00.062Z","858500","[{""productId"":""ff94f02b-8423-412b-84a7-90a4cdf95acd"",""nama"":""2 COLOR"",""hargaPerBox"":92000,""isiPerBox"":40,""qtyBox"":1,""total"":92000},{""productId"":""cd50fc88-32b3-41d6-893e-7253faa8da9b"",""nama"":""3 IN 1"",""hargaPerBox"":192000,""isiPerBox"":27,""qtyBox"":1,""total"":192000},{""productId"":""091c691a-b5a5-41d4-9a77-d70b2fb32811"",""nama"":""CHOCOMELT CONE"",""hargaPerBox"":97500,""isiPerBox"":24,""qtyBox"":1,""total"":97500},{""productId"":""8b377101-fe06-48f8-84f8-62c3ff2d94f4"",""nama"":""MILK MELON"",""hargaPerBox"":95000,""isiPerBox"":40,""qtyBox"":1,""total"":95000},{""productId"":""9aeec589-46a9-469d-80da-7d4b3b1a741b"",""nama"":""NANAS"",""hargaPerBox"":77500,""isiPerBox"":50,""qtyBox"":1,""total"":77500},{""productId"":""cd48792b-8ef3-4cba-be2d-3283481e7c59"",""nama"":""STRAWBERRY CONE"",""hargaPerBox"":97500,""isiPerBox"":24,""qtyBox"":1,""total"":97500},{""productId"":""b54e5a8a-a7b0-4f58-854e-151b9ac7b147"",""nama"":""STRAWBERRY CRISPY"",""hargaPerBox"":110000,""isiPerBox"":40,""qtyBox"":1,""total"":110000},{""productId"":""55cb8d5e-5852-4e6c-ae02-1a6a02f7ea29"",""nama"":""SUNDAE CHOCOLATE"",""hargaPerBox"":97000,""isiPerBox"":24,""qtyBox"":1,""total"":97000}]","581fd856-9613-4f47-94d3-82b994947751"
"4788336f-5c4c-4646-8d12-7936fe3b2d84","ELLA 3 SMK PUTRI BALEKAMBANG","K0392","Order dari kunjungan: ","2025-10-07T09:59:49.447Z","1564800","[{""productId"":""ff94f02b-8423-412b-84a7-90a4cdf95acd"",""nama"":""2 COLOR"",""hargaPerBox"":92000,""isiPerBox"":40,""qtyBox"":1,""total"":92000},{""productId"":""02942549-9659-4352-804b-5a5665a1302a"",""nama"":""CHOCO MALT"",""hargaPerBox"":80000,""isiPerBox"":50,""qtyBox"":1,""total"":80000},{""productId"":""97bfb86b-50f3-4725-8ebc-a930107e1f3f"",""nama"":""CHOCOLATE CRISPY"",""hargaPerBox"":117000,""isiPerBox"":30,""qtyBox"":1,""total"":117000},{""productId"":""978f2fba-a58a-4ead-b548-8fb64417b093"",""nama"":""CHOCOLATE STICK"",""hargaPerBox"":97000,""isiPerBox"":50,""qtyBox"":1,""total"":97000},{""productId"":""19153282-2d60-4826-932a-c7c9a0a958b7"",""nama"":""COFFE CRISPY"",""hargaPerBox"":110000,""isiPerBox"":40,""qtyBox"":1,""total"":110000},{""productId"":""4b126c6b-3c14-49dd-9ff4-f3dec8bc3662"",""nama"":""CRISPY BALLS COOKIS"",""hargaPerBox"":118500,""isiPerBox"":40,""qtyBox"":1,""total"":118500},{""productId"":""23736cae-26f2-4bb6-bfa5-1e9819418946"",""nama"":""FRUITY ROLL"",""hargaPerBox"":124800,""isiPerBox"":40,""qtyBox"":1,""total"":124800},{""productId"":""813ea956-40e3-4408-bee3-acdb66980318"",""nama"":""FRUIZY BLUEBERRY YOGURT"",""hargaPerBox"":96000,""isiPerBox"":40,""qtyBox"":1,""total"":96000},{""productId"":""0e3a07fb-d3a0-48fc-8209-d3d3649b292f"",""nama"":""JERUK"",""hargaPerBox"":78000,""isiPerBox"":50,""qtyBox"":1,""total"":78000},{""productId"":""9aeec589-46a9-469d-80da-7d4b3b1a741b"",""nama"":""NANAS"",""hargaPerBox"":77500,""isiPerBox"":50,""qtyBox"":1,""total"":77500},{""productId"":""f9135088-2cf1-45ae-94b7-2dd4d6c54632"",""nama"":""SEMANGKA"",""hargaPerBox"":77500,""isiPerBox"":50,""qtyBox"":1,""total"":77500},{""productId"":""b54e5a8a-a7b0-4f58-854e-151b9ac7b147"",""nama"":""STRAWBERRY CRISPY"",""hargaPerBox"":110000,""isiPerBox"":40,""qtyBox"":1,""total"":110000},{""productId"":""55cb8d5e-5852-4e6c-ae02-1a6a02f7ea29"",""nama"":""SUNDAE CHOCOLATE"",""hargaPerBox"":97000,""isiPerBox"":24,""qtyBox"":1,""total"":97000},{""productId"":""e24cbe96-3587-437f-9a4a-36041590c16a"",""nama"":""SUNDAE STRAWBERRY"",""hargaPerBox"":97000,""isiPerBox"":24,""qtyBox"":1,""total"":97000},{""productId"":""1441bc6d-2850-4d09-92ef-032b2b3ad3c0"",""nama"":""SWEET CORN"",""hargaPerBox"":96000,""isiPerBox"":40,""qtyBox"":1,""total"":96000},{""productId"":""49e0231e-af99-4110-9592-072d18ec59a0"",""nama"":""TARO CRISPY"",""hargaPerBox"":96500,""isiPerBox"":40,""qtyBox"":1,""total"":96500}]","16ae1367-9505-4a86-aea2-2c217cb83ccc"
"b157661d-c0af-4658-8937-8d24c55731f9","MUSTAQIM","K1352","Order dari kunjungan: ","2025-11-11T06:48:42.388Z","615500","[{""productId"":""97bfb86b-50f3-4725-8ebc-a930107e1f3f"",""nama"":""CHOCOLATE CRISPY"",""hargaPerBox"":117000,""isiPerBox"":30,""qtyBox"":1,""total"":117000},{""productId"":""4b126c6b-3c14-49dd-9ff4-f3dec8bc3662"",""nama"":""CRISPY BALLS COOKIS"",""hargaPerBox"":118500,""isiPerBox"":30,""qtyBox"":1,""total"":118500},{""productId"":""267ea0f8-db2a-4831-8eeb-35cbaae04604"",""nama"":""MANGO SLUSH"",""hargaPerBox"":90500,""isiPerBox"":30,""qtyBox"":1,""total"":90500},{""productId"":""e24cbe96-3587-437f-9a4a-36041590c16a"",""nama"":""SUNDAE STRAWBERRY"",""hargaPerBox"":97000,""isiPerBox"":24,""qtyBox"":1,""total"":97000},{""productId"":""1441bc6d-2850-4d09-92ef-032b2b3ad3c0"",""nama"":""SWEET CORN"",""hargaPerBox"":96000,""isiPerBox"":40,""qtyBox"":1,""total"":96000},{""productId"":""49e0231e-af99-4110-9592-072d18ec59a0"",""nama"":""TARO CRISPY"",""hargaPerBox"":96500,""isiPerBox"":40,""qtyBox"":1,""total"":96500}]","71a92452-7593-4239-804a-3b3d2eed49c8"
"c12ade19-3806-4495-a693-5801bd341095","TOKO LISA","K1899","Order dari kunjungan: ","2025-11-14T04:54:21.352Z","457500","[{""productId"":""19153282-2d60-4826-932a-c7c9a0a958b7"",""nama"":""COFFE CRISPY"",""hargaPerBox"":110000,""isiPerBox"":40,""qtyBox"":1,""total"":110000},{""productId"":""9aeec589-46a9-469d-80da-7d4b3b1a741b"",""nama"":""NANAS"",""hargaPerBox"":77500,""isiPerBox"":50,""qtyBox"":1,""total"":77500},{""productId"":""f9135088-2cf1-45ae-94b7-2dd4d6c54632"",""nama"":""SEMANGKA"",""hargaPerBox"":77500,""isiPerBox"":50,""qtyBox"":1,""total"":77500},{""productId"":""1441bc6d-2850-4d09-92ef-032b2b3ad3c0"",""nama"":""SWEET CORN"",""hargaPerBox"":96000,""isiPerBox"":40,""qtyBox"":1,""total"":96000},{""productId"":""49e0231e-af99-4110-9592-072d18ec59a0"",""nama"":""TARO CRISPY"",""hargaPerBox"":96500,""isiPerBox"":40,""qtyBox"":1,""total"":96500}]","920a0d41-81b3-4a4b-9fad-87c2dab93756"
"ee44c035-af97-46c2-93cd-934252ce01a9","MUNAWAROH","K1121","Order dari kunjungan:","2025-10-13T05:56:38.754Z","598000","[{""productId"":""02942549-9659-4352-804b-5a5665a1302a"",""nama"":""CHOCO MALT"",""hargaPerBox"":80000,""isiPerBox"":50,""qtyBox"":1,""total"":80000},{""productId"":""0e3a07fb-d3a0-48fc-8209-d3d3649b292f"",""nama"":""JERUK"",""hargaPerBox"":78000,""isiPerBox"":50,""qtyBox"":1,""total"":78000},{""productId"":""ce412f53-cbe1-4f99-a97f-994f9d4639fb"",""nama"":""MOCHI VANILLA"",""hargaPerBox"":92500,""isiPerBox"":40,""qtyBox"":1,""total"":92500},{""productId"":""9aeec589-46a9-469d-80da-7d4b3b1a741b"",""nama"":""NANAS"",""hargaPerBox"":77500,""isiPerBox"":50,""qtyBox"":1,""total"":77500},{""productId"":""f9135088-2cf1-45ae-94b7-2dd4d6c54632"",""nama"":""SEMANGKA"",""hargaPerBox"":77500,""isiPerBox"":50,""qtyBox"":1,""total"":77500},{""productId"":""1441bc6d-2850-4d09-92ef-032b2b3ad3c0"",""nama"":""SWEET CORN"",""hargaPerBox"":96000,""isiPerBox"":40,""qtyBox"":1,""total"":96000},{""productId"":""49e0231e-af99-4110-9592-072d18ec59a0"",""nama"":""TARO CRISPY"",""hargaPerBox"":96500,""isiPerBox"":40,""qtyBox"":1,""total"":96500}]","9ba41130-313f-42a4-a20a-2b2d673dfb3e"
"6eec6ca7-9c50-4869-aee5-594f3bfe1588","ALIYA CELL","K0721","Order dari kunjungan: ","2025-11-09T07:22:49.000Z","476000","[{""productId"":""813ea956-40e3-4408-bee3-acdb66980318"",""nama"":""FRUIZY BLUEBERRY YOGURT"",""hargaPerBox"":96000,""isiPerBox"":40,""qtyBox"":1,""total"":96000},{""productId"":""267ea0f8-db2a-4831-8eeb-35cbaae04604"",""nama"":""MANGO SLUSH"",""hargaPerBox"":90500,""isiPerBox"":30,""qtyBox"":1,""total"":90500},{""productId"":""e24cbe96-3587-437f-9a4a-36041590c16a"",""nama"":""SUNDAE STRAWBERRY"",""hargaPerBox"":97000,""isiPerBox"":24,""qtyBox"":1,""total"":97000},{""productId"":""1441bc6d-2850-4d09-92ef-032b2b3ad3c0"",""nama"":""SWEET CORN"",""hargaPerBox"":96000,""isiPerBox"":40,""qtyBox"":1,""total"":96000},{""productId"":""49e0231e-af99-4110-9592-072d18ec59a0"",""nama"":""TARO CRISPY"",""hargaPerBox"":96500,""isiPerBox"":40,""qtyBox"":1,""total"":96500}]","baeea75a-d3f9-43c5-8fca-5a136ab3d5bd"
"a8462560-2ad3-4544-9956-5090773229c4","MBAK IS","K0485","Order dari kunjungan: ","2025-10-18T04:02:14.654Z","1040500","[{""productId"":""02942549-9659-4352-804b-5a5665a1302a"",""nama"":""CHOCO MALT"",""hargaPerBox"":80000,""isiPerBox"":50,""qtyBox"":1,""total"":80000},{""productId"":""97bfb86b-50f3-4725-8ebc-a930107e1f3f"",""nama"":""CHOCOLATE CRISPY"",""hargaPerBox"":117000,""isiPerBox"":30,""qtyBox"":1,""total"":117000},{""productId"":""978f2fba-a58a-4ead-b548-8fb64417b093"",""nama"":""CHOCOLATE STICK"",""hargaPerBox"":97000,""isiPerBox"":50,""qtyBox"":1,""total"":97000},{""productId"":""091c691a-b5a5-41d4-9a77-d70b2fb32811"",""nama"":""CHOCOMELT CONE"",""hargaPerBox"":97500,""isiPerBox"":24,""qtyBox"":1,""total"":97500},{""productId"":""0e3a07fb-d3a0-48fc-8209-d3d3649b292f"",""nama"":""JERUK"",""hargaPerBox"":78000,""isiPerBox"":50,""qtyBox"":1,""total"":78000},{""productId"":""97c8c35f-40d8-49fe-8e66-d051ebafe3fb"",""nama"":""MIKI-MIKI DOUBLE CHOCO"",""hargaPerBox"":93500,""isiPerBox"":60,""qtyBox"":1,""total"":93500},{""productId"":""57b1bf22-e334-4079-8a45-8ee4d997fd29"",""nama"":""MOCHI BANANA"",""hargaPerBox"":92500,""isiPerBox"":40,""qtyBox"":1,""total"":92500},{""productId"":""c64f588e-f38a-463e-be49-d005ce119adc"",""nama"":""MOCHI MANGO"",""hargaPerBox"":94500,""isiPerBox"":40,""qtyBox"":1,""total"":94500},{""productId"":""cd48792b-8ef3-4cba-be2d-3283481e7c59"",""nama"":""STRAWBERRY CONE"",""hargaPerBox"":97500,""isiPerBox"":24,""qtyBox"":1,""total"":97500},{""productId"":""55cb8d5e-5852-4e6c-ae02-1a6a02f7ea29"",""nama"":""SUNDAE CHOCOLATE"",""hargaPerBox"":97000,""isiPerBox"":24,""qtyBox"":1,""total"":97000},{""productId"":""1441bc6d-2850-4d09-92ef-032b2b3ad3c0"",""nama"":""SWEET CORN"",""hargaPerBox"":96000,""isiPerBox"":40,""qtyBox"":1,""total"":96000}]","e20ae7bb-995c-4d13-aa38-11f341d7a837"
"c90bb0bc-7d18-4531-bf39-eee5fb08812e","SD IT AL ANWAR","K1658","","2025-10-15T03:20:11.901Z","471500","[{""productId"":""02942549-9659-4352-804b-5a5665a1302a"",""nama"":""CHOCO MALT"",""hargaPerBox"":80000,""isiPerBox"":50,""qtyBox"":2,""total"":160000},{""productId"":""4b126c6b-3c14-49dd-9ff4-f3dec8bc3662"",""nama"":""CRISPY BALLS COOKIS"",""hargaPerBox"":118500,""isiPerBox"":40,""qtyBox"":1,""total"":118500},{""productId"":""55cb8d5e-5852-4e6c-ae02-1a6a02f7ea29"",""nama"":""SUNDAE CHOCOLATE"",""hargaPerBox"":97000,""isiPerBox"":24,""qtyBox"":1,""total"":97000},{""productId"":""1441bc6d-2850-4d09-92ef-032b2b3ad3c0"",""nama"":""SWEET CORN"",""hargaPerBox"":96000,""isiPerBox"":40,""qtyBox"":1,""total"":96000}]","a13b79fa-6795-40b6-b9f4-f696a92a0147"
"96c0664e-91cd-44e1-aff7-d506a4ab7270","RATU WALI","K1498","","2025-10-20T10:27:03.318Z","406500","[{""productId"":""02942549-9659-4352-804b-5a5665a1302a"",""nama"":""CHOCO MALT"",""hargaPerBox"":80000,""isiPerBox"":50,""qtyBox"":1,""total"":80000},{""productId"":""0e3a07fb-d3a0-48fc-8209-d3d3649b292f"",""nama"":""JERUK"",""hargaPerBox"":78000,""isiPerBox"":50,""qtyBox"":1,""total"":78000},{""productId"":""97c8c35f-40d8-49fe-8e66-d051ebafe3fb"",""nama"":""MIKI-MIKI DOUBLE CHOCO"",""hargaPerBox"":93500,""isiPerBox"":60,""qtyBox"":1,""total"":93500},{""productId"":""9aeec589-46a9-469d-80da-7d4b3b1a741b"",""nama"":""NANAS"",""hargaPerBox"":77500,""isiPerBox"":50,""qtyBox"":1,""total"":77500},{""productId"":""f9135088-2cf1-45ae-94b7-2dd4d6c54632"",""nama"":""SEMANGKA"",""hargaPerBox"":77500,""isiPerBox"":50,""qtyBox"":1,""total"":77500}]","be290c66-55a0-4e19-973a-e4c07e0219c0"
"0baeec56-611a-42f1-a19c-64e3e6ca6120","ENDANG RISTIYOWATI","K0532","","2025-10-11T09:45:29.965Z","874500","[{""productId"":""97bfb86b-50f3-4725-8ebc-a930107e1f3f"",""nama"":""CHOCOLATE CRISPY"",""hargaPerBox"":117000,""isiPerBox"":30,""qtyBox"":1,""total"":117000},{""productId"":""091c691a-b5a5-41d4-9a77-d70b2fb32811"",""nama"":""CHOCOMELT CONE"",""hargaPerBox"":97500,""isiPerBox"":24,""qtyBox"":1,""total"":97500},{""productId"":""4b126c6b-3c14-49dd-9ff4-f3dec8bc3662"",""nama"":""CRISPY BALLS COOKIS"",""hargaPerBox"":118500,""isiPerBox"":40,""qtyBox"":1,""total"":118500},{""productId"":""9aeec589-46a9-469d-80da-7d4b3b1a741b"",""nama"":""NANAS"",""hargaPerBox"":77500,""isiPerBox"":50,""qtyBox"":1,""total"":77500},{""productId"":""f9135088-2cf1-45ae-94b7-2dd4d6c54632"",""nama"":""SEMANGKA"",""hargaPerBox"":77500,""isiPerBox"":50,""qtyBox"":1,""total"":77500},{""productId"":""55cb8d5e-5852-4e6c-ae02-1a6a02f7ea29"",""nama"":""SUNDAE CHOCOLATE"",""hargaPerBox"":97000,""isiPerBox"":24,""qtyBox"":1,""total"":97000},{""productId"":""e24cbe96-3587-437f-9a4a-36041590c16a"",""nama"":""SUNDAE STRAWBERRY"",""hargaPerBox"":97000,""isiPerBox"":24,""qtyBox"":1,""total"":97000},{""productId"":""1441bc6d-2850-4d09-92ef-032b2b3ad3c0"",""nama"":""SWEET CORN"",""hargaPerBox"":96000,""isiPerBox"":40,""qtyBox"":1,""total"":96000},{""productId"":""49e0231e-af99-4110-9592-072d18ec59a0"",""nama"":""TARO CRISPY"",""hargaPerBox"":96500,""isiPerBox"":40,""qtyBox"":1,""total"":96500}]","035e312f-e142-4379-8330-5b165efdbe94"
"1a59b3df-9602-48d3-9e38-45a07274d3b5","WINARNO","K2021","Order dari kunjungan:","2025-10-10T09:05:07.797Z","317000","[{""productId"":""02942549-9659-4352-804b-5a5665a1302a"",""nama"":""CHOCO MALT"",""hargaPerBox"":80000,""isiPerBox"":50,""qtyBox"":1,""total"":80000},{""productId"":""4b126c6b-3c14-49dd-9ff4-f3dec8bc3662"",""nama"":""CRISPY BALLS COOKIS"",""hargaPerBox"":118500,""isiPerBox"":40,""qtyBox"":2,""total"":237000}]","4cf62888-7242-47c3-8ec5-b4952bc53041"
"db68a5d9-ae22-4a70-ab8b-255b514f95ec","MUNTATIAH","K1366","","2025-11-13T03:53:19.845Z","773500","[{""productId"":""ff94f02b-8423-412b-84a7-90a4cdf95acd"",""nama"":""2 COLOR"",""hargaPerBox"":92000,""isiPerBox"":40,""qtyBox"":1,""total"":92000},{""productId"":""cd50fc88-32b3-41d6-893e-7253faa8da9b"",""nama"":""3 IN 1"",""hargaPerBox"":192000,""isiPerBox"":27,""qtyBox"":1,""total"":192000},{""productId"":""02942549-9659-4352-804b-5a5665a1302a"",""nama"":""CHOCO MALT"",""hargaPerBox"":80000,""isiPerBox"":50,""qtyBox"":1,""total"":80000},{""productId"":""091c691a-b5a5-41d4-9a77-d70b2fb32811"",""nama"":""CHOCOMELT CONE"",""hargaPerBox"":97500,""isiPerBox"":24,""qtyBox"":1,""total"":97500},{""productId"":""4b126c6b-3c14-49dd-9ff4-f3dec8bc3662"",""nama"":""CRISPY BALLS COOKIS"",""hargaPerBox"":118500,""isiPerBox"":30,""qtyBox"":1,""total"":118500},{""productId"":""55cb8d5e-5852-4e6c-ae02-1a6a02f7ea29"",""nama"":""SUNDAE CHOCOLATE"",""hargaPerBox"":97000,""isiPerBox"":24,""qtyBox"":1,""total"":97000},{""productId"":""49e0231e-af99-4110-9592-072d18ec59a0"",""nama"":""TARO CRISPY"",""hargaPerBox"":96500,""isiPerBox"":40,""qtyBox"":1,""total"":96500}]","fd7d1ad9-3fa9-4c59-98f7-de6408911ae4"
"33f35fd3-2788-46bd-b710-1f18130ac326","WAKHIDATUS SHOLEKHAH","K1923","","2025-10-23T17:00:00.000Z","709500","[{""productId"":""cd50fc88-32b3-41d6-893e-7253faa8da9b"",""nama"":""3 IN 1"",""hargaPerBox"":192000,""isiPerBox"":27,""qtyBox"":1,""total"":192000},{""productId"":""0e3a07fb-d3a0-48fc-8209-d3d3649b292f"",""nama"":""JERUK"",""hargaPerBox"":78000,""isiPerBox"":50,""qtyBox"":1,""total"":78000},{""productId"":""267ea0f8-db2a-4831-8eeb-35cbaae04604"",""nama"":""MANGO SLUSH"",""hargaPerBox"":90500,""isiPerBox"":30,""qtyBox"":1,""total"":90500},{""productId"":""9aeec589-46a9-469d-80da-7d4b3b1a741b"",""nama"":""NANAS"",""hargaPerBox"":77500,""isiPerBox"":50,""qtyBox"":1,""total"":77500},{""productId"":""f9135088-2cf1-45ae-94b7-2dd4d6c54632"",""nama"":""SEMANGKA"",""hargaPerBox"":77500,""isiPerBox"":50,""qtyBox"":1,""total"":77500},{""productId"":""cd48792b-8ef3-4cba-be2d-3283481e7c59"",""nama"":""STRAWBERRY CONE"",""hargaPerBox"":97500,""isiPerBox"":24,""qtyBox"":1,""total"":97500},{""productId"":""49e0231e-af99-4110-9592-072d18ec59a0"",""nama"":""TARO CRISPY"",""hargaPerBox"":96500,""isiPerBox"":40,""qtyBox"":1,""total"":96500}]","7e934406-63b9-4a43-81aa-453168248ad0"
"83edde2c-8235-46b0-9882-37e7c2b19135","KUSRIYAH","K0742","Order dari kunjungan: ","2025-10-29T08:43:23.199Z","466700","[{""productId"":""02942549-9659-4352-804b-5a5665a1302a"",""nama"":""CHOCO MALT"",""hargaPerBox"":80000,""isiPerBox"":50,""qtyBox"":1,""total"":80000},{""productId"":""978f2fba-a58a-4ead-b548-8fb64417b093"",""nama"":""CHOCOLATE STICK (BINGO)"",""hargaPerBox"":97000,""isiPerBox"":50,""qtyBox"":1,""total"":97000},{""productId"":""f9135088-2cf1-45ae-94b7-2dd4d6c54632"",""nama"":""SEMANGKA"",""hargaPerBox"":77500,""isiPerBox"":50,""qtyBox"":1,""total"":77500},{""productId"":""55cb8d5e-5852-4e6c-ae02-1a6a02f7ea29"",""nama"":""SUNDAE CHOCOLATE"",""hargaPerBox"":97000,""isiPerBox"":24,""qtyBox"":1,""total"":97000},{""productId"":""39defa48-f6f5-4088-8127-a832bf021ac8"",""nama"":""VANILLA BERRY CONE"",""hargaPerBox"":115200,""isiPerBox"":48,""qtyBox"":1,""total"":115200}]","c87b464b-8459-41c5-a787-5136ea234733"
"076fe413-eca6-4801-8b3a-5e60a504e06e","STICOM","K0511","Order dari kunjungan: ","2025-11-08T04:37:55.059Z","468000","[{""productId"":""091c691a-b5a5-41d4-9a77-d70b2fb32811"",""nama"":""CHOCOMELT CONE"",""hargaPerBox"":97500,""isiPerBox"":24,""qtyBox"":1,""total"":97500},{""productId"":""813ea956-40e3-4408-bee3-acdb66980318"",""nama"":""FRUIZY BLUEBERRY YOGURT"",""hargaPerBox"":96000,""isiPerBox"":40,""qtyBox"":1,""total"":96000},{""productId"":""344b79cf-a037-4561-ba42-50626465dc90"",""nama"":""FRUIZY GRAPE"",""hargaPerBox"":80000,""isiPerBox"":50,""qtyBox"":1,""total"":80000},{""productId"":""cd48792b-8ef3-4cba-be2d-3283481e7c59"",""nama"":""STRAWBERRY CONE"",""hargaPerBox"":97500,""isiPerBox"":24,""qtyBox"":1,""total"":97500},{""productId"":""55cb8d5e-5852-4e6c-ae02-1a6a02f7ea29"",""nama"":""SUNDAE CHOCOLATE"",""hargaPerBox"":97000,""isiPerBox"":24,""qtyBox"":1,""total"":97000}]","ff3ac165-451d-4376-bbc0-791904e2d5c1"
"cd8de274-8720-4a01-9e17-073fec4f4af1","TOKO KOBER","K1571","Order dari kunjungan:","2025-11-08T06:54:06.000Z","539000","[{""productId"":""97bfb86b-50f3-4725-8ebc-a930107e1f3f"",""nama"":""CHOCOLATE CRISPY"",""hargaPerBox"":117000,""isiPerBox"":30,""qtyBox"":1,""total"":117000},{""productId"":""19153282-2d60-4826-932a-c7c9a0a958b7"",""nama"":""COFFE CRISPY"",""hargaPerBox"":110000,""isiPerBox"":40,""qtyBox"":1,""total"":110000},{""productId"":""4b126c6b-3c14-49dd-9ff4-f3dec8bc3662"",""nama"":""CRISPY BALLS COOKIS"",""hargaPerBox"":118500,""isiPerBox"":40,""qtyBox"":1,""total"":118500},{""productId"":""e24cbe96-3587-437f-9a4a-36041590c16a"",""nama"":""SUNDAE STRAWBERRY"",""hargaPerBox"":97000,""isiPerBox"":24,""qtyBox"":1,""total"":97000},{""productId"":""49e0231e-af99-4110-9592-072d18ec59a0"",""nama"":""TARO CRISPY"",""hargaPerBox"":96500,""isiPerBox"":40,""qtyBox"":1,""total"":96500}]","971de1be-996b-42f6-96c1-baf80ede1429"
"82f35ef8-d7a6-49d1-8bb1-605548a65ffa","KANTOR PWI","K1877","","2025-11-18T06:29:36.395Z","1131000","[{""productId"":""02942549-9659-4352-804b-5a5665a1302a"",""nama"":""CHOCO MALT"",""hargaPerBox"":80000,""isiPerBox"":50,""qtyBox"":1,""total"":80000},{""productId"":""97bfb86b-50f3-4725-8ebc-a930107e1f3f"",""nama"":""CHOCOLATE CRISPY"",""hargaPerBox"":117000,""isiPerBox"":30,""qtyBox"":1,""total"":117000},{""productId"":""091c691a-b5a5-41d4-9a77-d70b2fb32811"",""nama"":""CHOCOMELT CONE"",""hargaPerBox"":97500,""isiPerBox"":24,""qtyBox"":1,""total"":97500},{""productId"":""4b126c6b-3c14-49dd-9ff4-f3dec8bc3662"",""nama"":""CRISPY BALLS COOKIS"",""hargaPerBox"":118500,""isiPerBox"":30,""qtyBox"":1,""total"":118500},{""productId"":""23736cae-26f2-4bb6-bfa5-1e9819418946"",""nama"":""FRUITY ROLL"",""hargaPerBox"":124800,""isiPerBox"":40,""qtyBox"":1,""total"":124800},{""productId"":""813ea956-40e3-4408-bee3-acdb66980318"",""nama"":""FRUIZY BLUEBERRY YOGURT"",""hargaPerBox"":96000,""isiPerBox"":40,""qtyBox"":1,""total"":96000},{""productId"":""267ea0f8-db2a-4831-8eeb-35cbaae04604"",""nama"":""MANGO SLUSH"",""hargaPerBox"":90500,""isiPerBox"":30,""qtyBox"":1,""total"":90500},{""productId"":""cd48792b-8ef3-4cba-be2d-3283481e7c59"",""nama"":""STRAWBERRY CONE"",""hargaPerBox"":97500,""isiPerBox"":24,""qtyBox"":1,""total"":97500},{""productId"":""55cb8d5e-5852-4e6c-ae02-1a6a02f7ea29"",""nama"":""SUNDAE CHOCOLATE"",""hargaPerBox"":97000,""isiPerBox"":24,""qtyBox"":1,""total"":97000},{""productId"":""e24cbe96-3587-437f-9a4a-36041590c16a"",""nama"":""SUNDAE STRAWBERRY"",""hargaPerBox"":97000,""isiPerBox"":24,""qtyBox"":1,""total"":97000},{""productId"":""39defa48-f6f5-4088-8127-a832bf021ac8"",""nama"":""VANILLA BERRY CONE"",""hargaPerBox"":115200,""isiPerBox"":48,""qtyBox"":1,""total"":115200}]","bd042eff-6a91-4483-929f-ac804e1e2785"
"ec532f91-e89a-459a-b3f2-846d12fd1304","TRANSIT MART 2","K1534","","2025-11-02T07:44:15.660Z","458500","[{""productId"":""19153282-2d60-4826-932a-c7c9a0a958b7"",""nama"":""COFFE CRISPY"",""hargaPerBox"":110000,""isiPerBox"":40,""qtyBox"":1,""total"":110000},{""productId"":""9aeec589-46a9-469d-80da-7d4b3b1a741b"",""nama"":""NANAS"",""hargaPerBox"":77500,""isiPerBox"":50,""qtyBox"":1,""total"":77500},{""productId"":""f9135088-2cf1-45ae-94b7-2dd4d6c54632"",""nama"":""SEMANGKA"",""hargaPerBox"":77500,""isiPerBox"":50,""qtyBox"":1,""total"":77500},{""productId"":""55cb8d5e-5852-4e6c-ae02-1a6a02f7ea29"",""nama"":""SUNDAE CHOCOLATE"",""hargaPerBox"":97000,""isiPerBox"":24,""qtyBox"":1,""total"":97000},{""productId"":""49e0231e-af99-4110-9592-072d18ec59a0"",""nama"":""TARO CRISPY"",""hargaPerBox"":96500,""isiPerBox"":40,""qtyBox"":1,""total"":96500}]","fff93ef8-170f-408d-b906-2f7c46edad71"
"86c5013d-3fb3-4968-9d6f-a4c6ac3e34bd","ELLA 2 KANTIN MTS BALEKAMBANG","K0391","","2025-09-30T17:00:00.000Z","527000","[{""productId"":""978f2fba-a58a-4ead-b548-8fb64417b093"",""nama"":""CHOCOLATE STICK"",""hargaPerBox"":97000,""isiPerBox"":50,""qtyBox"":1,""total"":97000},{""productId"":""4b126c6b-3c14-49dd-9ff4-f3dec8bc3662"",""nama"":""CRISPY BALLS COOKIS"",""hargaPerBox"":118500,""isiPerBox"":40,""qtyBox"":1,""total"":118500},{""productId"":""421a7ad7-a36a-4882-b7fc-18004318e776"",""nama"":""CRISPY BALLS ORIGINAL"",""hargaPerBox"":118500,""isiPerBox"":30,""qtyBox"":1,""total"":118500},{""productId"":""55cb8d5e-5852-4e6c-ae02-1a6a02f7ea29"",""nama"":""SUNDAE CHOCOLATE"",""hargaPerBox"":97000,""isiPerBox"":24,""qtyBox"":1,""total"":97000},{""productId"":""1441bc6d-2850-4d09-92ef-032b2b3ad3c0"",""nama"":""SWEET CORN"",""hargaPerBox"":96000,""isiPerBox"":40,""qtyBox"":1,""total"":96000}]","44c86dd8-51fc-419e-a667-42a4f2350003"
"a0ad1bcb-101a-4c18-b744-f91787682c64","MJ CELL","K0441","Order dari kunjungan: ","2025-10-17T06:46:33.773Z","491000","[{""productId"":""ff94f02b-8423-412b-84a7-90a4cdf95acd"",""nama"":""2 COLOR"",""hargaPerBox"":92000,""isiPerBox"":40,""qtyBox"":1,""total"":92000},{""productId"":""4b126c6b-3c14-49dd-9ff4-f3dec8bc3662"",""nama"":""CRISPY BALLS COOKIS"",""hargaPerBox"":118500,""isiPerBox"":40,""qtyBox"":1,""total"":118500},{""productId"":""267ea0f8-db2a-4831-8eeb-35cbaae04604"",""nama"":""MANGO SLUSH"",""hargaPerBox"":90500,""isiPerBox"":30,""qtyBox"":1,""total"":90500},{""productId"":""adf3703f-33c4-4b26-b6eb-7e5731dbdb67"",""nama"":""MIKI-MIKI"",""hargaPerBox"":93500,""isiPerBox"":60,""qtyBox"":1,""total"":93500},{""productId"":""49e0231e-af99-4110-9592-072d18ec59a0"",""nama"":""TARO CRISPY"",""hargaPerBox"":96500,""isiPerBox"":40,""qtyBox"":1,""total"":96500}]","272c4209-f53e-4a55-9c8c-afa9dcc2b748"
"83528420-dead-43fa-9297-c45b89e82dd9","DEWI","K0502","Order dari kunjungan:","2025-10-31T17:00:00.000Z","792200","[{""productId"":""cd50fc88-32b3-41d6-893e-7253faa8da9b"",""nama"":""3 IN 1"",""hargaPerBox"":192000,""isiPerBox"":27,""qtyBox"":1,""total"":192000},{""productId"":""97bfb86b-50f3-4725-8ebc-a930107e1f3f"",""nama"":""CHOCOLATE CRISPY"",""hargaPerBox"":117000,""isiPerBox"":30,""qtyBox"":1,""total"":117000},{""productId"":""091c691a-b5a5-41d4-9a77-d70b2fb32811"",""nama"":""CHOCOMELT CONE"",""hargaPerBox"":97500,""isiPerBox"":24,""qtyBox"":1,""total"":97500},{""productId"":""f9135088-2cf1-45ae-94b7-2dd4d6c54632"",""nama"":""SEMANGKA"",""hargaPerBox"":77500,""isiPerBox"":50,""qtyBox"":1,""total"":77500},{""productId"":""55cb8d5e-5852-4e6c-ae02-1a6a02f7ea29"",""nama"":""SUNDAE CHOCOLATE"",""hargaPerBox"":97000,""isiPerBox"":24,""qtyBox"":1,""total"":97000},{""productId"":""1441bc6d-2850-4d09-92ef-032b2b3ad3c0"",""nama"":""SWEET CORN"",""hargaPerBox"":96000,""isiPerBox"":40,""qtyBox"":1,""total"":96000},{""productId"":""39defa48-f6f5-4088-8127-a832bf021ac8"",""nama"":""VANILLA BERRY CONE"",""hargaPerBox"":115200,""isiPerBox"":48,""qtyBox"":1,""total"":115200}]","9a0c90b1-23b7-4203-96a5-5a2ffb25cd4c"
"be1da9ae-ecea-480f-860c-e9fd14864698","TOKO RENASYA","K1512","","2025-10-09T03:29:54.389Z","325500","[{""productId"":""19153282-2d60-4826-932a-c7c9a0a958b7"",""nama"":""COFFE CRISPY"",""hargaPerBox"":110000,""isiPerBox"":40,""qtyBox"":1,""total"":110000},{""productId"":""4b126c6b-3c14-49dd-9ff4-f3dec8bc3662"",""nama"":""CRISPY BALLS COOKIS"",""hargaPerBox"":118500,""isiPerBox"":40,""qtyBox"":1,""total"":118500},{""productId"":""55cb8d5e-5852-4e6c-ae02-1a6a02f7ea29"",""nama"":""SUNDAE CHOCOLATE"",""hargaPerBox"":97000,""isiPerBox"":24,""qtyBox"":1,""total"":97000}]","443c0905-636d-4347-8499-bcec9f97bcf6"
"01211cd5-a06d-4d0a-bb4d-bf5a2ce00879","APOTEK PANCUR","K0352","Order dari kunjungan: ","2025-11-11T08:53:31.304Z","1133500","[{""productId"":""02942549-9659-4352-804b-5a5665a1302a"",""nama"":""CHOCO MALT"",""hargaPerBox"":80000,""isiPerBox"":50,""qtyBox"":1,""total"":80000},{""productId"":""978f2fba-a58a-4ead-b548-8fb64417b093"",""nama"":""CHOCOLATE STICK (BINGO)"",""hargaPerBox"":97000,""isiPerBox"":50,""qtyBox"":1,""total"":97000},{""productId"":""091c691a-b5a5-41d4-9a77-d70b2fb32811"",""nama"":""CHOCOMELT CONE"",""hargaPerBox"":97500,""isiPerBox"":24,""qtyBox"":1,""total"":97500},{""productId"":""adf3703f-33c4-4b26-b6eb-7e5731dbdb67"",""nama"":""MIKI-MIKI"",""hargaPerBox"":93500,""isiPerBox"":60,""qtyBox"":1,""total"":93500},{""productId"":""8b377101-fe06-48f8-84f8-62c3ff2d94f4"",""nama"":""MILK MELON"",""hargaPerBox"":95000,""isiPerBox"":40,""qtyBox"":1,""total"":95000},{""productId"":""f9135088-2cf1-45ae-94b7-2dd4d6c54632"",""nama"":""SEMANGKA"",""hargaPerBox"":77500,""isiPerBox"":50,""qtyBox"":1,""total"":77500},{""productId"":""cd48792b-8ef3-4cba-be2d-3283481e7c59"",""nama"":""STRAWBERRY CONE"",""hargaPerBox"":97500,""isiPerBox"":24,""qtyBox"":1,""total"":97500},{""productId"":""b54e5a8a-a7b0-4f58-854e-151b9ac7b147"",""nama"":""STRAWBERRY CRISPY"",""hargaPerBox"":110000,""isiPerBox"":40,""qtyBox"":1,""total"":110000},{""productId"":""e24cbe96-3587-437f-9a4a-36041590c16a"",""nama"":""SUNDAE STRAWBERRY"",""hargaPerBox"":97000,""isiPerBox"":24,""qtyBox"":1,""total"":97000},{""productId"":""1441bc6d-2850-4d09-92ef-032b2b3ad3c0"",""nama"":""SWEET CORN"",""hargaPerBox"":96000,""isiPerBox"":40,""qtyBox"":2,""total"":192000},{""productId"":""49e0231e-af99-4110-9592-072d18ec59a0"",""nama"":""TARO CRISPY"",""hargaPerBox"":96500,""isiPerBox"":40,""qtyBox"":1,""total"":96500}]","da61e6e2-205a-4135-a66e-89c09b3c976a"
"96c0664e-91cd-44e1-aff7-d506a4ab7270","RATU WALI","K1498","Order dari kunjungan:","2025-10-18T05:46:37.755Z","406500","[{""productId"":""02942549-9659-4352-804b-5a5665a1302a"",""nama"":""CHOCO MALT"",""hargaPerBox"":80000,""isiPerBox"":50,""qtyBox"":1,""total"":80000},{""productId"":""0e3a07fb-d3a0-48fc-8209-d3d3649b292f"",""nama"":""JERUK"",""hargaPerBox"":78000,""isiPerBox"":50,""qtyBox"":1,""total"":78000},{""productId"":""97c8c35f-40d8-49fe-8e66-d051ebafe3fb"",""nama"":""MIKI-MIKI DOUBLE CHOCO"",""hargaPerBox"":93500,""isiPerBox"":60,""qtyBox"":1,""total"":93500},{""productId"":""9aeec589-46a9-469d-80da-7d4b3b1a741b"",""nama"":""NANAS"",""hargaPerBox"":77500,""isiPerBox"":50,""qtyBox"":1,""total"":77500},{""productId"":""f9135088-2cf1-45ae-94b7-2dd4d6c54632"",""nama"":""SEMANGKA"",""hargaPerBox"":77500,""isiPerBox"":50,""qtyBox"":1,""total"":77500}]","15fecb29-9804-439d-afb7-654fde9c976b"
"2821519d-7cc4-41e1-a814-90f13118ad5f","RIYADLUL QUR'AN","K1286","","2025-10-25T04:26:27.331Z","494800","[{""productId"":""4b126c6b-3c14-49dd-9ff4-f3dec8bc3662"",""nama"":""CRISPY BALLS COOKIS"",""hargaPerBox"":118500,""isiPerBox"":40,""qtyBox"":1,""total"":118500},{""productId"":""23736cae-26f2-4bb6-bfa5-1e9819418946"",""nama"":""FRUITY ROLL"",""hargaPerBox"":124800,""isiPerBox"":40,""qtyBox"":1,""total"":124800},{""productId"":""0e3a07fb-d3a0-48fc-8209-d3d3649b292f"",""nama"":""JERUK"",""hargaPerBox"":78000,""isiPerBox"":50,""qtyBox"":1,""total"":78000},{""productId"":""9aeec589-46a9-469d-80da-7d4b3b1a741b"",""nama"":""NANAS"",""hargaPerBox"":77500,""isiPerBox"":50,""qtyBox"":1,""total"":77500},{""productId"":""1441bc6d-2850-4d09-92ef-032b2b3ad3c0"",""nama"":""SWEET CORN"",""hargaPerBox"":96000,""isiPerBox"":40,""qtyBox"":1,""total"":96000}]","3418810d-468c-404d-97c9-817dddbad321"
"daa3d0ec-8c44-4fe3-b6c1-10f0824b066b","MBAK YUYUN","K0379","","2025-10-15T08:46:41.277Z","485000","[{""productId"":""091c691a-b5a5-41d4-9a77-d70b2fb32811"",""nama"":""CHOCOMELT CONE"",""hargaPerBox"":97500,""isiPerBox"":24,""qtyBox"":1,""total"":97500},{""productId"":""813ea956-40e3-4408-bee3-acdb66980318"",""nama"":""FRUIZY BLUEBERRY YOGURT"",""hargaPerBox"":96000,""isiPerBox"":40,""qtyBox"":1,""total"":96000},{""productId"":""cd48792b-8ef3-4cba-be2d-3283481e7c59"",""nama"":""STRAWBERRY CONE"",""hargaPerBox"":97500,""isiPerBox"":24,""qtyBox"":1,""total"":97500},{""productId"":""55cb8d5e-5852-4e6c-ae02-1a6a02f7ea29"",""nama"":""SUNDAE CHOCOLATE"",""hargaPerBox"":97000,""isiPerBox"":24,""qtyBox"":1,""total"":97000},{""productId"":""e24cbe96-3587-437f-9a4a-36041590c16a"",""nama"":""SUNDAE STRAWBERRY"",""hargaPerBox"":97000,""isiPerBox"":24,""qtyBox"":1,""total"":97000}]","9cc0bb12-0200-4329-82e9-a8dce3acf5fd"
"83edde2c-8235-46b0-9882-37e7c2b19135","KUSRIYAH","K0742","","2025-10-01T07:01:22.605Z","472500","[{""total"":92000,""nama"":""2 COLOR"",""isiPerBox"":40,""qtyBox"":1,""hargaPerBox"":92000,""productId"":""ff94f02b-8423-412b-84a7-90a4cdf95acd""},{""hargaPerBox"":94500,""productId"":""f471b533-b60a-432d-8715-8d6951b581ad"",""nama"":""MOCHI KLEPON"",""total"":94500,""isiPerBox"":40,""qtyBox"":1},{""total"":92500,""productId"":""ce412f53-cbe1-4f99-a97f-994f9d4639fb"",""hargaPerBox"":92500,""qtyBox"":1,""nama"":""MOCHI VANILLA"",""isiPerBox"":40},{""productId"":""55cb8d5e-5852-4e6c-ae02-1a6a02f7ea29"",""nama"":""SUNDAE CHOCOLATE"",""total"":97000,""isiPerBox"":24,""qtyBox"":1,""hargaPerBox"":97000},{""hargaPerBox"":96500,""nama"":""TARO CRISPY"",""qtyBox"":1,""total"":96500,""isiPerBox"":40,""productId"":""49e0231e-af99-4110-9592-072d18ec59a0""}]","62d25512-a3c9-4dec-b5ce-6256fbad7ffb"
"73b2db6a-6e48-4727-b318-67da1d4bad20","SMK ISLAM AL HIKMAH MAYONG","K1387","","2025-10-09T03:00:46.530Z","444000","[{""productId"":""ff94f02b-8423-412b-84a7-90a4cdf95acd"",""nama"":""2 COLOR"",""hargaPerBox"":92000,""isiPerBox"":40,""qtyBox"":1,""total"":92000},{""productId"":""02942549-9659-4352-804b-5a5665a1302a"",""nama"":""CHOCO MALT"",""hargaPerBox"":80000,""isiPerBox"":50,""qtyBox"":1,""total"":80000},{""productId"":""813ea956-40e3-4408-bee3-acdb66980318"",""nama"":""FRUIZY BLUEBERRY YOGURT"",""hargaPerBox"":96000,""isiPerBox"":40,""qtyBox"":1,""total"":96000},{""productId"":""344b79cf-a037-4561-ba42-50626465dc90"",""nama"":""FRUIZY GRAPE"",""hargaPerBox"":80000,""isiPerBox"":50,""qtyBox"":1,""total"":80000},{""productId"":""1441bc6d-2850-4d09-92ef-032b2b3ad3c0"",""nama"":""SWEET CORN"",""hargaPerBox"":96000,""isiPerBox"":40,""qtyBox"":1,""total"":96000}]","106d47ce-3116-490b-a9f9-26b6d44f04c4"
"075fb1be-a864-4c5d-a4c3-79a3d0d9dc17","SUMUK CELL","K0504","Order dari kunjungan:","2025-11-15T06:26:33.000Z","744500","[{""productId"":""091c691a-b5a5-41d4-9a77-d70b2fb32811"",""nama"":""CHOCOMELT CONE"",""hargaPerBox"":97500,""isiPerBox"":24,""qtyBox"":1,""total"":97500},{""productId"":""813ea956-40e3-4408-bee3-acdb66980318"",""nama"":""FRUIZY BLUEBERRY YOGURT"",""hargaPerBox"":96000,""isiPerBox"":40,""qtyBox"":1,""total"":96000},{""productId"":""adf3703f-33c4-4b26-b6eb-7e5731dbdb67"",""nama"":""MIKI-MIKI"",""hargaPerBox"":93500,""isiPerBox"":60,""qtyBox"":1,""total"":93500},{""productId"":""97c8c35f-40d8-49fe-8e66-d051ebafe3fb"",""nama"":""MIKI-MIKI DOUBLE CHOCO"",""hargaPerBox"":93500,""isiPerBox"":60,""qtyBox"":1,""total"":93500},{""productId"":""57b1bf22-e334-4079-8a45-8ee4d997fd29"",""nama"":""MOCHI BANANA"",""hargaPerBox"":92500,""isiPerBox"":40,""qtyBox"":1,""total"":92500},{""productId"":""9aeec589-46a9-469d-80da-7d4b3b1a741b"",""nama"":""NANAS"",""hargaPerBox"":77500,""isiPerBox"":50,""qtyBox"":1,""total"":77500},{""productId"":""55cb8d5e-5852-4e6c-ae02-1a6a02f7ea29"",""nama"":""SUNDAE CHOCOLATE"",""hargaPerBox"":97000,""isiPerBox"":24,""qtyBox"":1,""total"":97000},{""productId"":""e24cbe96-3587-437f-9a4a-36041590c16a"",""nama"":""SUNDAE STRAWBERRY"",""hargaPerBox"":97000,""isiPerBox"":24,""qtyBox"":1,""total"":97000}]","5f19b57e-b021-428e-9157-51ed16a45d99"
"c8f0dfb8-569f-44bd-b436-2003dbf7caf0","TOKO SOCHIBATUL MUNAWAROH","K1528","","2025-11-05T08:44:25.009Z","432500","[{""productId"":""ff94f02b-8423-412b-84a7-90a4cdf95acd"",""nama"":""2 COLOR"",""hargaPerBox"":92000,""isiPerBox"":40,""qtyBox"":1,""total"":92000},{""productId"":""267ea0f8-db2a-4831-8eeb-35cbaae04604"",""nama"":""MANGO SLUSH"",""hargaPerBox"":90500,""isiPerBox"":30,""qtyBox"":1,""total"":90500},{""productId"":""8b377101-fe06-48f8-84f8-62c3ff2d94f4"",""nama"":""MILK MELON"",""hargaPerBox"":95000,""isiPerBox"":40,""qtyBox"":1,""total"":95000},{""productId"":""9aeec589-46a9-469d-80da-7d4b3b1a741b"",""nama"":""NANAS"",""hargaPerBox"":77500,""isiPerBox"":50,""qtyBox"":1,""total"":77500},{""productId"":""f9135088-2cf1-45ae-94b7-2dd4d6c54632"",""nama"":""SEMANGKA"",""hargaPerBox"":77500,""isiPerBox"":50,""qtyBox"":1,""total"":77500}]","c34c806f-f300-4043-9501-b924eaca3cca"
"9a4ca1b7-f882-40dc-b5e2-b6a2a3aa1bb5","TOKO ANUGERAH","K1969","Order dari kunjungan: ","2025-10-06T03:32:40.852Z","577000","[{""productId"":""02942549-9659-4352-804b-5a5665a1302a"",""nama"":""CHOCO MALT"",""hargaPerBox"":80000,""isiPerBox"":50,""qtyBox"":1,""total"":80000},{""productId"":""091c691a-b5a5-41d4-9a77-d70b2fb32811"",""nama"":""CHOCOMELT CONE"",""hargaPerBox"":97500,""isiPerBox"":24,""qtyBox"":1,""total"":97500},{""productId"":""b54e5a8a-a7b0-4f58-854e-151b9ac7b147"",""nama"":""STRAWBERRY CRISPY"",""hargaPerBox"":110000,""isiPerBox"":40,""qtyBox"":1,""total"":110000},{""productId"":""55cb8d5e-5852-4e6c-ae02-1a6a02f7ea29"",""nama"":""SUNDAE CHOCOLATE"",""hargaPerBox"":97000,""isiPerBox"":24,""qtyBox"":1,""total"":97000},{""productId"":""1441bc6d-2850-4d09-92ef-032b2b3ad3c0"",""nama"":""SWEET CORN"",""hargaPerBox"":96000,""isiPerBox"":40,""qtyBox"":1,""total"":96000},{""productId"":""49e0231e-af99-4110-9592-072d18ec59a0"",""nama"":""TARO CRISPY"",""hargaPerBox"":96500,""isiPerBox"":40,""qtyBox"":1,""total"":96500}]","24a1c4d5-80d0-4f59-8cfb-5663691c125b"
"ed99e387-6f40-41f7-9f96-0fedaa963ad2","ENDANG SRI WAHYUNI","K1367","","2025-10-29T09:23:04.000Z","483500","[{""productId"":""ff94f02b-8423-412b-84a7-90a4cdf95acd"",""nama"":""2 COLOR"",""hargaPerBox"":92000,""isiPerBox"":40,""qtyBox"":1,""total"":92000},{""productId"":""02942549-9659-4352-804b-5a5665a1302a"",""nama"":""CHOCO MALT"",""hargaPerBox"":80000,""isiPerBox"":50,""qtyBox"":1,""total"":80000},{""productId"":""4b126c6b-3c14-49dd-9ff4-f3dec8bc3662"",""nama"":""CRISPY BALLS COOKIS"",""hargaPerBox"":118500,""isiPerBox"":40,""qtyBox"":1,""total"":118500},{""productId"":""55cb8d5e-5852-4e6c-ae02-1a6a02f7ea29"",""nama"":""SUNDAE CHOCOLATE"",""hargaPerBox"":97000,""isiPerBox"":24,""qtyBox"":1,""total"":97000},{""productId"":""1441bc6d-2850-4d09-92ef-032b2b3ad3c0"",""nama"":""SWEET CORN"",""hargaPerBox"":96000,""isiPerBox"":40,""qtyBox"":1,""total"":96000}]","8f63d1c4-d674-4fac-8830-4966d086d3ef"
"89eb1af4-9c31-45a6-981a-682f6cad4935","ABDUL MUJIB","K1315","","2025-10-30T05:03:14.810Z","426000","[{""productId"":""0e3a07fb-d3a0-48fc-8209-d3d3649b292f"",""nama"":""JERUK"",""hargaPerBox"":78000,""isiPerBox"":50,""qtyBox"":1,""total"":78000},{""productId"":""9aeec589-46a9-469d-80da-7d4b3b1a741b"",""nama"":""NANAS"",""hargaPerBox"":77500,""isiPerBox"":50,""qtyBox"":1,""total"":77500},{""productId"":""f9135088-2cf1-45ae-94b7-2dd4d6c54632"",""nama"":""SEMANGKA"",""hargaPerBox"":77500,""isiPerBox"":50,""qtyBox"":1,""total"":77500},{""productId"":""55cb8d5e-5852-4e6c-ae02-1a6a02f7ea29"",""nama"":""SUNDAE CHOCOLATE"",""hargaPerBox"":97000,""isiPerBox"":24,""qtyBox"":1,""total"":97000},{""productId"":""1441bc6d-2850-4d09-92ef-032b2b3ad3c0"",""nama"":""SWEET CORN"",""hargaPerBox"":96000,""isiPerBox"":40,""qtyBox"":1,""total"":96000}]","a82f0172-9335-422b-b487-fd62c8bb8e34"
"c8674610-9d57-4ee8-adb7-2f2fa51ba073","TOKO RIZKY OS","K1502","Order dari kunjungan: ","2025-10-06T08:00:05.807Z","689000","[{""productId"":""ff94f02b-8423-412b-84a7-90a4cdf95acd"",""nama"":""2 COLOR"",""hargaPerBox"":92000,""isiPerBox"":40,""qtyBox"":1,""total"":92000},{""productId"":""97bfb86b-50f3-4725-8ebc-a930107e1f3f"",""nama"":""CHOCOLATE CRISPY"",""hargaPerBox"":117000,""isiPerBox"":30,""qtyBox"":1,""total"":117000},{""productId"":""ce412f53-cbe1-4f99-a97f-994f9d4639fb"",""nama"":""MOCHI VANILLA"",""hargaPerBox"":92500,""isiPerBox"":40,""qtyBox"":1,""total"":92500},{""productId"":""cd48792b-8ef3-4cba-be2d-3283481e7c59"",""nama"":""STRAWBERRY CONE"",""hargaPerBox"":97500,""isiPerBox"":24,""qtyBox"":1,""total"":97500},{""productId"":""55cb8d5e-5852-4e6c-ae02-1a6a02f7ea29"",""nama"":""SUNDAE CHOCOLATE"",""hargaPerBox"":97000,""isiPerBox"":24,""qtyBox"":1,""total"":97000},{""productId"":""e24cbe96-3587-437f-9a4a-36041590c16a"",""nama"":""SUNDAE STRAWBERRY"",""hargaPerBox"":97000,""isiPerBox"":24,""qtyBox"":1,""total"":97000},{""productId"":""1441bc6d-2850-4d09-92ef-032b2b3ad3c0"",""nama"":""SWEET CORN"",""hargaPerBox"":96000,""isiPerBox"":40,""qtyBox"":1,""total"":96000}]","99c5ef45-8243-4bb0-950c-12962c54cf14"
"05577f8c-d28b-489a-97c9-ed86f7ff8658","SD IT AL HUSNA 2","K1759","","2025-11-15T09:05:58.266Z","499500","[{""productId"":""ff94f02b-8423-412b-84a7-90a4cdf95acd"",""nama"":""2 COLOR"",""hargaPerBox"":92000,""isiPerBox"":40,""qtyBox"":1,""total"":92000},{""productId"":""978f2fba-a58a-4ead-b548-8fb64417b093"",""nama"":""CHOCOLATE STICK (BINGO)"",""hargaPerBox"":97000,""isiPerBox"":50,""qtyBox"":1,""total"":97000},{""productId"":""4b126c6b-3c14-49dd-9ff4-f3dec8bc3662"",""nama"":""CRISPY BALLS COOKIS"",""hargaPerBox"":118500,""isiPerBox"":30,""qtyBox"":1,""total"":118500},{""productId"":""813ea956-40e3-4408-bee3-acdb66980318"",""nama"":""FRUIZY BLUEBERRY YOGURT"",""hargaPerBox"":96000,""isiPerBox"":40,""qtyBox"":1,""total"":96000},{""productId"":""1441bc6d-2850-4d09-92ef-032b2b3ad3c0"",""nama"":""SWEET CORN"",""hargaPerBox"":96000,""isiPerBox"":40,""qtyBox"":1,""total"":96000}]","1d9d3d65-92ac-4a09-8dd6-480490a592da"
"1ac0f0ae-3a27-4bca-934c-44da7fb0f09b","MASRUKIN","K1334","Order dari kunjungan:","2025-10-14T06:57:34.833Z","589500","[{""productId"":""ff94f02b-8423-412b-84a7-90a4cdf95acd"",""nama"":""2 COLOR"",""hargaPerBox"":92000,""isiPerBox"":40,""qtyBox"":1,""total"":92000},{""productId"":""4b126c6b-3c14-49dd-9ff4-f3dec8bc3662"",""nama"":""CRISPY BALLS COOKIS"",""hargaPerBox"":118500,""isiPerBox"":40,""qtyBox"":1,""total"":118500},{""productId"":""813ea956-40e3-4408-bee3-acdb66980318"",""nama"":""FRUIZY BLUEBERRY YOGURT"",""hargaPerBox"":96000,""isiPerBox"":40,""qtyBox"":1,""total"":96000},{""productId"":""adf3703f-33c4-4b26-b6eb-7e5731dbdb67"",""nama"":""MIKI-MIKI"",""hargaPerBox"":93500,""isiPerBox"":60,""qtyBox"":2,""total"":187000},{""productId"":""1441bc6d-2850-4d09-92ef-032b2b3ad3c0"",""nama"":""SWEET CORN"",""hargaPerBox"":96000,""isiPerBox"":40,""qtyBox"":1,""total"":96000}]","3ec9ba76-873d-4e7c-909a-c34df4bf8ea4"
"1b9e05dd-0402-412e-9ba4-1e321199725e","NUR AFIDAH","K1278","","2025-10-21T00:17:24.191Z","469500","[{""productId"":""4b126c6b-3c14-49dd-9ff4-f3dec8bc3662"",""nama"":""CRISPY BALLS COOKIS"",""hargaPerBox"":118500,""isiPerBox"":40,""qtyBox"":1,""total"":118500},{""productId"":""344b79cf-a037-4561-ba42-50626465dc90"",""nama"":""FRUIZY GRAPE"",""hargaPerBox"":80000,""isiPerBox"":50,""qtyBox"":1,""total"":80000},{""productId"":""9aeec589-46a9-469d-80da-7d4b3b1a741b"",""nama"":""NANAS"",""hargaPerBox"":77500,""isiPerBox"":50,""qtyBox"":1,""total"":77500},{""productId"":""55cb8d5e-5852-4e6c-ae02-1a6a02f7ea29"",""nama"":""SUNDAE CHOCOLATE"",""hargaPerBox"":97000,""isiPerBox"":24,""qtyBox"":1,""total"":97000},{""productId"":""49e0231e-af99-4110-9592-072d18ec59a0"",""nama"":""TARO CRISPY"",""hargaPerBox"":96500,""isiPerBox"":40,""qtyBox"":1,""total"":96500}]","aa57ec3d-1834-4edf-b380-1c6c0863793a"
"a8462560-2ad3-4544-9956-5090773229c4","MBAK IS","K0485","Order dari kunjungan: ","2025-11-16T03:22:27.000Z","577500","[{""productId"":""02942549-9659-4352-804b-5a5665a1302a"",""nama"":""CHOCO MALT"",""hargaPerBox"":80000,""isiPerBox"":50,""qtyBox"":1,""total"":80000},{""productId"":""4b126c6b-3c14-49dd-9ff4-f3dec8bc3662"",""nama"":""CRISPY BALLS COOKIS"",""hargaPerBox"":118500,""isiPerBox"":30,""qtyBox"":1,""total"":118500},{""productId"":""97c8c35f-40d8-49fe-8e66-d051ebafe3fb"",""nama"":""MIKI-MIKI DOUBLE CHOCO"",""hargaPerBox"":93500,""isiPerBox"":60,""qtyBox"":1,""total"":93500},{""productId"":""ce412f53-cbe1-4f99-a97f-994f9d4639fb"",""nama"":""MOCHI VANILLA"",""hargaPerBox"":92500,""isiPerBox"":40,""qtyBox"":1,""total"":92500},{""productId"":""e24cbe96-3587-437f-9a4a-36041590c16a"",""nama"":""SUNDAE STRAWBERRY"",""hargaPerBox"":97000,""isiPerBox"":24,""qtyBox"":1,""total"":97000},{""productId"":""1441bc6d-2850-4d09-92ef-032b2b3ad3c0"",""nama"":""SWEET CORN"",""hargaPerBox"":96000,""isiPerBox"":40,""qtyBox"":1,""total"":96000}]","32be8f3b-f4b5-4d0d-b2b2-c5294f99c5f6"
"b5d38fb0-a0c8-4c28-b7f2-65c9df303862","SD 3 BUNGU","K1787","","2025-10-20T04:27:38.000Z","364000","[{""productId"":""02942549-9659-4352-804b-5a5665a1302a"",""nama"":""CHOCO MALT"",""hargaPerBox"":80000,""isiPerBox"":50,""qtyBox"":1,""total"":80000},{""productId"":""19153282-2d60-4826-932a-c7c9a0a958b7"",""nama"":""COFFE CRISPY"",""hargaPerBox"":110000,""isiPerBox"":40,""qtyBox"":1,""total"":110000},{""productId"":""f9135088-2cf1-45ae-94b7-2dd4d6c54632"",""nama"":""SEMANGKA"",""hargaPerBox"":77500,""isiPerBox"":50,""qtyBox"":1,""total"":77500},{""productId"":""49e0231e-af99-4110-9592-072d18ec59a0"",""nama"":""TARO CRISPY"",""hargaPerBox"":96500,""isiPerBox"":40,""qtyBox"":1,""total"":96500}]","728eafd7-8e1f-4a48-8a15-b328b620c891"
"c8674610-9d57-4ee8-adb7-2f2fa51ba073","TOKO RIZKY OS","K1502","","2025-10-27T08:51:49.000Z","653700","[{""productId"":""02942549-9659-4352-804b-5a5665a1302a"",""nama"":""CHOCO MALT"",""hargaPerBox"":80000,""isiPerBox"":50,""qtyBox"":1,""total"":80000},{""productId"":""adf3703f-33c4-4b26-b6eb-7e5731dbdb67"",""nama"":""MIKI-MIKI"",""hargaPerBox"":93500,""isiPerBox"":60,""qtyBox"":1,""total"":93500},{""productId"":""c64f588e-f38a-463e-be49-d005ce119adc"",""nama"":""MOCHI MANGO"",""hargaPerBox"":94500,""isiPerBox"":40,""qtyBox"":1,""total"":94500},{""productId"":""9aeec589-46a9-469d-80da-7d4b3b1a741b"",""nama"":""NANAS"",""hargaPerBox"":77500,""isiPerBox"":50,""qtyBox"":1,""total"":77500},{""productId"":""55cb8d5e-5852-4e6c-ae02-1a6a02f7ea29"",""nama"":""SUNDAE CHOCOLATE"",""hargaPerBox"":97000,""isiPerBox"":24,""qtyBox"":1,""total"":97000},{""productId"":""1441bc6d-2850-4d09-92ef-032b2b3ad3c0"",""nama"":""SWEET CORN"",""hargaPerBox"":96000,""isiPerBox"":40,""qtyBox"":1,""total"":96000},{""productId"":""39defa48-f6f5-4088-8127-a832bf021ac8"",""nama"":""VANILLA BERRY CONE"",""hargaPerBox"":115200,""isiPerBox"":48,""qtyBox"":1,""total"":115200}]","542ef16b-5446-47be-8e57-c9e69fa273bb"
"c3d5fd74-b777-410a-8463-833c6a80fa6f","Toko Koss Mart","K2014","Order dari kunjungan: ","2025-10-30T05:04:39.429Z","721700","[{""productId"":""02942549-9659-4352-804b-5a5665a1302a"",""nama"":""CHOCO MALT"",""hargaPerBox"":80000,""isiPerBox"":50,""qtyBox"":1,""total"":80000},{""productId"":""97bfb86b-50f3-4725-8ebc-a930107e1f3f"",""nama"":""CHOCOLATE CRISPY"",""hargaPerBox"":117000,""isiPerBox"":30,""qtyBox"":1,""total"":117000},{""productId"":""091c691a-b5a5-41d4-9a77-d70b2fb32811"",""nama"":""CHOCOMELT CONE"",""hargaPerBox"":97500,""isiPerBox"":24,""qtyBox"":1,""total"":97500},{""productId"":""421a7ad7-a36a-4882-b7fc-18004318e776"",""nama"":""CRISPY BALLS ORIGINAL"",""hargaPerBox"":118500,""isiPerBox"":30,""qtyBox"":1,""total"":118500},{""productId"":""55cb8d5e-5852-4e6c-ae02-1a6a02f7ea29"",""nama"":""SUNDAE CHOCOLATE"",""hargaPerBox"":97000,""isiPerBox"":24,""qtyBox"":1,""total"":97000},{""productId"":""49e0231e-af99-4110-9592-072d18ec59a0"",""nama"":""TARO CRISPY"",""hargaPerBox"":96500,""isiPerBox"":40,""qtyBox"":1,""total"":96500},{""productId"":""39defa48-f6f5-4088-8127-a832bf021ac8"",""nama"":""VANILLA BERRY CONE"",""hargaPerBox"":115200,""isiPerBox"":48,""qtyBox"":1,""total"":115200}]","9c4b959c-1f67-4768-8fdb-ea9435a82511"
"ffa0c4ae-3554-41eb-ad5b-29823634e4a5","NOR AMIN MAHMUD","K1987","Order dari kunjungan:","2025-10-21T05:21:36.893Z","457500","[{""productId"":""adf3703f-33c4-4b26-b6eb-7e5731dbdb67"",""nama"":""MIKI-MIKI"",""hargaPerBox"":93500,""isiPerBox"":60,""qtyBox"":1,""total"":93500},{""productId"":""97c8c35f-40d8-49fe-8e66-d051ebafe3fb"",""nama"":""MIKI-MIKI DOUBLE CHOCO"",""hargaPerBox"":93500,""isiPerBox"":60,""qtyBox"":1,""total"":93500},{""productId"":""f9135088-2cf1-45ae-94b7-2dd4d6c54632"",""nama"":""SEMANGKA"",""hargaPerBox"":77500,""isiPerBox"":50,""qtyBox"":1,""total"":77500},{""productId"":""55cb8d5e-5852-4e6c-ae02-1a6a02f7ea29"",""nama"":""SUNDAE CHOCOLATE"",""hargaPerBox"":97000,""isiPerBox"":24,""qtyBox"":1,""total"":97000},{""productId"":""1441bc6d-2850-4d09-92ef-032b2b3ad3c0"",""nama"":""SWEET CORN"",""hargaPerBox"":96000,""isiPerBox"":40,""qtyBox"":1,""total"":96000}]","7387bb40-f130-48aa-bb60-66145f215cf7"
"f33633d7-0b22-480a-9ab0-e1dac6fcedff","MARYATI","K0378","Order dari kunjungan:","2025-10-14T06:31:04.665Z","586300","[{""productId"":""02942549-9659-4352-804b-5a5665a1302a"",""nama"":""CHOCO MALT"",""hargaPerBox"":80000,""isiPerBox"":50,""qtyBox"":1,""total"":80000},{""productId"":""978f2fba-a58a-4ead-b548-8fb64417b093"",""nama"":""CHOCOLATE STICK"",""hargaPerBox"":97000,""isiPerBox"":50,""qtyBox"":1,""total"":97000},{""productId"":""23736cae-26f2-4bb6-bfa5-1e9819418946"",""nama"":""FRUITY ROLL"",""hargaPerBox"":124800,""isiPerBox"":40,""qtyBox"":1,""total"":124800},{""productId"":""adf3703f-33c4-4b26-b6eb-7e5731dbdb67"",""nama"":""MIKI-MIKI"",""hargaPerBox"":93500,""isiPerBox"":60,""qtyBox"":1,""total"":93500},{""productId"":""8b377101-fe06-48f8-84f8-62c3ff2d94f4"",""nama"":""MILK MELON"",""hargaPerBox"":95000,""isiPerBox"":40,""qtyBox"":1,""total"":95000},{""productId"":""1441bc6d-2850-4d09-92ef-032b2b3ad3c0"",""nama"":""SWEET CORN"",""hargaPerBox"":96000,""isiPerBox"":40,""qtyBox"":1,""total"":96000}]","f9737c86-1acf-40da-a962-f432f4106976"
"4c4cb1e2-7e9f-45b2-97e8-4f1de565ca6e","SD IT AL HUSNA PELEMKEREP","K1656","Order dari kunjungan: ","2025-11-08T03:01:22.421Z","535700","[{""productId"":""4b126c6b-3c14-49dd-9ff4-f3dec8bc3662"",""nama"":""CRISPY BALLS COOKIS"",""hargaPerBox"":118500,""isiPerBox"":40,""qtyBox"":1,""total"":118500},{""productId"":""813ea956-40e3-4408-bee3-acdb66980318"",""nama"":""FRUIZY BLUEBERRY YOGURT"",""hargaPerBox"":96000,""isiPerBox"":40,""qtyBox"":1,""total"":96000},{""productId"":""b54e5a8a-a7b0-4f58-854e-151b9ac7b147"",""nama"":""STRAWBERRY CRISPY"",""hargaPerBox"":110000,""isiPerBox"":40,""qtyBox"":1,""total"":110000},{""productId"":""1441bc6d-2850-4d09-92ef-032b2b3ad3c0"",""nama"":""SWEET CORN"",""hargaPerBox"":96000,""isiPerBox"":40,""qtyBox"":1,""total"":96000},{""productId"":""39defa48-f6f5-4088-8127-a832bf021ac8"",""nama"":""VANILLA BERRY CONE"",""hargaPerBox"":115200,""isiPerBox"":48,""qtyBox"":1,""total"":115200}]","3c7afe0f-c3d6-41ca-87c7-4d3905ba2ab9"
"ffa0c4ae-3554-41eb-ad5b-29823634e4a5","NOR AMIN MAHMUD","K1987","","2025-09-30T17:00:00.000Z","499500","[{""productId"":""4b126c6b-3c14-49dd-9ff4-f3dec8bc3662"",""nama"":""CRISPY BALLS COOKIS"",""hargaPerBox"":118500,""isiPerBox"":40,""qtyBox"":1,""total"":118500},{""productId"":""adf3703f-33c4-4b26-b6eb-7e5731dbdb67"",""nama"":""MIKI-MIKI"",""hargaPerBox"":93500,""isiPerBox"":60,""qtyBox"":1,""total"":93500},{""productId"":""f471b533-b60a-432d-8715-8d6951b581ad"",""nama"":""MOCHI KLEPON"",""hargaPerBox"":94500,""isiPerBox"":40,""qtyBox"":1,""total"":94500},{""productId"":""55cb8d5e-5852-4e6c-ae02-1a6a02f7ea29"",""nama"":""SUNDAE CHOCOLATE"",""hargaPerBox"":97000,""isiPerBox"":24,""qtyBox"":1,""total"":97000},{""productId"":""1441bc6d-2850-4d09-92ef-032b2b3ad3c0"",""nama"":""SWEET CORN"",""hargaPerBox"":96000,""isiPerBox"":40,""qtyBox"":1,""total"":96000}]","e4987563-2cab-455f-8f25-0565f73f8073"
"ed99e387-6f40-41f7-9f96-0fedaa963ad2","ENDANG SRI WAHYUNI","K1367","Order dari kunjungan: ","2025-11-13T08:58:02.329Z","479500","[{""productId"":""978f2fba-a58a-4ead-b548-8fb64417b093"",""nama"":""CHOCOLATE STICK (BINGO)"",""hargaPerBox"":97000,""isiPerBox"":50,""qtyBox"":1,""total"":97000},{""productId"":""813ea956-40e3-4408-bee3-acdb66980318"",""nama"":""FRUIZY BLUEBERRY YOGURT"",""hargaPerBox"":96000,""isiPerBox"":40,""qtyBox"":1,""total"":96000},{""productId"":""adf3703f-33c4-4b26-b6eb-7e5731dbdb67"",""nama"":""MIKI-MIKI"",""hargaPerBox"":93500,""isiPerBox"":60,""qtyBox"":1,""total"":93500},{""productId"":""e24cbe96-3587-437f-9a4a-36041590c16a"",""nama"":""SUNDAE STRAWBERRY"",""hargaPerBox"":97000,""isiPerBox"":24,""qtyBox"":1,""total"":97000},{""productId"":""1441bc6d-2850-4d09-92ef-032b2b3ad3c0"",""nama"":""SWEET CORN"",""hargaPerBox"":96000,""isiPerBox"":40,""qtyBox"":1,""total"":96000}]","07837005-4003-4c65-8328-c0e2deb3463c"
"f5170c6c-2fd8-4a00-90af-f85325da4666","WARUNG MADURA AL-AMIN 2","K1649","Order dari kunjungan: ","2025-10-10T03:11:32.253Z","463500","[{""productId"":""813ea956-40e3-4408-bee3-acdb66980318"",""nama"":""FRUIZY BLUEBERRY YOGURT"",""hargaPerBox"":96000,""isiPerBox"":40,""qtyBox"":1,""total"":96000},{""productId"":""9aeec589-46a9-469d-80da-7d4b3b1a741b"",""nama"":""NANAS"",""hargaPerBox"":77500,""isiPerBox"":50,""qtyBox"":1,""total"":77500},{""productId"":""55cb8d5e-5852-4e6c-ae02-1a6a02f7ea29"",""nama"":""SUNDAE CHOCOLATE"",""hargaPerBox"":97000,""isiPerBox"":24,""qtyBox"":1,""total"":97000},{""productId"":""e24cbe96-3587-437f-9a4a-36041590c16a"",""nama"":""SUNDAE STRAWBERRY"",""hargaPerBox"":97000,""isiPerBox"":24,""qtyBox"":1,""total"":97000},{""productId"":""1441bc6d-2850-4d09-92ef-032b2b3ad3c0"",""nama"":""SWEET CORN"",""hargaPerBox"":96000,""isiPerBox"":40,""qtyBox"":1,""total"":96000}]","66d1aee0-65d0-4a28-a510-68d54bd8d2fe"
"e1c8d2c7-8b0d-4895-b0f1-a995d145c4ab","ILMA JAYA","K1118","Order dari kunjungan: ","2025-10-07T03:58:08.243Z","526800","[{""productId"":""97bfb86b-50f3-4725-8ebc-a930107e1f3f"",""nama"":""CHOCOLATE CRISPY"",""hargaPerBox"":117000,""isiPerBox"":30,""qtyBox"":1,""total"":117000},{""productId"":""19153282-2d60-4826-932a-c7c9a0a958b7"",""nama"":""COFFE CRISPY"",""hargaPerBox"":110000,""isiPerBox"":40,""qtyBox"":1,""total"":110000},{""productId"":""23736cae-26f2-4bb6-bfa5-1e9819418946"",""nama"":""FRUITY ROLL"",""hargaPerBox"":124800,""isiPerBox"":40,""qtyBox"":1,""total"":124800},{""productId"":""0e3a07fb-d3a0-48fc-8209-d3d3649b292f"",""nama"":""JERUK"",""hargaPerBox"":78000,""isiPerBox"":50,""qtyBox"":1,""total"":78000},{""productId"":""55cb8d5e-5852-4e6c-ae02-1a6a02f7ea29"",""nama"":""SUNDAE CHOCOLATE"",""hargaPerBox"":97000,""isiPerBox"":24,""qtyBox"":1,""total"":97000}]","b431341a-e391-45d0-bb91-15bfff7d3847"
"4e30038c-8dae-43aa-99c9-ed8e324c2bdf","NUR YONO","K1982","Order dari kunjungan:","2025-10-18T04:41:15.169Z","576000","[{""productId"":""ff94f02b-8423-412b-84a7-90a4cdf95acd"",""nama"":""2 COLOR"",""hargaPerBox"":92000,""isiPerBox"":40,""qtyBox"":1,""total"":92000},{""productId"":""978f2fba-a58a-4ead-b548-8fb64417b093"",""nama"":""CHOCOLATE STICK"",""hargaPerBox"":97000,""isiPerBox"":50,""qtyBox"":1,""total"":97000},{""productId"":""421a7ad7-a36a-4882-b7fc-18004318e776"",""nama"":""CRISPY BALLS ORIGINAL"",""hargaPerBox"":118500,""isiPerBox"":30,""qtyBox"":1,""total"":118500},{""productId"":""0e3a07fb-d3a0-48fc-8209-d3d3649b292f"",""nama"":""JERUK"",""hargaPerBox"":78000,""isiPerBox"":50,""qtyBox"":1,""total"":78000},{""productId"":""97c8c35f-40d8-49fe-8e66-d051ebafe3fb"",""nama"":""MIKI-MIKI DOUBLE CHOCO"",""hargaPerBox"":93500,""isiPerBox"":60,""qtyBox"":1,""total"":93500},{""productId"":""55cb8d5e-5852-4e6c-ae02-1a6a02f7ea29"",""nama"":""SUNDAE CHOCOLATE"",""hargaPerBox"":97000,""isiPerBox"":24,""qtyBox"":1,""total"":97000}]","6449c1ad-ca40-4da0-ba3f-176695c216d2"
"3ff0830c-2f2f-45e4-9566-8fe33eb7c93f","SUKATI","K0467","","2025-11-14T04:07:50.766Z","552500","[{""productId"":""97bfb86b-50f3-4725-8ebc-a930107e1f3f"",""nama"":""CHOCOLATE CRISPY"",""hargaPerBox"":117000,""isiPerBox"":30,""qtyBox"":1,""total"":117000},{""productId"":""19153282-2d60-4826-932a-c7c9a0a958b7"",""nama"":""COFFE CRISPY"",""hargaPerBox"":110000,""isiPerBox"":40,""qtyBox"":1,""total"":110000},{""productId"":""421a7ad7-a36a-4882-b7fc-18004318e776"",""nama"":""CRISPY BALLS ORIGINAL"",""hargaPerBox"":118500,""isiPerBox"":30,""qtyBox"":1,""total"":118500},{""productId"":""b54e5a8a-a7b0-4f58-854e-151b9ac7b147"",""nama"":""STRAWBERRY CRISPY"",""hargaPerBox"":110000,""isiPerBox"":40,""qtyBox"":1,""total"":110000},{""productId"":""55cb8d5e-5852-4e6c-ae02-1a6a02f7ea29"",""nama"":""SUNDAE CHOCOLATE"",""hargaPerBox"":97000,""isiPerBox"":24,""qtyBox"":1,""total"":97000}]","1164e265-57d5-4c51-a506-faa6dfe49335"
"a0ad1bcb-101a-4c18-b744-f91787682c64","MJ CELL","K0441","Order dari kunjungan:","2025-11-01T07:39:02.000Z","631700","[{""productId"":""97bfb86b-50f3-4725-8ebc-a930107e1f3f"",""nama"":""CHOCOLATE CRISPY"",""hargaPerBox"":117000,""isiPerBox"":30,""qtyBox"":1,""total"":117000},{""productId"":""b54e5a8a-a7b0-4f58-854e-151b9ac7b147"",""nama"":""STRAWBERRY CRISPY"",""hargaPerBox"":110000,""isiPerBox"":40,""qtyBox"":1,""total"":110000},{""productId"":""55cb8d5e-5852-4e6c-ae02-1a6a02f7ea29"",""nama"":""SUNDAE CHOCOLATE"",""hargaPerBox"":97000,""isiPerBox"":24,""qtyBox"":1,""total"":97000},{""productId"":""1441bc6d-2850-4d09-92ef-032b2b3ad3c0"",""nama"":""SWEET CORN"",""hargaPerBox"":96000,""isiPerBox"":40,""qtyBox"":1,""total"":96000},{""productId"":""49e0231e-af99-4110-9592-072d18ec59a0"",""nama"":""TARO CRISPY"",""hargaPerBox"":96500,""isiPerBox"":40,""qtyBox"":1,""total"":96500},{""productId"":""39defa48-f6f5-4088-8127-a832bf021ac8"",""nama"":""VANILLA BERRY CONE"",""hargaPerBox"":115200,""isiPerBox"":48,""qtyBox"":1,""total"":115200}]","06804d5c-d165-47c9-aca0-6f77fe7522cb"
"db68a5d9-ae22-4a70-ab8b-255b514f95ec","MUNTATIAH","K1366","Order dari kunjungan: ","2025-10-22T04:02:21.312Z","747500","[{""productId"":""978f2fba-a58a-4ead-b548-8fb64417b093"",""nama"":""CHOCOLATE STICK"",""hargaPerBox"":97000,""isiPerBox"":50,""qtyBox"":1,""total"":97000},{""productId"":""19153282-2d60-4826-932a-c7c9a0a958b7"",""nama"":""COFFE CRISPY"",""hargaPerBox"":110000,""isiPerBox"":40,""qtyBox"":1,""total"":110000},{""productId"":""344b79cf-a037-4561-ba42-50626465dc90"",""nama"":""FRUIZY GRAPE"",""hargaPerBox"":80000,""isiPerBox"":50,""qtyBox"":1,""total"":80000},{""productId"":""0e3a07fb-d3a0-48fc-8209-d3d3649b292f"",""nama"":""JERUK"",""hargaPerBox"":78000,""isiPerBox"":50,""qtyBox"":1,""total"":78000},{""productId"":""1b10562d-5172-4528-a5fc-1f5c68630147"",""nama"":""MOCHI PEACH"",""hargaPerBox"":92500,""isiPerBox"":40,""qtyBox"":1,""total"":92500},{""productId"":""55cb8d5e-5852-4e6c-ae02-1a6a02f7ea29"",""nama"":""SUNDAE CHOCOLATE"",""hargaPerBox"":97000,""isiPerBox"":24,""qtyBox"":1,""total"":97000},{""productId"":""e24cbe96-3587-437f-9a4a-36041590c16a"",""nama"":""SUNDAE STRAWBERRY"",""hargaPerBox"":97000,""isiPerBox"":24,""qtyBox"":1,""total"":97000},{""productId"":""1441bc6d-2850-4d09-92ef-032b2b3ad3c0"",""nama"":""SWEET CORN"",""hargaPerBox"":96000,""isiPerBox"":40,""qtyBox"":1,""total"":96000}]","05454df2-39c0-4578-b37a-9daba9832cf0"
"4e30038c-8dae-43aa-99c9-ed8e324c2bdf","NUR YONO","K1982","Order dari kunjungan:","2025-11-09T04:46:05.000Z","540000","[{""productId"":""97bfb86b-50f3-4725-8ebc-a930107e1f3f"",""nama"":""CHOCOLATE CRISPY"",""hargaPerBox"":117000,""isiPerBox"":30,""qtyBox"":1,""total"":117000},{""productId"":""4b126c6b-3c14-49dd-9ff4-f3dec8bc3662"",""nama"":""CRISPY BALLS COOKIS"",""hargaPerBox"":118500,""isiPerBox"":40,""qtyBox"":1,""total"":118500},{""productId"":""cd48792b-8ef3-4cba-be2d-3283481e7c59"",""nama"":""STRAWBERRY CONE"",""hargaPerBox"":97500,""isiPerBox"":24,""qtyBox"":1,""total"":97500},{""productId"":""b54e5a8a-a7b0-4f58-854e-151b9ac7b147"",""nama"":""STRAWBERRY CRISPY"",""hargaPerBox"":110000,""isiPerBox"":40,""qtyBox"":1,""total"":110000},{""productId"":""e24cbe96-3587-437f-9a4a-36041590c16a"",""nama"":""SUNDAE STRAWBERRY"",""hargaPerBox"":97000,""isiPerBox"":24,""qtyBox"":1,""total"":97000}]","ccd7d174-a906-4025-925f-3af8160f872d"
"82f35ef8-d7a6-49d1-8bb1-605548a65ffa","KANTOR PWI","K1877","","2025-10-06T02:10:25.404Z","1133000","[{""productId"":""97bfb86b-50f3-4725-8ebc-a930107e1f3f"",""nama"":""CHOCOLATE CRISPY"",""hargaPerBox"":117000,""isiPerBox"":30,""qtyBox"":1,""total"":117000},{""productId"":""091c691a-b5a5-41d4-9a77-d70b2fb32811"",""nama"":""CHOCOMELT CONE"",""hargaPerBox"":97500,""isiPerBox"":24,""qtyBox"":1,""total"":97500},{""productId"":""0e3a07fb-d3a0-48fc-8209-d3d3649b292f"",""nama"":""JERUK"",""hargaPerBox"":78000,""isiPerBox"":50,""qtyBox"":1,""total"":78000},{""productId"":""8b377101-fe06-48f8-84f8-62c3ff2d94f4"",""nama"":""MILK MELON"",""hargaPerBox"":95000,""isiPerBox"":40,""qtyBox"":1,""total"":95000},{""productId"":""f471b533-b60a-432d-8715-8d6951b581ad"",""nama"":""MOCHI KLEPON"",""hargaPerBox"":94500,""isiPerBox"":40,""qtyBox"":1,""total"":94500},{""productId"":""c64f588e-f38a-463e-be49-d005ce119adc"",""nama"":""MOCHI MANGO"",""hargaPerBox"":94500,""isiPerBox"":40,""qtyBox"":1,""total"":94500},{""productId"":""9aeec589-46a9-469d-80da-7d4b3b1a741b"",""nama"":""NANAS"",""hargaPerBox"":77500,""isiPerBox"":50,""qtyBox"":1,""total"":77500},{""productId"":""f9135088-2cf1-45ae-94b7-2dd4d6c54632"",""nama"":""SEMANGKA"",""hargaPerBox"":77500,""isiPerBox"":50,""qtyBox"":1,""total"":77500},{""productId"":""cd48792b-8ef3-4cba-be2d-3283481e7c59"",""nama"":""STRAWBERRY CONE"",""hargaPerBox"":97500,""isiPerBox"":24,""qtyBox"":1,""total"":97500},{""productId"":""b54e5a8a-a7b0-4f58-854e-151b9ac7b147"",""nama"":""STRAWBERRY CRISPY"",""hargaPerBox"":110000,""isiPerBox"":40,""qtyBox"":1,""total"":110000},{""productId"":""55cb8d5e-5852-4e6c-ae02-1a6a02f7ea29"",""nama"":""SUNDAE CHOCOLATE"",""hargaPerBox"":97000,""isiPerBox"":24,""qtyBox"":1,""total"":97000},{""productId"":""e24cbe96-3587-437f-9a4a-36041590c16a"",""nama"":""SUNDAE STRAWBERRY"",""hargaPerBox"":97000,""isiPerBox"":24,""qtyBox"":1,""total"":97000}]","837d483f-c3e0-478c-acab-30aebd5ff7eb"
"ee44c035-af97-46c2-93cd-934252ce01a9","MUNAWAROH","K1121","Order dari kunjungan:","2025-10-27T06:34:37.000Z","584200","[{""productId"":""ff94f02b-8423-412b-84a7-90a4cdf95acd"",""nama"":""2 COLOR"",""hargaPerBox"":92000,""isiPerBox"":40,""qtyBox"":1,""total"":92000},{""productId"":""267ea0f8-db2a-4831-8eeb-35cbaae04604"",""nama"":""MANGO SLUSH"",""hargaPerBox"":90500,""isiPerBox"":30,""qtyBox"":1,""total"":90500},{""productId"":""adf3703f-33c4-4b26-b6eb-7e5731dbdb67"",""nama"":""MIKI-MIKI"",""hargaPerBox"":93500,""isiPerBox"":60,""qtyBox"":1,""total"":93500},{""productId"":""55cb8d5e-5852-4e6c-ae02-1a6a02f7ea29"",""nama"":""SUNDAE CHOCOLATE"",""hargaPerBox"":97000,""isiPerBox"":24,""qtyBox"":1,""total"":97000},{""productId"":""1441bc6d-2850-4d09-92ef-032b2b3ad3c0"",""nama"":""SWEET CORN"",""hargaPerBox"":96000,""isiPerBox"":40,""qtyBox"":1,""total"":96000},{""productId"":""39defa48-f6f5-4088-8127-a832bf021ac8"",""nama"":""VANILLA BERRY CONE"",""hargaPerBox"":115200,""isiPerBox"":48,""qtyBox"":1,""total"":115200}]","26ea64be-a1dd-4929-a3ac-53671f6cf593"
"a93d19f4-87ce-4bab-bf80-90060d03f4fb","TOKO BINTANI MART","K1409","","2025-10-11T08:52:03.880Z","549800","[{""productId"":""23736cae-26f2-4bb6-bfa5-1e9819418946"",""nama"":""FRUITY ROLL"",""hargaPerBox"":124800,""isiPerBox"":40,""qtyBox"":1,""total"":124800},{""productId"":""813ea956-40e3-4408-bee3-acdb66980318"",""nama"":""FRUIZY BLUEBERRY YOGURT"",""hargaPerBox"":96000,""isiPerBox"":40,""qtyBox"":1,""total"":96000},{""productId"":""0e3a07fb-d3a0-48fc-8209-d3d3649b292f"",""nama"":""JERUK"",""hargaPerBox"":78000,""isiPerBox"":50,""qtyBox"":1,""total"":78000},{""productId"":""9aeec589-46a9-469d-80da-7d4b3b1a741b"",""nama"":""NANAS"",""hargaPerBox"":77500,""isiPerBox"":50,""qtyBox"":1,""total"":77500},{""productId"":""f9135088-2cf1-45ae-94b7-2dd4d6c54632"",""nama"":""SEMANGKA"",""hargaPerBox"":77500,""isiPerBox"":50,""qtyBox"":1,""total"":77500},{""productId"":""1441bc6d-2850-4d09-92ef-032b2b3ad3c0"",""nama"":""SWEET CORN"",""hargaPerBox"":96000,""isiPerBox"":40,""qtyBox"":1,""total"":96000}]","70d989da-6df3-48f2-9761-07a64135724a"
"9fbb5943-573d-446d-8745-49cd2cb235fc","AISYA","K1128","Order dari kunjungan: ","2025-10-27T06:05:33.759Z","460700","[{""productId"":""ff94f02b-8423-412b-84a7-90a4cdf95acd"",""nama"":""2 COLOR"",""hargaPerBox"":92000,""isiPerBox"":40,""qtyBox"":1,""total"":92000},{""productId"":""02942549-9659-4352-804b-5a5665a1302a"",""nama"":""CHOCO MALT"",""hargaPerBox"":80000,""isiPerBox"":50,""qtyBox"":1,""total"":80000},{""productId"":""344b79cf-a037-4561-ba42-50626465dc90"",""nama"":""FRUIZY GRAPE"",""hargaPerBox"":80000,""isiPerBox"":50,""qtyBox"":1,""total"":80000},{""productId"":""adf3703f-33c4-4b26-b6eb-7e5731dbdb67"",""nama"":""MIKI-MIKI"",""hargaPerBox"":93500,""isiPerBox"":60,""qtyBox"":1,""total"":93500},{""productId"":""39defa48-f6f5-4088-8127-a832bf021ac8"",""nama"":""VANILLA BERRY CONE"",""hargaPerBox"":115200,""isiPerBox"":48,""qtyBox"":1,""total"":115200}]","f94ba3c3-c5a7-4ff1-ae92-0b3ea801fe9c"
"83528420-dead-43fa-9297-c45b89e82dd9","DEWI","K0502","","2025-10-23T17:00:00.000Z","531800","[{""productId"":""421a7ad7-a36a-4882-b7fc-18004318e776"",""nama"":""CRISPY BALLS ORIGINAL"",""hargaPerBox"":118500,""isiPerBox"":30,""qtyBox"":1,""total"":118500},{""productId"":""23736cae-26f2-4bb6-bfa5-1e9819418946"",""nama"":""FRUITY ROLL"",""hargaPerBox"":124800,""isiPerBox"":40,""qtyBox"":1,""total"":124800},{""productId"":""c64f588e-f38a-463e-be49-d005ce119adc"",""nama"":""MOCHI MANGO"",""hargaPerBox"":94500,""isiPerBox"":40,""qtyBox"":1,""total"":94500},{""productId"":""55cb8d5e-5852-4e6c-ae02-1a6a02f7ea29"",""nama"":""SUNDAE CHOCOLATE"",""hargaPerBox"":97000,""isiPerBox"":24,""qtyBox"":1,""total"":97000},{""productId"":""e24cbe96-3587-437f-9a4a-36041590c16a"",""nama"":""SUNDAE STRAWBERRY"",""hargaPerBox"":97000,""isiPerBox"":24,""qtyBox"":1,""total"":97000}]","97314ba3-c7fb-4194-b411-cf5e2dce5bf6"
"1b2f93c6-34d6-48b6-bea9-0ad62463a02b","TOKO SAUDARA","K1916","","2025-10-22T02:04:18.262Z","489000","[{""productId"":""091c691a-b5a5-41d4-9a77-d70b2fb32811"",""nama"":""CHOCOMELT CONE"",""hargaPerBox"":97500,""isiPerBox"":24,""qtyBox"":1,""total"":97500},{""productId"":""4b126c6b-3c14-49dd-9ff4-f3dec8bc3662"",""nama"":""CRISPY BALLS COOKIS"",""hargaPerBox"":118500,""isiPerBox"":40,""qtyBox"":1,""total"":118500},{""productId"":""344b79cf-a037-4561-ba42-50626465dc90"",""nama"":""FRUIZY GRAPE"",""hargaPerBox"":80000,""isiPerBox"":50,""qtyBox"":1,""total"":80000},{""productId"":""e24cbe96-3587-437f-9a4a-36041590c16a"",""nama"":""SUNDAE STRAWBERRY"",""hargaPerBox"":97000,""isiPerBox"":24,""qtyBox"":1,""total"":97000},{""productId"":""1441bc6d-2850-4d09-92ef-032b2b3ad3c0"",""nama"":""SWEET CORN"",""hargaPerBox"":96000,""isiPerBox"":40,""qtyBox"":1,""total"":96000}]","c101d766-a288-423b-b6ee-51c396b652f7"
"a7c7182a-009a-4ea1-ae84-f5392b6e438d","TOKO PAK MUL","K1323","Order dari kunjungan: ","2025-10-27T04:36:39.817Z","486500","[{""productId"":""091c691a-b5a5-41d4-9a77-d70b2fb32811"",""nama"":""CHOCOMELT CONE"",""hargaPerBox"":97500,""isiPerBox"":24,""qtyBox"":1,""total"":97500},{""productId"":""4b126c6b-3c14-49dd-9ff4-f3dec8bc3662"",""nama"":""CRISPY BALLS COOKIS"",""hargaPerBox"":118500,""isiPerBox"":40,""qtyBox"":1,""total"":118500},{""productId"":""f9135088-2cf1-45ae-94b7-2dd4d6c54632"",""nama"":""SEMANGKA"",""hargaPerBox"":77500,""isiPerBox"":50,""qtyBox"":1,""total"":77500},{""productId"":""55cb8d5e-5852-4e6c-ae02-1a6a02f7ea29"",""nama"":""SUNDAE CHOCOLATE"",""hargaPerBox"":97000,""isiPerBox"":24,""qtyBox"":1,""total"":97000},{""productId"":""1441bc6d-2850-4d09-92ef-032b2b3ad3c0"",""nama"":""SWEET CORN"",""hargaPerBox"":96000,""isiPerBox"":40,""qtyBox"":1,""total"":96000}]","386556c2-c3db-4bbd-b9a3-b56bcbe6a438"
"bfbe22f8-8a11-45bf-9464-2476ef03e90c","AL-FALAH","K0375","Order dari kunjungan: ","2025-11-12T03:34:49.673Z","580500","[{""productId"":""02942549-9659-4352-804b-5a5665a1302a"",""nama"":""CHOCO MALT"",""hargaPerBox"":80000,""isiPerBox"":50,""qtyBox"":1,""total"":80000},{""productId"":""978f2fba-a58a-4ead-b548-8fb64417b093"",""nama"":""CHOCOLATE STICK (BINGO)"",""hargaPerBox"":97000,""isiPerBox"":50,""qtyBox"":1,""total"":97000},{""productId"":""421a7ad7-a36a-4882-b7fc-18004318e776"",""nama"":""CRISPY BALLS ORIGINAL"",""hargaPerBox"":118500,""isiPerBox"":30,""qtyBox"":1,""total"":118500},{""productId"":""ce412f53-cbe1-4f99-a97f-994f9d4639fb"",""nama"":""MOCHI VANILLA"",""hargaPerBox"":92500,""isiPerBox"":40,""qtyBox"":1,""total"":92500},{""productId"":""1441bc6d-2850-4d09-92ef-032b2b3ad3c0"",""nama"":""SWEET CORN"",""hargaPerBox"":96000,""isiPerBox"":40,""qtyBox"":1,""total"":96000},{""productId"":""49e0231e-af99-4110-9592-072d18ec59a0"",""nama"":""TARO CRISPY"",""hargaPerBox"":96500,""isiPerBox"":40,""qtyBox"":1,""total"":96500}]","17bdee1f-2e42-4aec-84dc-d5ddf8d6f656"
"a0c38ab0-a753-4852-9152-8919a3a021e1","TOKO WAHYUDI","K1586","","2025-10-01T05:36:09.319Z","527500","[{""qtyBox"":1,""isiPerBox"":24,""nama"":""CHOCOMELT CONE"",""productId"":""091c691a-b5a5-41d4-9a77-d70b2fb32811"",""hargaPerBox"":97500,""total"":97500},{""qtyBox"":1,""hargaPerBox"":118500,""total"":118500,""productId"":""4b126c6b-3c14-49dd-9ff4-f3dec8bc3662"",""isiPerBox"":40,""nama"":""CRISPY BALLS COOKIS""},{""qtyBox"":1,""hargaPerBox"":118500,""nama"":""CRISPY BALLS ORIGINAL"",""isiPerBox"":30,""productId"":""421a7ad7-a36a-4882-b7fc-18004318e776"",""total"":118500},{""total"":97000,""hargaPerBox"":97000,""isiPerBox"":40,""nama"":""FRUITY ROLL"",""qtyBox"":1,""productId"":""23736cae-26f2-4bb6-bfa5-1e9819418946""},{""nama"":""SWEET CORN"",""isiPerBox"":40,""qtyBox"":1,""hargaPerBox"":96000,""productId"":""1441bc6d-2850-4d09-92ef-032b2b3ad3c0"",""total"":96000}]","d06954b9-c08e-48dd-a099-8ee3fc6aa6fe"
"a93d19f4-87ce-4bab-bf80-90060d03f4fb","TOKO BINTANI MART","K1409","","2025-11-06T10:37:10.079Z","696700","[{""productId"":""97bfb86b-50f3-4725-8ebc-a930107e1f3f"",""nama"":""CHOCOLATE CRISPY"",""hargaPerBox"":117000,""isiPerBox"":30,""qtyBox"":1,""total"":117000},{""productId"":""9aeec589-46a9-469d-80da-7d4b3b1a741b"",""nama"":""NANAS"",""hargaPerBox"":77500,""isiPerBox"":50,""qtyBox"":1,""total"":77500},{""productId"":""cd48792b-8ef3-4cba-be2d-3283481e7c59"",""nama"":""STRAWBERRY CONE"",""hargaPerBox"":97500,""isiPerBox"":24,""qtyBox"":1,""total"":97500},{""productId"":""55cb8d5e-5852-4e6c-ae02-1a6a02f7ea29"",""nama"":""SUNDAE CHOCOLATE"",""hargaPerBox"":97000,""isiPerBox"":24,""qtyBox"":1,""total"":97000},{""productId"":""1441bc6d-2850-4d09-92ef-032b2b3ad3c0"",""nama"":""SWEET CORN"",""hargaPerBox"":96000,""isiPerBox"":40,""qtyBox"":1,""total"":96000},{""productId"":""49e0231e-af99-4110-9592-072d18ec59a0"",""nama"":""TARO CRISPY"",""hargaPerBox"":96500,""isiPerBox"":40,""qtyBox"":1,""total"":96500},{""productId"":""39defa48-f6f5-4088-8127-a832bf021ac8"",""nama"":""VANILLA BERRY CONE"",""hargaPerBox"":115200,""isiPerBox"":48,""qtyBox"":1,""total"":115200}]","6fcadfa1-e719-460c-a23c-5e0aeb2ea4fd"
"c3d5fd74-b777-410a-8463-833c6a80fa6f","Toko Koss Mart","K2014","Order dari kunjungan: ","2025-11-14T04:50:44.924Z","602000","[{""productId"":""cd50fc88-32b3-41d6-893e-7253faa8da9b"",""nama"":""3 IN 1"",""hargaPerBox"":192000,""isiPerBox"":27,""qtyBox"":1,""total"":192000},{""productId"":""091c691a-b5a5-41d4-9a77-d70b2fb32811"",""nama"":""CHOCOMELT CONE"",""hargaPerBox"":97500,""isiPerBox"":24,""qtyBox"":1,""total"":97500},{""productId"":""4b126c6b-3c14-49dd-9ff4-f3dec8bc3662"",""nama"":""CRISPY BALLS COOKIS"",""hargaPerBox"":118500,""isiPerBox"":30,""qtyBox"":1,""total"":118500},{""productId"":""55cb8d5e-5852-4e6c-ae02-1a6a02f7ea29"",""nama"":""SUNDAE CHOCOLATE"",""hargaPerBox"":97000,""isiPerBox"":24,""qtyBox"":1,""total"":97000},{""productId"":""e24cbe96-3587-437f-9a4a-36041590c16a"",""nama"":""SUNDAE STRAWBERRY"",""hargaPerBox"":97000,""isiPerBox"":24,""qtyBox"":1,""total"":97000}]","db754435-9687-47a0-adfd-7406f847e247"
"4e30038c-8dae-43aa-99c9-ed8e324c2bdf","NUR YONO","K1982","","2025-10-04T04:42:48.424Z","606500","[{""qtyBox"":1,""total"":117000,""nama"":""CHOCOLATE CRISPY"",""isiPerBox"":30,""productId"":""97bfb86b-50f3-4725-8ebc-a930107e1f3f"",""hargaPerBox"":117000},{""isiPerBox"":40,""nama"":""COFFE CRISPY"",""total"":110000,""productId"":""19153282-2d60-4826-932a-c7c9a0a958b7"",""hargaPerBox"":110000,""qtyBox"":1},{""total"":96000,""productId"":""813ea956-40e3-4408-bee3-acdb66980318"",""isiPerBox"":40,""nama"":""FRUIZY BLUEBERRY YOGURT"",""hargaPerBox"":96000,""qtyBox"":1},{""total"":77500,""qtyBox"":1,""hargaPerBox"":77500,""nama"":""SEMANGKA"",""productId"":""f9135088-2cf1-45ae-94b7-2dd4d6c54632"",""isiPerBox"":50},{""productId"":""b54e5a8a-a7b0-4f58-854e-151b9ac7b147"",""isiPerBox"":40,""hargaPerBox"":110000,""nama"":""STRAWBERRY CRISPY"",""total"":110000,""qtyBox"":1},{""total"":96000,""qtyBox"":1,""isiPerBox"":40,""productId"":""1441bc6d-2850-4d09-92ef-032b2b3ad3c0"",""nama"":""SWEET CORN"",""hargaPerBox"":96000}]","3d69e3db-dd23-475d-906a-cf20c59b2476"
"b157661d-c0af-4658-8937-8d24c55731f9","MUSTAQIM","K1352","Order dari kunjungan: ","2025-10-20T06:59:17.018Z","467000","[{""productId"":""02942549-9659-4352-804b-5a5665a1302a"",""nama"":""CHOCO MALT"",""hargaPerBox"":80000,""isiPerBox"":50,""qtyBox"":1,""total"":80000},{""productId"":""091c691a-b5a5-41d4-9a77-d70b2fb32811"",""nama"":""CHOCOMELT CONE"",""hargaPerBox"":97500,""isiPerBox"":24,""qtyBox"":1,""total"":97500},{""productId"":""55cb8d5e-5852-4e6c-ae02-1a6a02f7ea29"",""nama"":""SUNDAE CHOCOLATE"",""hargaPerBox"":97000,""isiPerBox"":24,""qtyBox"":1,""total"":97000},{""productId"":""1441bc6d-2850-4d09-92ef-032b2b3ad3c0"",""nama"":""SWEET CORN"",""hargaPerBox"":96000,""isiPerBox"":40,""qtyBox"":1,""total"":96000},{""productId"":""49e0231e-af99-4110-9592-072d18ec59a0"",""nama"":""TARO CRISPY"",""hargaPerBox"":96500,""isiPerBox"":40,""qtyBox"":1,""total"":96500}]","3bc48e0f-dda3-41b5-bdc8-67df50462c5a"
"f0f0411f-a288-420e-8d87-76709f11a8b6","LINAWATI SMU MUH 2","K1197","Order dari kunjungan:","2025-10-29T04:56:24.000Z","567200","[{""productId"":""02942549-9659-4352-804b-5a5665a1302a"",""nama"":""CHOCO MALT"",""hargaPerBox"":80000,""isiPerBox"":50,""qtyBox"":1,""total"":80000},{""productId"":""adf3703f-33c4-4b26-b6eb-7e5731dbdb67"",""nama"":""MIKI-MIKI"",""hargaPerBox"":93500,""isiPerBox"":60,""qtyBox"":1,""total"":93500},{""productId"":""97c8c35f-40d8-49fe-8e66-d051ebafe3fb"",""nama"":""MIKI-MIKI DOUBLE CHOCO"",""hargaPerBox"":93500,""isiPerBox"":60,""qtyBox"":1,""total"":93500},{""productId"":""57b1bf22-e334-4079-8a45-8ee4d997fd29"",""nama"":""MOCHI BANANA"",""hargaPerBox"":92500,""isiPerBox"":40,""qtyBox"":1,""total"":92500},{""productId"":""ce412f53-cbe1-4f99-a97f-994f9d4639fb"",""nama"":""MOCHI VANILLA"",""hargaPerBox"":92500,""isiPerBox"":40,""qtyBox"":1,""total"":92500},{""productId"":""39defa48-f6f5-4088-8127-a832bf021ac8"",""nama"":""VANILLA BERRY CONE"",""hargaPerBox"":115200,""isiPerBox"":48,""qtyBox"":1,""total"":115200}]","0bb2cbd5-3961-4bec-a838-73f318ac1445"
"0baeec56-611a-42f1-a19c-64e3e6ca6120","ENDANG RISTIYOWATI","K0532","","2025-10-23T17:00:00.000Z","989300","[{""productId"":""19153282-2d60-4826-932a-c7c9a0a958b7"",""nama"":""COFFE CRISPY"",""hargaPerBox"":110000,""isiPerBox"":40,""qtyBox"":1,""total"":110000},{""productId"":""23736cae-26f2-4bb6-bfa5-1e9819418946"",""nama"":""FRUITY ROLL"",""hargaPerBox"":124800,""isiPerBox"":40,""qtyBox"":1,""total"":124800},{""productId"":""267ea0f8-db2a-4831-8eeb-35cbaae04604"",""nama"":""MANGO SLUSH"",""hargaPerBox"":90500,""isiPerBox"":30,""qtyBox"":1,""total"":90500},{""productId"":""adf3703f-33c4-4b26-b6eb-7e5731dbdb67"",""nama"":""MIKI-MIKI"",""hargaPerBox"":93500,""isiPerBox"":60,""qtyBox"":1,""total"":93500},{""productId"":""ce412f53-cbe1-4f99-a97f-994f9d4639fb"",""nama"":""MOCHI VANILLA"",""hargaPerBox"":92500,""isiPerBox"":40,""qtyBox"":1,""total"":92500},{""productId"":""9aeec589-46a9-469d-80da-7d4b3b1a741b"",""nama"":""NANAS"",""hargaPerBox"":77500,""isiPerBox"":50,""qtyBox"":1,""total"":77500},{""productId"":""cd48792b-8ef3-4cba-be2d-3283481e7c59"",""nama"":""STRAWBERRY CONE"",""hargaPerBox"":97500,""isiPerBox"":24,""qtyBox"":1,""total"":97500},{""productId"":""b54e5a8a-a7b0-4f58-854e-151b9ac7b147"",""nama"":""STRAWBERRY CRISPY"",""hargaPerBox"":110000,""isiPerBox"":40,""qtyBox"":1,""total"":110000},{""productId"":""55cb8d5e-5852-4e6c-ae02-1a6a02f7ea29"",""nama"":""SUNDAE CHOCOLATE"",""hargaPerBox"":97000,""isiPerBox"":24,""qtyBox"":1,""total"":97000},{""productId"":""1441bc6d-2850-4d09-92ef-032b2b3ad3c0"",""nama"":""SWEET CORN"",""hargaPerBox"":96000,""isiPerBox"":40,""qtyBox"":1,""total"":96000}]","903fa8fd-2769-4abb-b222-5a16bf4ea0b0"
"075fb1be-a864-4c5d-a4c3-79a3d0d9dc17","SUMUK CELL","K0504","","2025-10-23T17:00:00.000Z","674000","[{""productId"":""091c691a-b5a5-41d4-9a77-d70b2fb32811"",""nama"":""CHOCOMELT CONE"",""hargaPerBox"":97500,""isiPerBox"":24,""qtyBox"":1,""total"":97500},{""productId"":""4b126c6b-3c14-49dd-9ff4-f3dec8bc3662"",""nama"":""CRISPY BALLS COOKIS"",""hargaPerBox"":118500,""isiPerBox"":40,""qtyBox"":1,""total"":118500},{""productId"":""97c8c35f-40d8-49fe-8e66-d051ebafe3fb"",""nama"":""MIKI-MIKI DOUBLE CHOCO"",""hargaPerBox"":93500,""isiPerBox"":60,""qtyBox"":1,""total"":93500},{""productId"":""ce412f53-cbe1-4f99-a97f-994f9d4639fb"",""nama"":""MOCHI VANILLA"",""hargaPerBox"":92500,""isiPerBox"":40,""qtyBox"":1,""total"":92500},{""productId"":""f9135088-2cf1-45ae-94b7-2dd4d6c54632"",""nama"":""SEMANGKA"",""hargaPerBox"":77500,""isiPerBox"":50,""qtyBox"":1,""total"":77500},{""productId"":""cd48792b-8ef3-4cba-be2d-3283481e7c59"",""nama"":""STRAWBERRY CONE"",""hargaPerBox"":97500,""isiPerBox"":24,""qtyBox"":1,""total"":97500},{""productId"":""55cb8d5e-5852-4e6c-ae02-1a6a02f7ea29"",""nama"":""SUNDAE CHOCOLATE"",""hargaPerBox"":97000,""isiPerBox"":24,""qtyBox"":1,""total"":97000}]","30c08d12-14fb-44c0-b04b-c6445cf87094"
"a93d19f4-87ce-4bab-bf80-90060d03f4fb","TOKO BINTANI MART","K1409","","2025-11-16T07:16:30.258Z","508300","[{""productId"":""23736cae-26f2-4bb6-bfa5-1e9819418946"",""nama"":""FRUITY ROLL"",""hargaPerBox"":124800,""isiPerBox"":40,""qtyBox"":1,""total"":124800},{""productId"":""97c8c35f-40d8-49fe-8e66-d051ebafe3fb"",""nama"":""MIKI-MIKI DOUBLE CHOCO"",""hargaPerBox"":93500,""isiPerBox"":60,""qtyBox"":1,""total"":93500},{""productId"":""55cb8d5e-5852-4e6c-ae02-1a6a02f7ea29"",""nama"":""SUNDAE CHOCOLATE"",""hargaPerBox"":97000,""isiPerBox"":24,""qtyBox"":1,""total"":97000},{""productId"":""e24cbe96-3587-437f-9a4a-36041590c16a"",""nama"":""SUNDAE STRAWBERRY"",""hargaPerBox"":97000,""isiPerBox"":24,""qtyBox"":1,""total"":97000},{""productId"":""1441bc6d-2850-4d09-92ef-032b2b3ad3c0"",""nama"":""SWEET CORN"",""hargaPerBox"":96000,""isiPerBox"":40,""qtyBox"":1,""total"":96000}]","3a6a292c-702e-4118-a78b-7df6417461bc"
"e1c8d2c7-8b0d-4895-b0f1-a995d145c4ab","ILMA JAYA","K1118","Order dari kunjungan: ","2025-10-21T04:22:57.447Z","669000","[{""productId"":""978f2fba-a58a-4ead-b548-8fb64417b093"",""nama"":""CHOCOLATE STICK"",""hargaPerBox"":97000,""isiPerBox"":50,""qtyBox"":1,""total"":97000},{""productId"":""091c691a-b5a5-41d4-9a77-d70b2fb32811"",""nama"":""CHOCOMELT CONE"",""hargaPerBox"":97500,""isiPerBox"":24,""qtyBox"":1,""total"":97500},{""productId"":""267ea0f8-db2a-4831-8eeb-35cbaae04604"",""nama"":""MANGO SLUSH"",""hargaPerBox"":90500,""isiPerBox"":30,""qtyBox"":1,""total"":90500},{""productId"":""8b377101-fe06-48f8-84f8-62c3ff2d94f4"",""nama"":""MILK MELON"",""hargaPerBox"":95000,""isiPerBox"":40,""qtyBox"":1,""total"":95000},{""productId"":""e24cbe96-3587-437f-9a4a-36041590c16a"",""nama"":""SUNDAE STRAWBERRY"",""hargaPerBox"":97000,""isiPerBox"":24,""qtyBox"":1,""total"":97000},{""productId"":""1441bc6d-2850-4d09-92ef-032b2b3ad3c0"",""nama"":""SWEET CORN"",""hargaPerBox"":96000,""isiPerBox"":40,""qtyBox"":2,""total"":192000}]","3b23a7f8-309b-4a4f-8d51-7bc19792c472"
"c8f0dfb8-569f-44bd-b436-2003dbf7caf0","TOKO SOCHIBATUL MUNAWAROH","K1528","","2025-10-08T07:23:07.083Z","570000","[{""productId"":""813ea956-40e3-4408-bee3-acdb66980318"",""nama"":""FRUIZY BLUEBERRY YOGURT"",""hargaPerBox"":96000,""isiPerBox"":40,""qtyBox"":1,""total"":96000},{""productId"":""adf3703f-33c4-4b26-b6eb-7e5731dbdb67"",""nama"":""MIKI-MIKI"",""hargaPerBox"":93500,""isiPerBox"":60,""qtyBox"":1,""total"":93500},{""productId"":""f9135088-2cf1-45ae-94b7-2dd4d6c54632"",""nama"":""SEMANGKA"",""hargaPerBox"":77500,""isiPerBox"":50,""qtyBox"":1,""total"":77500},{""productId"":""b54e5a8a-a7b0-4f58-854e-151b9ac7b147"",""nama"":""STRAWBERRY CRISPY"",""hargaPerBox"":110000,""isiPerBox"":40,""qtyBox"":1,""total"":110000},{""productId"":""55cb8d5e-5852-4e6c-ae02-1a6a02f7ea29"",""nama"":""SUNDAE CHOCOLATE"",""hargaPerBox"":97000,""isiPerBox"":24,""qtyBox"":1,""total"":97000},{""productId"":""1441bc6d-2850-4d09-92ef-032b2b3ad3c0"",""nama"":""SWEET CORN"",""hargaPerBox"":96000,""isiPerBox"":40,""qtyBox"":1,""total"":96000}]","51f35c75-f0ff-443e-9b67-e2c23f6bb9d2"
"05577f8c-d28b-489a-97c9-ed86f7ff8658","SD IT AL HUSNA 2","K1759","","2025-10-17T03:12:52.677Z","666000","[{""productId"":""4b126c6b-3c14-49dd-9ff4-f3dec8bc3662"",""nama"":""CRISPY BALLS COOKIS"",""hargaPerBox"":118500,""isiPerBox"":40,""qtyBox"":1,""total"":118500},{""productId"":""267ea0f8-db2a-4831-8eeb-35cbaae04604"",""nama"":""MANGO SLUSH"",""hargaPerBox"":90500,""isiPerBox"":30,""qtyBox"":1,""total"":90500},{""productId"":""adf3703f-33c4-4b26-b6eb-7e5731dbdb67"",""nama"":""MIKI-MIKI"",""hargaPerBox"":93500,""isiPerBox"":60,""qtyBox"":1,""total"":93500},{""productId"":""97c8c35f-40d8-49fe-8e66-d051ebafe3fb"",""nama"":""MIKI-MIKI DOUBLE CHOCO"",""hargaPerBox"":93500,""isiPerBox"":60,""qtyBox"":1,""total"":93500},{""productId"":""f9135088-2cf1-45ae-94b7-2dd4d6c54632"",""nama"":""SEMANGKA"",""hargaPerBox"":77500,""isiPerBox"":50,""qtyBox"":1,""total"":77500},{""productId"":""1441bc6d-2850-4d09-92ef-032b2b3ad3c0"",""nama"":""SWEET CORN"",""hargaPerBox"":96000,""isiPerBox"":40,""qtyBox"":1,""total"":96000},{""productId"":""49e0231e-af99-4110-9592-072d18ec59a0"",""nama"":""TARO CRISPY"",""hargaPerBox"":96500,""isiPerBox"":40,""qtyBox"":1,""total"":96500}]","cf7a2496-3474-41f2-a989-c8a55478d3b8"
"447595c6-2025-4419-a012-8d94be89e4bc","TOSERBA JIWA MART","K2008","Order dari kunjungan: ","2025-11-12T08:43:32.000Z","890000","[{""productId"":""cd50fc88-32b3-41d6-893e-7253faa8da9b"",""nama"":""3 IN 1"",""hargaPerBox"":192000,""isiPerBox"":27,""qtyBox"":1,""total"":192000},{""productId"":""02942549-9659-4352-804b-5a5665a1302a"",""nama"":""CHOCO MALT"",""hargaPerBox"":80000,""isiPerBox"":50,""qtyBox"":1,""total"":80000},{""productId"":""97bfb86b-50f3-4725-8ebc-a930107e1f3f"",""nama"":""CHOCOLATE CRISPY"",""hargaPerBox"":117000,""isiPerBox"":30,""qtyBox"":1,""total"":117000},{""productId"":""4b126c6b-3c14-49dd-9ff4-f3dec8bc3662"",""nama"":""CRISPY BALLS COOKIS"",""hargaPerBox"":118500,""isiPerBox"":30,""qtyBox"":1,""total"":118500},{""productId"":""ce412f53-cbe1-4f99-a97f-994f9d4639fb"",""nama"":""MOCHI VANILLA"",""hargaPerBox"":92500,""isiPerBox"":40,""qtyBox"":1,""total"":92500},{""productId"":""55cb8d5e-5852-4e6c-ae02-1a6a02f7ea29"",""nama"":""SUNDAE CHOCOLATE"",""hargaPerBox"":97000,""isiPerBox"":24,""qtyBox"":1,""total"":97000},{""productId"":""e24cbe96-3587-437f-9a4a-36041590c16a"",""nama"":""SUNDAE STRAWBERRY"",""hargaPerBox"":97000,""isiPerBox"":24,""qtyBox"":1,""total"":97000},{""productId"":""1441bc6d-2850-4d09-92ef-032b2b3ad3c0"",""nama"":""SWEET CORN"",""hargaPerBox"":96000,""isiPerBox"":40,""qtyBox"":1,""total"":96000}]","f29accfd-2bf0-4a3c-be5b-b6455bf81743"
"c90bb0bc-7d18-4531-bf39-eee5fb08812e","SD IT AL ANWAR","K1658","","2025-10-23T17:00:00.000Z","469000","[{""productId"":""02942549-9659-4352-804b-5a5665a1302a"",""nama"":""CHOCO MALT"",""hargaPerBox"":80000,""isiPerBox"":50,""qtyBox"":1,""total"":80000},{""productId"":""4b126c6b-3c14-49dd-9ff4-f3dec8bc3662"",""nama"":""CRISPY BALLS COOKIS"",""hargaPerBox"":118500,""isiPerBox"":40,""qtyBox"":1,""total"":118500},{""productId"":""0e3a07fb-d3a0-48fc-8209-d3d3649b292f"",""nama"":""JERUK"",""hargaPerBox"":78000,""isiPerBox"":50,""qtyBox"":1,""total"":78000},{""productId"":""1441bc6d-2850-4d09-92ef-032b2b3ad3c0"",""nama"":""SWEET CORN"",""hargaPerBox"":96000,""isiPerBox"":40,""qtyBox"":1,""total"":96000},{""productId"":""49e0231e-af99-4110-9592-072d18ec59a0"",""nama"":""TARO CRISPY"",""hargaPerBox"":96500,""isiPerBox"":40,""qtyBox"":1,""total"":96500}]","87001eb8-0731-422c-9050-391353bbea4b"
"6741fcee-d6a3-41c0-bd06-d23b4b20f021","BU ISTIANAH ( MTS URWATIL WATSQO )","K2066","","2025-10-13T01:08:42.243Z","312500","[{""productId"":""091c691a-b5a5-41d4-9a77-d70b2fb32811"",""nama"":""CHOCOMELT CONE"",""hargaPerBox"":97500,""isiPerBox"":24,""qtyBox"":1,""total"":97500},{""productId"":""4b126c6b-3c14-49dd-9ff4-f3dec8bc3662"",""nama"":""CRISPY BALLS COOKIS"",""hargaPerBox"":118500,""isiPerBox"":40,""qtyBox"":1,""total"":118500},{""productId"":""49e0231e-af99-4110-9592-072d18ec59a0"",""nama"":""TARO CRISPY"",""hargaPerBox"":96500,""isiPerBox"":40,""qtyBox"":1,""total"":96500}]","00701a36-b798-4035-9e88-285be4573578"
"c90bb0bc-7d18-4531-bf39-eee5fb08812e","SD IT AL ANWAR","K1658","","2025-11-04T01:05:04.881Z","469000","[{""productId"":""02942549-9659-4352-804b-5a5665a1302a"",""nama"":""CHOCO MALT"",""hargaPerBox"":80000,""isiPerBox"":50,""qtyBox"":1,""total"":80000},{""productId"":""4b126c6b-3c14-49dd-9ff4-f3dec8bc3662"",""nama"":""CRISPY BALLS COOKIS"",""hargaPerBox"":118500,""isiPerBox"":40,""qtyBox"":1,""total"":118500},{""productId"":""0e3a07fb-d3a0-48fc-8209-d3d3649b292f"",""nama"":""JERUK"",""hargaPerBox"":78000,""isiPerBox"":50,""qtyBox"":1,""total"":78000},{""productId"":""1441bc6d-2850-4d09-92ef-032b2b3ad3c0"",""nama"":""SWEET CORN"",""hargaPerBox"":96000,""isiPerBox"":40,""qtyBox"":1,""total"":96000},{""productId"":""49e0231e-af99-4110-9592-072d18ec59a0"",""nama"":""TARO CRISPY"",""hargaPerBox"":96500,""isiPerBox"":40,""qtyBox"":1,""total"":96500}]","61533e33-1b54-4abe-a3c5-640f9cbaaa91"
"e2c738ed-833e-467a-be25-e3a8ce9caf9c","YANI 2","K1018","Order dari kunjungan: ","2025-10-16T07:20:18.290Z","596500","[{""productId"":""97bfb86b-50f3-4725-8ebc-a930107e1f3f"",""nama"":""CHOCOLATE CRISPY"",""hargaPerBox"":117000,""isiPerBox"":30,""qtyBox"":1,""total"":117000},{""productId"":""091c691a-b5a5-41d4-9a77-d70b2fb32811"",""nama"":""CHOCOMELT CONE"",""hargaPerBox"":97500,""isiPerBox"":24,""qtyBox"":1,""total"":97500},{""productId"":""0e3a07fb-d3a0-48fc-8209-d3d3649b292f"",""nama"":""JERUK"",""hargaPerBox"":78000,""isiPerBox"":50,""qtyBox"":1,""total"":78000},{""productId"":""b54e5a8a-a7b0-4f58-854e-151b9ac7b147"",""nama"":""STRAWBERRY CRISPY"",""hargaPerBox"":110000,""isiPerBox"":40,""qtyBox"":1,""total"":110000},{""productId"":""55cb8d5e-5852-4e6c-ae02-1a6a02f7ea29"",""nama"":""SUNDAE CHOCOLATE"",""hargaPerBox"":97000,""isiPerBox"":24,""qtyBox"":1,""total"":97000},{""productId"":""e24cbe96-3587-437f-9a4a-36041590c16a"",""nama"":""SUNDAE STRAWBERRY"",""hargaPerBox"":97000,""isiPerBox"":24,""qtyBox"":1,""total"":97000}]","d561b13e-02d2-4dc3-a7b5-5c3975f5c7c4"
"a93d19f4-87ce-4bab-bf80-90060d03f4fb","TOKO BINTANI MART","K1409","","2025-11-09T08:42:28.000Z","550500","[{""productId"":""0e3a07fb-d3a0-48fc-8209-d3d3649b292f"",""nama"":""JERUK"",""hargaPerBox"":78000,""isiPerBox"":50,""qtyBox"":1,""total"":78000},{""productId"":""adf3703f-33c4-4b26-b6eb-7e5731dbdb67"",""nama"":""MIKI-MIKI"",""hargaPerBox"":93500,""isiPerBox"":60,""qtyBox"":1,""total"":93500},{""productId"":""97c8c35f-40d8-49fe-8e66-d051ebafe3fb"",""nama"":""MIKI-MIKI DOUBLE CHOCO"",""hargaPerBox"":93500,""isiPerBox"":60,""qtyBox"":1,""total"":93500},{""productId"":""ce412f53-cbe1-4f99-a97f-994f9d4639fb"",""nama"":""MOCHI VANILLA"",""hargaPerBox"":92500,""isiPerBox"":40,""qtyBox"":1,""total"":92500},{""productId"":""e24cbe96-3587-437f-9a4a-36041590c16a"",""nama"":""SUNDAE STRAWBERRY"",""hargaPerBox"":97000,""isiPerBox"":24,""qtyBox"":1,""total"":97000},{""productId"":""1441bc6d-2850-4d09-92ef-032b2b3ad3c0"",""nama"":""SWEET CORN"",""hargaPerBox"":96000,""isiPerBox"":40,""qtyBox"":1,""total"":96000}]","dfe21baa-7d5a-4de5-9b8f-b316273872d6"
"83528420-dead-43fa-9297-c45b89e82dd9","DEWI","K0502","Order dari kunjungan: ","2025-10-10T04:19:53.565Z","1739500","[{""productId"":""ff94f02b-8423-412b-84a7-90a4cdf95acd"",""nama"":""2 COLOR"",""hargaPerBox"":92000,""isiPerBox"":40,""qtyBox"":1,""total"":92000},{""productId"":""02942549-9659-4352-804b-5a5665a1302a"",""nama"":""CHOCO MALT"",""hargaPerBox"":80000,""isiPerBox"":50,""qtyBox"":1,""total"":80000},{""productId"":""97bfb86b-50f3-4725-8ebc-a930107e1f3f"",""nama"":""CHOCOLATE CRISPY"",""hargaPerBox"":117000,""isiPerBox"":30,""qtyBox"":1,""total"":117000},{""productId"":""091c691a-b5a5-41d4-9a77-d70b2fb32811"",""nama"":""CHOCOMELT CONE"",""hargaPerBox"":97500,""isiPerBox"":24,""qtyBox"":1,""total"":97500},{""productId"":""19153282-2d60-4826-932a-c7c9a0a958b7"",""nama"":""COFFE CRISPY"",""hargaPerBox"":110000,""isiPerBox"":40,""qtyBox"":1,""total"":110000},{""productId"":""4b126c6b-3c14-49dd-9ff4-f3dec8bc3662"",""nama"":""CRISPY BALLS COOKIS"",""hargaPerBox"":118500,""isiPerBox"":40,""qtyBox"":1,""total"":118500},{""productId"":""813ea956-40e3-4408-bee3-acdb66980318"",""nama"":""FRUIZY BLUEBERRY YOGURT"",""hargaPerBox"":96000,""isiPerBox"":40,""qtyBox"":1,""total"":96000},{""productId"":""adf3703f-33c4-4b26-b6eb-7e5731dbdb67"",""nama"":""MIKI-MIKI"",""hargaPerBox"":93500,""isiPerBox"":60,""qtyBox"":1,""total"":93500},{""productId"":""97c8c35f-40d8-49fe-8e66-d051ebafe3fb"",""nama"":""MIKI-MIKI DOUBLE CHOCO"",""hargaPerBox"":93500,""isiPerBox"":60,""qtyBox"":1,""total"":93500},{""productId"":""ce412f53-cbe1-4f99-a97f-994f9d4639fb"",""nama"":""MOCHI VANILLA"",""hargaPerBox"":92500,""isiPerBox"":40,""qtyBox"":1,""total"":92500},{""productId"":""9aeec589-46a9-469d-80da-7d4b3b1a741b"",""nama"":""NANAS"",""hargaPerBox"":77500,""isiPerBox"":50,""qtyBox"":1,""total"":77500},{""productId"":""f9135088-2cf1-45ae-94b7-2dd4d6c54632"",""nama"":""SEMANGKA"",""hargaPerBox"":77500,""isiPerBox"":50,""qtyBox"":1,""total"":77500},{""productId"":""cd48792b-8ef3-4cba-be2d-3283481e7c59"",""nama"":""STRAWBERRY CONE"",""hargaPerBox"":97500,""isiPerBox"":24,""qtyBox"":1,""total"":97500},{""productId"":""b54e5a8a-a7b0-4f58-854e-151b9ac7b147"",""nama"":""STRAWBERRY CRISPY"",""hargaPerBox"":110000,""isiPerBox"":40,""qtyBox"":1,""total"":110000},{""productId"":""55cb8d5e-5852-4e6c-ae02-1a6a02f7ea29"",""nama"":""SUNDAE CHOCOLATE"",""hargaPerBox"":97000,""isiPerBox"":24,""qtyBox"":1,""total"":97000},{""productId"":""e24cbe96-3587-437f-9a4a-36041590c16a"",""nama"":""SUNDAE STRAWBERRY"",""hargaPerBox"":97000,""isiPerBox"":24,""qtyBox"":1,""total"":97000},{""productId"":""1441bc6d-2850-4d09-92ef-032b2b3ad3c0"",""nama"":""SWEET CORN"",""hargaPerBox"":96000,""isiPerBox"":40,""qtyBox"":1,""total"":96000},{""productId"":""49e0231e-af99-4110-9592-072d18ec59a0"",""nama"":""TARO CRISPY"",""hargaPerBox"":96500,""isiPerBox"":40,""qtyBox"":1,""total"":96500}]","f910d361-bc16-4e57-9430-1da98a40b9e9"
"e9cf0e15-59df-4e0d-9bb7-864ab214b693","TOKO INDANAH","K1513","Order dari kunjungan: Event kardus : Free chocomalt 2 Box","2025-10-15T08:01:30.070Z","320800","[{""productId"":""4b126c6b-3c14-49dd-9ff4-f3dec8bc3662"",""nama"":""CRISPY BALLS COOKIS"",""hargaPerBox"":118500,""isiPerBox"":40,""qtyBox"":1,""total"":118500},{""productId"":""23736cae-26f2-4bb6-bfa5-1e9819418946"",""nama"":""FRUITY ROLL"",""hargaPerBox"":124800,""isiPerBox"":40,""qtyBox"":1,""total"":124800},{""productId"":""f9135088-2cf1-45ae-94b7-2dd4d6c54632"",""nama"":""SEMANGKA"",""hargaPerBox"":77500,""isiPerBox"":50,""qtyBox"":1,""total"":77500}]","87abf5e9-8bbc-429b-aa1b-24f57e58c22c"
"9a4ca1b7-f882-40dc-b5e2-b6a2a3aa1bb5","TOKO ANUGERAH","K1969","Order dari kunjungan:","2025-10-26T17:00:00.000Z","694200","[{""productId"":""02942549-9659-4352-804b-5a5665a1302a"",""nama"":""CHOCO MALT"",""hargaPerBox"":80000,""isiPerBox"":50,""qtyBox"":1,""total"":80000},{""productId"":""091c691a-b5a5-41d4-9a77-d70b2fb32811"",""nama"":""CHOCOMELT CONE"",""hargaPerBox"":97500,""isiPerBox"":24,""qtyBox"":1,""total"":97500},{""productId"":""421a7ad7-a36a-4882-b7fc-18004318e776"",""nama"":""CRISPY BALLS ORIGINAL"",""hargaPerBox"":118500,""isiPerBox"":30,""qtyBox"":1,""total"":118500},{""productId"":""267ea0f8-db2a-4831-8eeb-35cbaae04604"",""nama"":""MANGO SLUSH"",""hargaPerBox"":90500,""isiPerBox"":30,""qtyBox"":1,""total"":90500},{""productId"":""1441bc6d-2850-4d09-92ef-032b2b3ad3c0"",""nama"":""SWEET CORN"",""hargaPerBox"":96000,""isiPerBox"":40,""qtyBox"":1,""total"":96000},{""productId"":""49e0231e-af99-4110-9592-072d18ec59a0"",""nama"":""TARO CRISPY"",""hargaPerBox"":96500,""isiPerBox"":40,""qtyBox"":1,""total"":96500},{""productId"":""39defa48-f6f5-4088-8127-a832bf021ac8"",""nama"":""VANILLA BERRY CONE"",""hargaPerBox"":115200,""isiPerBox"":48,""qtyBox"":1,""total"":115200}]","7bcc2e9d-1e18-4d08-93f5-688328e26853"